index,temp_key,humidity_key,windspeed_key,season_key,weather_key,hour_key,datekey,demand,data_extract_ts
1,1,1,1,1,1,0,20230101,16,2025-11-16 08:20:51
2,2,2,1,1,1,1,20230101,40,2025-11-16 08:20:51
3,2,2,1,1,1,2,20230101,32,2025-11-16 08:20:51
4,1,3,1,1,1,3,20230101,13,2025-11-16 08:20:51
5,1,3,1,1,1,4,20230101,1,2025-11-16 08:20:51
6,1,3,2,1,2,5,20230101,1,2025-11-16 08:20:51
7,2,2,1,1,1,6,20230101,2,2025-11-16 08:20:51
8,3,4,1,1,1,7,20230101,3,2025-11-16 08:20:51
9,1,3,1,1,1,8,20230101,8,2025-11-16 08:20:51
10,4,5,1,1,1,9,20230101,14,2025-11-16 08:20:51
11,5,5,3,1,1,10,20230101,36,2025-11-16 08:20:51
12,6,1,4,1,1,11,20230101,56,2025-11-16 08:20:51
13,7,6,4,1,1,12,20230101,84,2025-11-16 08:20:51
14,8,7,5,1,2,13,20230101,94,2025-11-16 08:20:51
15,8,7,4,1,2,14,20230101,106,2025-11-16 08:20:51
16,9,6,5,1,2,15,20230101,110,2025-11-16 08:20:51
17,7,8,5,1,2,16,20230101,93,2025-11-16 08:20:51
18,9,8,4,1,2,17,20230101,67,2025-11-16 08:20:51
19,7,9,3,1,3,18,20230101,35,2025-11-16 08:20:51
20,7,9,3,1,3,19,20230101,37,2025-11-16 08:20:51
21,10,10,3,1,2,20,20230101,36,2025-11-16 08:20:51
22,10,10,6,1,2,21,20230101,34,2025-11-16 08:20:51
23,10,11,7,1,2,22,20230101,28,2025-11-16 08:20:51
24,8,9,5,1,2,23,20230101,39,2025-11-16 08:20:51
25,8,9,5,1,2,0,20230102,17,2025-11-16 08:20:51
26,9,11,3,1,2,1,20230102,17,2025-11-16 08:20:51
27,7,12,4,1,2,2,20230102,9,2025-11-16 08:20:51
28,8,11,6,1,2,3,20230102,6,2025-11-16 08:20:51
29,8,11,6,1,2,4,20230102,3,2025-11-16 08:20:51
30,7,6,5,1,3,6,20230102,2,2025-11-16 08:20:51
31,10,5,6,1,2,7,20230102,1,2025-11-16 08:20:51
32,10,13,7,1,3,8,20230102,8,2025-11-16 08:20:51
33,5,5,7,1,2,9,20230102,20,2025-11-16 08:20:51
34,6,1,7,1,2,10,20230102,53,2025-11-16 08:20:51
35,6,13,3,1,2,11,20230102,70,2025-11-16 08:20:51
36,6,14,5,1,2,12,20230102,93,2025-11-16 08:20:51
37,6,14,8,1,2,13,20230102,75,2025-11-16 08:20:51
38,6,5,6,1,3,14,20230102,59,2025-11-16 08:20:51
39,11,1,9,1,3,15,20230102,74,2025-11-16 08:20:51
40,11,13,9,1,3,16,20230102,76,2025-11-16 08:20:51
41,11,15,6,1,1,17,20230102,65,2025-11-16 08:20:51
42,6,16,10,1,2,18,20230102,53,2025-11-16 08:20:51
43,4,17,11,1,1,19,20230102,30,2025-11-16 08:20:51
44,12,18,12,1,1,20,20230102,22,2025-11-16 08:20:51
45,13,19,10,1,1,21,20230102,31,2025-11-16 08:20:51
46,1,19,5,1,1,22,20230102,9,2025-11-16 08:20:51
47,2,20,9,1,1,23,20230102,8,2025-11-16 08:20:51
48,2,19,12,1,1,0,20230103,5,2025-11-16 08:20:51
49,3,19,13,1,1,1,20230103,2,2025-11-16 08:20:51
50,14,20,14,1,1,4,20230103,1,2025-11-16 08:20:51
51,14,20,4,1,1,5,20230103,3,2025-11-16 08:20:51
52,15,21,14,1,1,6,20230103,30,2025-11-16 08:20:51
53,15,21,6,1,1,7,20230103,64,2025-11-16 08:20:51
54,15,21,4,1,1,8,20230103,154,2025-11-16 08:20:51
55,14,22,14,1,1,9,20230103,88,2025-11-16 08:20:51
56,16,22,3,1,1,10,20230103,44,2025-11-16 08:20:51
57,3,23,10,1,1,11,20230103,51,2025-11-16 08:20:51
58,2,24,5,1,1,12,20230103,61,2025-11-16 08:20:51
59,1,24,4,1,1,13,20230103,61,2025-11-16 08:20:51
60,13,25,4,1,1,14,20230103,77,2025-11-16 08:20:51
61,13,25,3,1,1,15,20230103,72,2025-11-16 08:20:51
62,13,25,3,1,1,16,20230103,76,2025-11-16 08:20:51
63,1,25,7,1,1,17,20230103,157,2025-11-16 08:20:51
64,1,26,15,1,1,18,20230103,157,2025-11-16 08:20:51
65,3,20,1,1,1,19,20230103,110,2025-11-16 08:20:51
66,3,20,15,1,1,20,20230103,52,2025-11-16 08:20:51
67,16,27,8,1,1,21,20230103,52,2025-11-16 08:20:51
68,15,28,8,1,1,22,20230103,20,2025-11-16 08:20:51
69,16,29,15,1,1,23,20230103,12,2025-11-16 08:20:51
70,14,29,15,1,1,0,20230104,5,2025-11-16 08:20:51
71,14,30,15,1,1,1,20230104,2,2025-11-16 08:20:51
72,15,31,8,1,1,2,20230104,1,2025-11-16 08:20:51
73,15,31,2,1,1,4,20230104,2,2025-11-16 08:20:51
74,17,32,15,1,1,5,20230104,4,2025-11-16 08:20:51
75,17,33,15,1,1,6,20230104,36,2025-11-16 08:20:51
76,17,33,8,1,1,7,20230104,94,2025-11-16 08:20:51
77,15,28,9,1,1,8,20230104,179,2025-11-16 08:20:51
78,14,27,7,1,1,9,20230104,100,2025-11-16 08:20:51
79,14,28,10,1,2,10,20230104,42,2025-11-16 08:20:51
80,2,34,5,1,1,11,20230104,57,2025-11-16 08:20:51
81,2,34,9,1,1,12,20230104,78,2025-11-16 08:20:51
82,1,35,6,1,1,13,20230104,97,2025-11-16 08:20:51
83,13,36,7,1,1,14,20230104,63,2025-11-16 08:20:51
84,18,36,3,1,1,15,20230104,65,2025-11-16 08:20:51
85,12,37,3,1,1,16,20230104,83,2025-11-16 08:20:51
86,18,38,7,1,1,17,20230104,212,2025-11-16 08:20:51
87,13,38,6,1,1,18,20230104,182,2025-11-16 08:20:51
88,1,38,15,1,1,19,20230104,112,2025-11-16 08:20:51
89,1,38,15,1,1,20,20230104,54,2025-11-16 08:20:51
90,2,27,1,1,1,21,20230104,48,2025-11-16 08:20:51
91,2,27,2,1,1,22,20230104,35,2025-11-16 08:20:51
92,3,28,2,1,1,23,20230104,11,2025-11-16 08:20:51
93,3,27,1,1,1,0,20230105,6,2025-11-16 08:20:51
94,14,33,2,1,1,1,20230105,6,2025-11-16 08:20:51
95,14,33,2,1,1,2,20230105,2,2025-11-16 08:20:51
96,1,38,7,1,1,4,20230105,2,2025-11-16 08:20:51
97,2,20,9,1,1,5,20230105,3,2025-11-16 08:20:51
98,3,20,7,1,1,6,20230105,33,2025-11-16 08:20:51
99,16,22,6,1,1,7,20230105,88,2025-11-16 08:20:51
100,3,23,5,1,1,8,20230105,195,2025-11-16 08:20:51
101,2,39,10,1,1,9,20230105,115,2025-11-16 08:20:51
102,2,39,10,1,1,10,20230105,57,2025-11-16 08:20:51
103,13,40,10,1,1,11,20230105,46,2025-11-16 08:20:51
104,13,40,10,1,1,12,20230105,79,2025-11-16 08:20:51
105,18,25,5,1,1,13,20230105,71,2025-11-16 08:20:51
106,12,41,6,1,1,14,20230105,62,2025-11-16 08:20:51
107,12,41,6,1,1,15,20230105,62,2025-11-16 08:20:51
108,12,41,2,1,1,16,20230105,89,2025-11-16 08:20:51
109,1,42,6,1,1,17,20230105,190,2025-11-16 08:20:51
110,1,42,8,1,1,18,20230105,169,2025-11-16 08:20:51
111,1,42,15,1,1,19,20230105,132,2025-11-16 08:20:51
112,2,20,9,1,1,20,20230105,89,2025-11-16 08:20:51
113,3,34,6,1,1,21,20230105,43,2025-11-16 08:20:51
114,16,29,8,1,1,22,20230105,42,2025-11-16 08:20:51
115,3,20,1,1,1,23,20230105,19,2025-11-16 08:20:51
116,16,29,1,1,1,0,20230106,11,2025-11-16 08:20:51
117,14,27,1,1,1,1,20230106,4,2025-11-16 08:20:51
118,14,27,1,1,1,2,20230106,2,2025-11-16 08:20:51
119,14,27,2,1,2,4,20230106,1,2025-11-16 08:20:51
120,15,28,2,1,2,5,20230106,4,2025-11-16 08:20:51
121,15,31,15,1,2,6,20230106,36,2025-11-16 08:20:51
122,14,30,1,1,2,7,20230106,95,2025-11-16 08:20:51
123,14,30,1,1,1,8,20230106,219,2025-11-16 08:20:51
124,16,34,1,1,2,9,20230106,122,2025-11-16 08:20:51
125,3,20,1,1,1,10,20230106,45,2025-11-16 08:20:51
126,2,19,2,1,1,11,20230106,59,2025-11-16 08:20:51
127,13,24,1,1,1,12,20230106,84,2025-11-16 08:20:51
128,13,24,15,1,1,13,20230106,67,2025-11-16 08:20:51
129,18,43,9,1,1,14,20230106,70,2025-11-16 08:20:51
130,18,43,1,1,1,15,20230106,62,2025-11-16 08:20:51
131,13,42,9,1,1,16,20230106,86,2025-11-16 08:20:51
132,2,34,9,1,1,17,20230106,172,2025-11-16 08:20:51
133,2,34,8,1,1,18,20230106,163,2025-11-16 08:20:51
134,2,29,2,1,1,19,20230106,112,2025-11-16 08:20:51
135,3,34,9,1,1,20,20230106,69,2025-11-16 08:20:51
136,2,29,7,1,2,21,20230106,48,2025-11-16 08:20:51
137,2,34,4,1,2,22,20230106,52,2025-11-16 08:20:51
138,3,30,6,1,2,23,20230106,23,2025-11-16 08:20:51
139,3,27,6,1,2,0,20230107,17,2025-11-16 08:20:51
140,3,28,7,1,2,1,20230107,7,2025-11-16 08:20:51
141,3,28,7,1,2,2,20230107,1,2025-11-16 08:20:51
142,3,28,8,1,2,4,20230107,1,2025-11-16 08:20:51
143,2,29,1,1,3,5,20230107,5,2025-11-16 08:20:51
144,3,28,1,1,2,6,20230107,34,2025-11-16 08:20:51
145,3,28,8,1,1,7,20230107,84,2025-11-16 08:20:51
146,3,34,3,1,1,8,20230107,210,2025-11-16 08:20:51
147,3,20,5,1,1,9,20230107,134,2025-11-16 08:20:51
148,2,39,10,1,1,10,20230107,63,2025-11-16 08:20:51
149,3,23,7,1,2,11,20230107,67,2025-11-16 08:20:51
150,3,39,3,1,2,12,20230107,59,2025-11-16 08:20:51
151,3,39,4,1,2,13,20230107,73,2025-11-16 08:20:51
152,3,23,3,1,2,14,20230107,50,2025-11-16 08:20:51
153,3,39,9,1,2,15,20230107,72,2025-11-16 08:20:51
154,3,39,9,1,2,16,20230107,87,2025-11-16 08:20:51
155,3,39,1,1,2,17,20230107,187,2025-11-16 08:20:51
156,3,23,2,1,1,18,20230107,123,2025-11-16 08:20:51
157,14,29,2,1,1,19,20230107,95,2025-11-16 08:20:51
158,16,20,15,1,1,20,20230107,51,2025-11-16 08:20:51
159,16,20,8,1,1,21,20230107,39,2025-11-16 08:20:51
160,16,22,9,1,2,22,20230107,36,2025-11-16 08:20:51
161,16,34,9,1,2,23,20230107,15,2025-11-16 08:20:51
162,16,34,9,1,2,0,20230108,25,2025-11-16 08:20:51
163,16,29,2,1,2,1,20230108,16,2025-11-16 08:20:51
164,16,29,1,1,2,2,20230108,16,2025-11-16 08:20:51
165,16,29,9,1,3,3,20230108,7,2025-11-16 08:20:51
166,16,29,9,1,3,4,20230108,1,2025-11-16 08:20:51
167,14,33,9,1,2,5,20230108,5,2025-11-16 08:20:51
168,14,33,9,1,2,6,20230108,2,2025-11-16 08:20:51
169,14,33,15,1,2,7,20230108,9,2025-11-16 08:20:51
170,14,44,15,1,3,8,20230108,15,2025-11-16 08:20:51
171,14,44,15,1,3,9,20230108,20,2025-11-16 08:20:51
172,16,2,9,1,2,10,20230108,61,2025-11-16 08:20:51
173,3,28,14,1,2,11,20230108,62,2025-11-16 08:20:51
174,3,30,12,1,2,12,20230108,98,2025-11-16 08:20:51
175,3,19,10,1,1,13,20230108,102,2025-11-16 08:20:51
176,3,26,16,1,1,14,20230108,95,2025-11-16 08:20:51
177,3,26,11,1,1,15,20230108,74,2025-11-16 08:20:51
178,16,45,11,1,1,16,20230108,76,2025-11-16 08:20:51
179,14,39,17,1,1,17,20230108,69,2025-11-16 08:20:51
180,15,18,5,1,1,18,20230108,55,2025-11-16 08:20:51
181,15,43,3,1,1,19,20230108,30,2025-11-16 08:20:51
182,17,43,3,1,1,20,20230108,28,2025-11-16 08:20:51
183,17,18,12,1,1,21,20230108,37,2025-11-16 08:20:51
184,17,43,14,1,1,22,20230108,34,2025-11-16 08:20:51
185,19,18,11,1,1,23,20230108,22,2025-11-16 08:20:51
186,19,17,14,1,1,0,20230109,25,2025-11-16 08:20:51
187,19,17,18,1,1,1,20230109,12,2025-11-16 08:20:51
188,19,16,18,1,1,2,20230109,11,2025-11-16 08:20:51
189,19,16,13,1,1,3,20230109,4,2025-11-16 08:20:51
190,20,46,6,1,1,4,20230109,1,2025-11-16 08:20:51
191,20,46,6,1,1,5,20230109,1,2025-11-16 08:20:51
192,19,37,4,1,1,6,20230109,1,2025-11-16 08:20:51
193,20,46,6,1,1,7,20230109,6,2025-11-16 08:20:51
194,19,37,4,1,1,8,20230109,10,2025-11-16 08:20:51
195,17,16,19,1,1,9,20230109,19,2025-11-16 08:20:51
196,15,22,14,1,1,10,20230109,49,2025-11-16 08:20:51
197,14,23,19,1,1,11,20230109,49,2025-11-16 08:20:51
198,16,39,11,1,1,12,20230109,83,2025-11-16 08:20:51
199,3,47,11,1,1,13,20230109,75,2025-11-16 08:20:51
200,2,26,18,1,1,14,20230109,72,2025-11-16 08:20:51
201,2,24,12,1,1,15,20230109,82,2025-11-16 08:20:51
202,3,47,11,1,1,16,20230109,92,2025-11-16 08:20:51
203,16,39,14,1,1,17,20230109,62,2025-11-16 08:20:51
204,14,23,10,1,1,18,20230109,48,2025-11-16 08:20:51
205,14,22,10,1,1,19,20230109,41,2025-11-16 08:20:51
206,15,16,3,1,1,20,20230109,38,2025-11-16 08:20:51
207,15,16,13,1,1,21,20230109,20,2025-11-16 08:20:51
208,15,16,5,1,1,22,20230109,15,2025-11-16 08:20:51
209,17,21,6,1,1,23,20230109,6,2025-11-16 08:20:51
210,17,21,4,1,1,0,20230110,5,2025-11-16 08:20:51
211,17,21,4,1,1,1,20230110,1,2025-11-16 08:20:51
212,17,21,7,1,1,2,20230110,3,2025-11-16 08:20:51
213,17,21,7,1,1,3,20230110,1,2025-11-16 08:20:51
214,19,48,8,1,1,4,20230110,3,2025-11-16 08:20:51
215,19,48,3,1,1,5,20230110,3,2025-11-16 08:20:51
216,17,21,4,1,1,6,20230110,31,2025-11-16 08:20:51
217,17,21,7,1,1,7,20230110,77,2025-11-16 08:20:51
218,17,21,4,1,2,8,20230110,188,2025-11-16 08:20:51
219,15,21,3,1,2,9,20230110,94,2025-11-16 08:20:51
220,15,21,5,1,2,10,20230110,31,2025-11-16 08:20:51
221,14,20,4,1,2,11,20230110,30,2025-11-16 08:20:51
222,3,23,4,1,2,12,20230110,52,2025-11-16 08:20:51
223,3,23,4,1,2,13,20230110,54,2025-11-16 08:20:51
224,3,23,7,1,2,14,20230110,47,2025-11-16 08:20:51
225,3,23,7,1,2,15,20230110,45,2025-11-16 08:20:51
226,3,23,8,1,1,16,20230110,74,2025-11-16 08:20:51
227,3,23,15,1,1,17,20230110,178,2025-11-16 08:20:51
228,3,23,7,1,1,18,20230110,155,2025-11-16 08:20:51
229,14,20,9,1,1,19,20230110,95,2025-11-16 08:20:51
230,14,21,9,1,1,20,20230110,74,2025-11-16 08:20:51
231,15,30,6,1,1,21,20230110,38,2025-11-16 08:20:51
232,15,30,9,1,1,22,20230110,24,2025-11-16 08:20:51
233,15,30,9,1,1,23,20230110,18,2025-11-16 08:20:51
234,15,30,15,1,1,0,20230111,12,2025-11-16 08:20:51
235,15,30,9,1,1,1,20230111,3,2025-11-16 08:20:51
236,14,29,6,1,2,2,20230111,3,2025-11-16 08:20:51
237,14,29,8,1,2,5,20230111,6,2025-11-16 08:20:51
238,14,29,8,1,2,6,20230111,27,2025-11-16 08:20:51
239,14,29,1,1,2,7,20230111,99,2025-11-16 08:20:51
240,16,34,2,1,2,8,20230111,217,2025-11-16 08:20:51
241,16,34,9,1,2,9,20230111,130,2025-11-16 08:20:51
242,3,34,9,1,2,10,20230111,54,2025-11-16 08:20:51
243,3,20,8,1,2,11,20230111,35,2025-11-16 08:20:51
244,3,34,15,1,2,12,20230111,57,2025-11-16 08:20:51
245,3,30,2,1,2,13,20230111,52,2025-11-16 08:20:51
246,3,30,2,1,2,14,20230111,63,2025-11-16 08:20:51
247,14,2,2,1,2,15,20230111,47,2025-11-16 08:20:51
248,14,4,7,1,2,16,20230111,76,2025-11-16 08:20:51
249,14,4,7,1,2,17,20230111,136,2025-11-16 08:20:51
250,14,44,15,1,3,18,20230111,95,2025-11-16 08:20:51
251,14,44,1,1,3,19,20230111,51,2025-11-16 08:20:51
252,14,44,6,1,3,20,20230111,32,2025-11-16 08:20:51
253,14,4,2,1,3,21,20230111,20,2025-11-16 08:20:51
254,14,44,15,1,3,22,20230111,29,2025-11-16 08:20:51
255,14,44,2,1,3,23,20230111,19,2025-11-16 08:20:51
256,14,4,2,1,2,0,20230112,7,2025-11-16 08:20:51
257,14,4,15,1,2,1,20230112,6,2025-11-16 08:20:51
258,15,4,8,1,1,2,20230112,1,2025-11-16 08:20:51
259,15,4,9,1,1,5,20230112,5,2025-11-16 08:20:51
260,17,44,8,1,1,6,20230112,16,2025-11-16 08:20:51
261,15,28,8,1,1,7,20230112,54,2025-11-16 08:20:51
262,14,30,9,1,1,8,20230112,128,2025-11-16 08:20:51
263,14,30,10,1,1,9,20230112,81,2025-11-16 08:20:51
264,16,29,7,1,1,10,20230112,39,2025-11-16 08:20:51
265,3,34,14,1,1,11,20230112,35,2025-11-16 08:20:51
266,3,20,20,1,1,12,20230112,55,2025-11-16 08:20:51
267,2,19,12,1,1,13,20230112,49,2025-11-16 08:20:51
268,3,20,10,1,1,14,20230112,44,2025-11-16 08:20:51
269,3,20,13,1,1,15,20230112,49,2025-11-16 08:20:51
270,2,19,10,1,1,16,20230112,68,2025-11-16 08:20:51
271,3,20,12,1,1,17,20230112,139,2025-11-16 08:20:51
272,3,20,19,1,1,18,20230112,137,2025-11-16 08:20:51
273,16,20,13,1,1,19,20230112,83,2025-11-16 08:20:51
274,14,21,10,1,1,20,20230112,56,2025-11-16 08:20:51
275,14,29,10,1,1,21,20230112,57,2025-11-16 08:20:51
276,14,29,11,1,1,22,20230112,33,2025-11-16 08:20:51
277,15,30,13,1,1,23,20230112,20,2025-11-16 08:20:51
278,15,30,4,1,1,0,20230113,7,2025-11-16 08:20:51
279,15,21,4,1,1,1,20230113,2,2025-11-16 08:20:51
280,15,21,12,1,1,2,20230113,2,2025-11-16 08:20:51
281,15,21,10,1,1,3,20230113,3,2025-11-16 08:20:51
282,15,21,3,1,1,4,20230113,4,2025-11-16 08:20:51
283,15,21,5,1,1,5,20230113,3,2025-11-16 08:20:51
284,17,48,8,1,1,6,20230113,28,2025-11-16 08:20:51
285,17,48,8,1,1,7,20230113,72,2025-11-16 08:20:51
286,15,21,6,1,1,8,20230113,202,2025-11-16 08:20:51
287,15,21,10,1,1,9,20230113,139,2025-11-16 08:20:51
288,14,21,12,1,2,10,20230113,38,2025-11-16 08:20:51
289,3,19,11,1,2,11,20230113,37,2025-11-16 08:20:51
290,3,19,13,1,1,12,20230113,52,2025-11-16 08:20:51
291,2,49,11,1,1,13,20230113,83,2025-11-16 08:20:51
292,2,49,14,1,1,14,20230113,42,2025-11-16 08:20:51
293,1,42,5,1,1,15,20230113,60,2025-11-16 08:20:51
294,1,42,12,1,1,16,20230113,78,2025-11-16 08:20:51
295,3,23,4,1,1,17,20230113,162,2025-11-16 08:20:51
296,3,23,10,1,1,18,20230113,144,2025-11-16 08:20:51
297,14,20,3,1,1,19,20230113,99,2025-11-16 08:20:51
298,14,20,7,1,1,20,20230113,64,2025-11-16 08:20:51
299,15,16,5,1,1,21,20230113,40,2025-11-16 08:20:51
300,15,16,10,1,1,22,20230113,30,2025-11-16 08:20:51
301,17,21,6,1,1,23,20230113,15,2025-11-16 08:20:51
302,17,21,6,1,1,0,20230114,14,2025-11-16 08:20:51
303,19,48,9,1,1,1,20230114,5,2025-11-16 08:20:51
304,19,48,8,1,1,2,20230114,1,2025-11-16 08:20:51
305,19,48,15,1,1,3,20230114,1,2025-11-16 08:20:51
306,19,48,2,1,1,5,20230114,8,2025-11-16 08:20:51
307,19,48,1,1,1,6,20230114,17,2025-11-16 08:20:51
308,19,33,9,1,1,7,20230114,70,2025-11-16 08:20:51
309,17,32,1,1,1,8,20230114,158,2025-11-16 08:20:51
310,15,28,8,1,1,9,20230114,117,2025-11-16 08:20:51
311,16,29,6,1,1,10,20230114,44,2025-11-16 08:20:51
312,16,34,4,1,1,11,20230114,53,2025-11-16 08:20:51
313,3,19,3,1,1,12,20230114,61,2025-11-16 08:20:51
314,2,39,14,1,1,13,20230114,77,2025-11-16 08:20:51
315,2,49,4,1,1,14,20230114,64,2025-11-16 08:20:51
316,1,42,9,1,1,15,20230114,68,2025-11-16 08:20:51
317,2,49,15,1,1,16,20230114,90,2025-11-16 08:20:51
318,2,49,9,1,1,17,20230114,159,2025-11-16 08:20:51
319,3,20,1,1,1,18,20230114,139,2025-11-16 08:20:51
320,14,30,2,1,1,19,20230114,92,2025-11-16 08:20:51
321,16,30,1,1,1,20,20230114,68,2025-11-16 08:20:51
322,14,28,1,1,1,21,20230114,52,2025-11-16 08:20:51
323,14,28,1,1,2,22,20230114,36,2025-11-16 08:20:51
324,16,29,1,1,2,23,20230114,27,2025-11-16 08:20:51
325,16,29,1,1,1,0,20230115,28,2025-11-16 08:20:51
326,14,30,2,1,2,1,20230115,20,2025-11-16 08:20:51
327,14,30,2,1,2,2,20230115,12,2025-11-16 08:20:51
328,14,30,1,1,2,3,20230115,8,2025-11-16 08:20:51
329,14,30,1,1,2,4,20230115,5,2025-11-16 08:20:51
330,14,30,1,1,1,5,20230115,1,2025-11-16 08:20:51
331,15,31,15,1,1,6,20230115,3,2025-11-16 08:20:51
332,15,31,1,1,1,7,20230115,10,2025-11-16 08:20:51
333,15,31,8,1,1,8,20230115,23,2025-11-16 08:20:51
334,14,27,8,1,1,9,20230115,33,2025-11-16 08:20:51
335,16,30,9,1,1,10,20230115,59,2025-11-16 08:20:51
336,3,29,7,1,1,11,20230115,72,2025-11-16 08:20:51
337,1,38,7,1,1,12,20230115,89,2025-11-16 08:20:51
338,18,42,5,1,1,13,20230115,101,2025-11-16 08:20:51
339,12,18,4,1,1,14,20230115,118,2025-11-16 08:20:51
340,4,43,6,1,2,15,20230115,129,2025-11-16 08:20:51
341,11,47,6,1,2,16,20230115,128,2025-11-16 08:20:51
342,4,43,4,1,2,17,20230115,83,2025-11-16 08:20:51
343,12,50,3,1,2,18,20230115,84,2025-11-16 08:20:51
344,4,18,3,1,2,19,20230115,74,2025-11-16 08:20:51
345,4,18,3,1,2,20,20230115,41,2025-11-16 08:20:51
346,4,18,7,1,2,21,20230115,57,2025-11-16 08:20:51
347,12,17,15,1,2,22,20230115,26,2025-11-16 08:20:51
348,12,50,4,1,1,23,20230115,44,2025-11-16 08:20:51
349,13,35,1,1,1,0,20230116,39,2025-11-16 08:20:51
350,13,35,8,1,1,1,20230116,23,2025-11-16 08:20:51
351,13,35,2,1,1,2,20230116,16,2025-11-16 08:20:51
352,2,28,1,1,1,3,20230116,15,2025-11-16 08:20:51
353,13,35,9,1,1,4,20230116,1,2025-11-16 08:20:51
354,13,35,9,1,2,5,20230116,2,2025-11-16 08:20:51
355,13,35,9,1,2,6,20230116,1,2025-11-16 08:20:51
356,1,35,5,1,2,7,20230116,3,2025-11-16 08:20:51
357,2,29,4,1,1,8,20230116,18,2025-11-16 08:20:51
358,2,34,3,1,1,9,20230116,32,2025-11-16 08:20:51
359,2,34,4,1,1,10,20230116,79,2025-11-16 08:20:51
360,1,19,3,1,1,11,20230116,93,2025-11-16 08:20:51
361,1,49,4,1,1,12,20230116,104,2025-11-16 08:20:51
362,13,24,5,1,1,13,20230116,118,2025-11-16 08:20:51
363,18,43,3,1,1,14,20230116,91,2025-11-16 08:20:51
364,13,42,3,1,1,15,20230116,113,2025-11-16 08:20:51
365,1,42,7,1,1,16,20230116,99,2025-11-16 08:20:51
366,2,39,3,1,1,17,20230116,105,2025-11-16 08:20:51
367,3,23,9,1,1,18,20230116,67,2025-11-16 08:20:51
368,16,20,8,1,1,19,20230116,61,2025-11-16 08:20:51
369,16,20,9,1,1,20,20230116,57,2025-11-16 08:20:51
370,16,34,9,1,1,21,20230116,28,2025-11-16 08:20:51
371,3,37,8,1,2,22,20230116,21,2025-11-16 08:20:51
372,3,23,15,1,2,23,20230116,18,2025-11-16 08:20:51
373,3,20,7,1,2,0,20230117,17,2025-11-16 08:20:51
374,3,19,6,1,2,1,20230117,16,2025-11-16 08:20:51
375,16,22,3,1,2,2,20230117,8,2025-11-16 08:20:51
376,16,22,6,1,2,3,20230117,2,2025-11-16 08:20:51
377,16,22,8,1,2,4,20230117,3,2025-11-16 08:20:51
378,16,22,9,1,2,5,20230117,1,2025-11-16 08:20:51
379,16,22,6,1,2,6,20230117,5,2025-11-16 08:20:51
380,14,21,8,1,2,7,20230117,13,2025-11-16 08:20:51
381,14,20,7,1,2,8,20230117,33,2025-11-16 08:20:51
382,14,20,7,1,2,9,20230117,47,2025-11-16 08:20:51
383,14,21,3,1,2,10,20230117,57,2025-11-16 08:20:51
384,14,29,6,1,2,11,20230117,64,2025-11-16 08:20:51
385,16,20,8,1,2,12,20230117,80,2025-11-16 08:20:51
386,16,20,8,1,2,13,20230117,93,2025-11-16 08:20:51
387,16,22,15,1,2,14,20230117,86,2025-11-16 08:20:51
388,3,20,9,1,2,15,20230117,93,2025-11-16 08:20:51
389,3,20,9,1,2,16,20230117,82,2025-11-16 08:20:51
390,3,34,6,1,1,17,20230117,71,2025-11-16 08:20:51
391,16,29,3,1,2,18,20230117,92,2025-11-16 08:20:51
392,16,30,6,1,3,19,20230117,60,2025-11-16 08:20:51
393,14,2,6,1,3,20,20230117,33,2025-11-16 08:20:51
394,14,2,6,1,3,21,20230117,27,2025-11-16 08:20:51
395,15,44,3,1,3,22,20230117,13,2025-11-16 08:20:51
396,14,4,4,1,3,23,20230117,4,2025-11-16 08:20:51
397,3,4,10,1,2,12,20230118,3,2025-11-16 08:20:51
398,3,4,7,1,2,13,20230118,22,2025-11-16 08:20:51
399,2,2,9,1,2,14,20230118,28,2025-11-16 08:20:51
400,2,10,9,1,2,15,20230118,35,2025-11-16 08:20:51
401,2,10,6,1,2,16,20230118,61,2025-11-16 08:20:51
402,2,8,6,1,2,17,20230118,125,2025-11-16 08:20:51
403,2,2,9,1,2,18,20230118,133,2025-11-16 08:20:51
404,2,2,8,1,2,19,20230118,99,2025-11-16 08:20:51
405,2,10,1,1,2,20,20230118,83,2025-11-16 08:20:51
406,2,44,15,1,2,21,20230118,41,2025-11-16 08:20:51
407,2,44,2,1,2,22,20230118,33,2025-11-16 08:20:51
408,2,44,1,1,2,23,20230118,20,2025-11-16 08:20:51
409,2,44,1,1,2,0,20230119,3,2025-11-16 08:20:51
410,2,44,8,1,3,1,20230119,7,2025-11-16 08:20:51
411,2,44,8,1,3,2,20230119,3,2025-11-16 08:20:51
412,2,44,8,1,3,4,20230119,2,2025-11-16 08:20:51
413,2,44,2,1,2,5,20230119,7,2025-11-16 08:20:51
414,2,44,2,1,2,6,20230119,32,2025-11-16 08:20:51
415,1,51,15,1,2,7,20230119,90,2025-11-16 08:20:51
416,1,44,15,1,2,8,20230119,197,2025-11-16 08:20:51
417,1,44,15,1,2,9,20230119,109,2025-11-16 08:20:51
418,13,44,8,1,2,10,20230119,47,2025-11-16 08:20:51
419,18,10,2,1,2,11,20230119,52,2025-11-16 08:20:51
420,12,1,2,1,2,12,20230119,70,2025-11-16 08:20:51
421,10,52,4,1,1,13,20230119,78,2025-11-16 08:20:51
422,10,53,3,1,1,14,20230119,75,2025-11-16 08:20:51
423,10,48,4,1,1,15,20230119,82,2025-11-16 08:20:51
424,5,53,14,1,1,16,20230119,104,2025-11-16 08:20:51
425,6,15,10,1,1,17,20230119,197,2025-11-16 08:20:51
426,11,54,4,1,1,18,20230119,161,2025-11-16 08:20:51
427,4,15,13,1,1,19,20230119,112,2025-11-16 08:20:51
428,4,37,5,1,1,20,20230119,76,2025-11-16 08:20:51
429,4,37,13,1,1,21,20230119,59,2025-11-16 08:20:51
430,12,36,9,1,1,22,20230119,59,2025-11-16 08:20:51
431,12,36,18,1,1,23,20230119,28,2025-11-16 08:20:51
432,13,35,14,1,1,0,20230120,13,2025-11-16 08:20:51
433,13,35,1,1,1,1,20230120,5,2025-11-16 08:20:51
434,13,35,1,1,1,2,20230120,2,2025-11-16 08:20:51
435,13,35,9,1,1,3,20230120,1,2025-11-16 08:20:51
436,13,35,9,1,1,4,20230120,1,2025-11-16 08:20:51
437,1,55,7,1,1,5,20230120,6,2025-11-16 08:20:51
438,2,55,7,1,1,6,20230120,35,2025-11-16 08:20:51
439,2,29,7,1,1,7,20230120,101,2025-11-16 08:20:51
440,2,29,4,1,1,8,20230120,249,2025-11-16 08:20:51
441,1,36,7,1,2,9,20230120,143,2025-11-16 08:20:51
442,13,38,5,1,1,10,20230120,57,2025-11-16 08:20:51
443,18,50,9,1,2,11,20230120,68,2025-11-16 08:20:51
444,12,17,1,1,2,12,20230120,84,2025-11-16 08:20:51
445,18,50,15,1,2,13,20230120,98,2025-11-16 08:20:51
446,12,50,8,1,2,14,20230120,81,2025-11-16 08:20:51
447,4,50,6,1,2,15,20230120,70,2025-11-16 08:20:51
448,12,37,8,1,2,16,20230120,91,2025-11-16 08:20:51
449,12,37,15,1,2,17,20230120,215,2025-11-16 08:20:51
450,13,35,6,1,2,18,20230120,185,2025-11-16 08:20:51
451,13,35,10,1,1,19,20230120,152,2025-11-16 08:20:51
452,13,55,4,1,2,20,20230120,126,2025-11-16 08:20:51
453,1,55,3,1,2,21,20230120,57,2025-11-16 08:20:51
454,1,56,4,1,2,22,20230120,56,2025-11-16 08:20:51
455,1,56,10,1,2,23,20230120,31,2025-11-16 08:20:51
456,1,57,3,1,2,0,20230121,21,2025-11-16 08:20:51
457,1,57,3,1,2,1,20230121,6,2025-11-16 08:20:51
458,1,3,9,1,3,2,20230121,2,2025-11-16 08:20:51
459,2,2,5,1,3,3,20230121,1,2025-11-16 08:20:51
460,2,10,2,1,2,4,20230121,1,2025-11-16 08:20:51
461,1,55,13,1,1,5,20230121,5,2025-11-16 08:20:51
462,2,29,3,1,1,6,20230121,27,2025-11-16 08:20:51
463,3,34,4,1,1,7,20230121,68,2025-11-16 08:20:51
464,3,20,10,1,1,8,20230121,217,2025-11-16 08:20:51
465,3,34,12,1,1,9,20230121,166,2025-11-16 08:20:51
466,3,20,18,1,1,10,20230121,63,2025-11-16 08:20:51
467,2,49,18,1,1,11,20230121,59,2025-11-16 08:20:51
468,2,58,20,1,1,12,20230121,78,2025-11-16 08:20:51
469,3,59,20,1,1,13,20230121,73,2025-11-16 08:20:51
470,3,60,19,1,1,14,20230121,62,2025-11-16 08:20:51
471,14,61,11,1,1,15,20230121,65,2025-11-16 08:20:51
472,14,61,12,1,1,16,20230121,97,2025-11-16 08:20:51
473,15,41,12,1,1,17,20230121,161,2025-11-16 08:20:51
474,17,25,3,1,1,18,20230121,120,2025-11-16 08:20:51
475,17,25,10,1,1,19,20230121,96,2025-11-16 08:20:51
476,19,40,13,1,1,20,20230121,53,2025-11-16 08:20:51
477,20,42,4,1,1,21,20230121,41,2025-11-16 08:20:51
478,21,49,14,1,1,22,20230121,34,2025-11-16 08:20:51
479,21,42,10,1,1,23,20230121,27,2025-11-16 08:20:51
480,22,50,3,1,1,0,20230122,13,2025-11-16 08:20:51
481,22,49,14,1,2,1,20230122,12,2025-11-16 08:20:51
482,22,49,3,1,2,2,20230122,11,2025-11-16 08:20:51
483,22,49,4,1,2,3,20230122,7,2025-11-16 08:20:51
484,23,38,5,1,2,4,20230122,3,2025-11-16 08:20:51
485,23,19,7,1,2,6,20230122,2,2025-11-16 08:20:51
486,23,19,4,1,1,7,20230122,8,2025-11-16 08:20:51
487,23,19,10,1,1,8,20230122,27,2025-11-16 08:20:51
488,22,49,3,1,1,9,20230122,40,2025-11-16 08:20:51
489,22,49,9,1,2,10,20230122,53,2025-11-16 08:20:51
490,21,42,8,1,2,11,20230122,63,2025-11-16 08:20:51
491,21,42,15,1,2,12,20230122,70,2025-11-16 08:20:51
492,20,24,1,1,1,13,20230122,84,2025-11-16 08:20:51
493,19,40,15,1,1,14,20230122,75,2025-11-16 08:20:51
494,17,41,1,1,1,15,20230122,103,2025-11-16 08:20:51
495,17,41,6,1,1,16,20230122,83,2025-11-16 08:20:51
496,17,41,1,1,1,17,20230122,67,2025-11-16 08:20:51
497,20,24,6,1,1,18,20230122,54,2025-11-16 08:20:51
498,20,24,8,1,1,19,20230122,59,2025-11-16 08:20:51
499,21,50,9,1,1,20,20230122,45,2025-11-16 08:20:51
500,21,49,2,1,1,21,20230122,39,2025-11-16 08:20:51
501,21,37,1,1,1,22,20230122,30,2025-11-16 08:20:51
502,22,15,15,1,1,23,20230122,33,2025-11-16 08:20:51
503,22,15,15,1,1,0,20230123,22,2025-11-16 08:20:51
504,22,15,15,1,1,1,20230123,13,2025-11-16 08:20:51
505,23,52,8,1,1,2,20230123,18,2025-11-16 08:20:51
506,23,52,8,1,1,3,20230123,5,2025-11-16 08:20:51
507,22,15,15,1,2,5,20230123,3,2025-11-16 08:20:51
508,22,15,15,1,2,6,20230123,1,2025-11-16 08:20:51
509,20,53,9,1,1,7,20230123,2,2025-11-16 08:20:51
510,21,52,9,1,1,8,20230123,19,2025-11-16 08:20:51
511,19,48,12,1,1,9,20230123,28,2025-11-16 08:20:51
512,15,16,14,1,1,10,20230123,58,2025-11-16 08:20:51
513,15,22,7,1,1,11,20230123,99,2025-11-16 08:20:51
514,14,39,18,1,1,12,20230123,116,2025-11-16 08:20:51
515,15,40,14,1,1,13,20230123,87,2025-11-16 08:20:51
516,14,41,12,1,1,14,20230123,110,2025-11-16 08:20:51
517,14,41,12,1,1,15,20230123,77,2025-11-16 08:20:51
518,14,61,10,1,1,16,20230123,65,2025-11-16 08:20:51
519,15,61,14,1,1,17,20230123,55,2025-11-16 08:20:51
520,17,25,3,1,1,18,20230123,49,2025-11-16 08:20:51
521,17,25,4,1,1,19,20230123,50,2025-11-16 08:20:51
522,19,43,3,1,1,20,20230123,35,2025-11-16 08:20:51
523,19,43,6,1,1,21,20230123,25,2025-11-16 08:20:51
524,20,42,6,1,1,22,20230123,28,2025-11-16 08:20:51
525,21,49,7,1,1,23,20230123,21,2025-11-16 08:20:51
526,21,49,6,1,1,0,20230124,7,2025-11-16 08:20:51
527,22,50,6,1,1,1,20230124,1,2025-11-16 08:20:51
528,22,50,3,1,1,3,20230124,1,2025-11-16 08:20:51
529,23,38,8,1,1,4,20230124,1,2025-11-16 08:20:51
530,23,38,8,1,1,5,20230124,5,2025-11-16 08:20:51
531,23,38,2,1,1,6,20230124,15,2025-11-16 08:20:51
532,23,38,1,1,1,7,20230124,84,2025-11-16 08:20:51
533,22,37,1,1,1,8,20230124,177,2025-11-16 08:20:51
534,21,49,1,1,1,9,20230124,102,2025-11-16 08:20:51
535,19,17,1,1,1,10,20230124,40,2025-11-16 08:20:51
536,19,16,8,1,1,11,20230124,46,2025-11-16 08:20:51
537,17,17,6,1,2,12,20230124,63,2025-11-16 08:20:51
538,15,22,7,1,2,13,20230124,60,2025-11-16 08:20:51
539,15,16,7,1,2,14,20230124,45,2025-11-16 08:20:51
540,14,23,9,1,1,15,20230124,57,2025-11-16 08:20:51
541,14,20,3,1,1,16,20230124,70,2025-11-16 08:20:51
542,15,21,3,1,1,17,20230124,184,2025-11-16 08:20:51
543,15,30,6,1,1,18,20230124,153,2025-11-16 08:20:51
544,15,48,9,1,1,19,20230124,106,2025-11-16 08:20:51
545,15,30,6,1,1,20,20230124,81,2025-11-16 08:20:51
546,15,31,9,1,1,21,20230124,59,2025-11-16 08:20:51
547,15,31,7,1,2,22,20230124,35,2025-11-16 08:20:51
548,14,27,3,1,2,23,20230124,24,2025-11-16 08:20:51
549,14,28,4,1,2,0,20230125,9,2025-11-16 08:20:51
550,14,28,9,1,2,1,20230125,5,2025-11-16 08:20:51
551,14,28,7,1,1,2,20230125,2,2025-11-16 08:20:51
552,15,33,15,1,1,4,20230125,1,2025-11-16 08:20:51
553,15,33,7,1,1,5,20230125,9,2025-11-16 08:20:51
554,14,33,15,1,1,6,20230125,36,2025-11-16 08:20:51
555,14,33,7,1,1,7,20230125,108,2025-11-16 08:20:51
556,14,33,8,1,2,8,20230125,238,2025-11-16 08:20:51
557,3,27,2,1,2,9,20230125,144,2025-11-16 08:20:51
558,2,55,15,1,2,10,20230125,55,2025-11-16 08:20:51
559,1,55,8,1,2,11,20230125,61,2025-11-16 08:20:51
560,13,35,2,1,2,12,20230125,106,2025-11-16 08:20:51
561,13,35,8,1,2,13,20230125,93,2025-11-16 08:20:51
562,12,50,1,1,2,14,20230125,68,2025-11-16 08:20:51
563,4,17,1,1,2,15,20230125,84,2025-11-16 08:20:51
564,4,17,1,1,2,16,20230125,116,2025-11-16 08:20:51
565,12,50,1,1,1,17,20230125,222,2025-11-16 08:20:51
566,12,37,2,1,2,18,20230125,225,2025-11-16 08:20:51
567,13,56,9,1,2,19,20230125,146,2025-11-16 08:20:51
568,1,56,6,1,1,20,20230125,119,2025-11-16 08:20:51
569,1,56,6,1,1,21,20230125,45,2025-11-16 08:20:51
570,2,27,9,1,1,22,20230125,53,2025-11-16 08:20:51
571,2,27,9,1,2,23,20230125,40,2025-11-16 08:20:51
572,2,28,8,1,2,0,20230126,17,2025-11-16 08:20:51
573,1,56,8,1,2,1,20230126,5,2025-11-16 08:20:51
574,2,28,6,1,3,2,20230126,10,2025-11-16 08:20:51
575,3,4,4,1,3,5,20230126,1,2025-11-16 08:20:51
576,3,4,4,1,3,6,20230126,8,2025-11-16 08:20:51
577,2,10,5,1,3,7,20230126,30,2025-11-16 08:20:51
578,2,10,5,1,3,8,20230126,72,2025-11-16 08:20:51
579,2,10,5,1,3,9,20230126,58,2025-11-16 08:20:51
580,2,44,4,1,3,10,20230126,28,2025-11-16 08:20:51
581,2,44,10,1,3,11,20230126,41,2025-11-16 08:20:51
582,2,44,10,1,3,12,20230126,48,2025-11-16 08:20:51
583,2,44,10,1,3,13,20230126,47,2025-11-16 08:20:51
584,2,44,12,1,3,14,20230126,36,2025-11-16 08:20:51
585,2,44,18,1,3,15,20230126,43,2025-11-16 08:20:51
586,2,44,10,1,4,16,20230126,36,2025-11-16 08:20:51
587,3,44,12,1,3,17,20230126,26,2025-11-16 08:20:51
588,2,29,6,1,1,16,20230127,24,2025-11-16 08:20:51
589,2,29,15,1,1,17,20230127,84,2025-11-16 08:20:51
590,3,28,2,1,1,18,20230127,104,2025-11-16 08:20:51
591,3,28,2,1,1,19,20230127,79,2025-11-16 08:20:51
592,16,33,2,1,1,20,20230127,59,2025-11-16 08:20:51
593,16,33,2,1,1,21,20230127,38,2025-11-16 08:20:51
594,16,33,2,1,1,22,20230127,27,2025-11-16 08:20:51
595,16,2,9,1,1,23,20230127,16,2025-11-16 08:20:51
596,3,3,8,1,2,0,20230128,9,2025-11-16 08:20:51
597,3,3,8,1,2,1,20230128,3,2025-11-16 08:20:51
598,3,3,9,1,2,2,20230128,2,2025-11-16 08:20:51
599,3,3,15,1,2,3,20230128,1,2025-11-16 08:20:51
600,16,2,15,1,2,5,20230128,4,2025-11-16 08:20:51
601,16,2,8,1,2,6,20230128,16,2025-11-16 08:20:51
602,14,4,2,1,2,7,20230128,60,2025-11-16 08:20:51
603,14,4,2,1,2,8,20230128,157,2025-11-16 08:20:51
604,16,4,2,1,3,9,20230128,101,2025-11-16 08:20:51
605,16,4,15,1,3,10,20230128,49,2025-11-16 08:20:51
606,16,44,15,1,3,11,20230128,30,2025-11-16 08:20:51
607,16,44,15,1,3,12,20230128,29,2025-11-16 08:20:51
608,16,44,15,1,3,13,20230128,31,2025-11-16 08:20:51
609,2,2,1,1,3,14,20230128,38,2025-11-16 08:20:51
610,3,4,1,1,2,15,20230128,41,2025-11-16 08:20:51
611,2,2,1,1,1,16,20230128,80,2025-11-16 08:20:51
612,1,3,8,1,1,17,20230128,149,2025-11-16 08:20:51
613,1,3,6,1,1,18,20230128,109,2025-11-16 08:20:51
614,1,3,8,1,2,19,20230128,89,2025-11-16 08:20:51
615,1,57,6,1,2,20,20230128,62,2025-11-16 08:20:51
616,2,3,8,1,2,21,20230128,58,2025-11-16 08:20:51
617,1,56,12,1,1,22,20230128,26,2025-11-16 08:20:51
618,1,55,7,1,1,23,20230128,23,2025-11-16 08:20:51
619,2,27,12,1,1,0,20230129,28,2025-11-16 08:20:51
620,2,27,6,1,1,1,20230129,20,2025-11-16 08:20:51
621,2,27,9,1,1,2,20230129,15,2025-11-16 08:20:51
622,3,27,8,1,1,3,20230129,8,2025-11-16 08:20:51
623,14,28,15,1,1,4,20230129,3,2025-11-16 08:20:51
624,14,27,8,1,1,6,20230129,2,2025-11-16 08:20:51
625,14,30,15,1,1,7,20230129,5,2025-11-16 08:20:51
626,16,29,9,1,1,8,20230129,34,2025-11-16 08:20:51
627,16,30,2,1,1,9,20230129,34,2025-11-16 08:20:51
628,16,27,15,1,2,10,20230129,55,2025-11-16 08:20:51
629,16,27,8,1,2,11,20230129,64,2025-11-16 08:20:51
630,3,30,6,1,2,12,20230129,78,2025-11-16 08:20:51
631,2,29,9,1,2,13,20230129,65,2025-11-16 08:20:51
632,2,55,8,1,2,14,20230129,99,2025-11-16 08:20:51
633,2,28,3,1,1,15,20230129,120,2025-11-16 08:20:51
634,1,55,9,1,1,16,20230129,107,2025-11-16 08:20:51
635,1,55,1,1,1,17,20230129,91,2025-11-16 08:20:51
636,2,28,8,1,1,18,20230129,68,2025-11-16 08:20:51
637,2,28,3,1,2,19,20230129,58,2025-11-16 08:20:51
638,16,33,2,1,1,20,20230129,43,2025-11-16 08:20:51
639,16,33,2,1,1,21,20230129,36,2025-11-16 08:20:51
640,14,2,2,1,1,22,20230129,32,2025-11-16 08:20:51
641,14,2,2,1,1,23,20230129,33,2025-11-16 08:20:51
642,14,2,15,1,1,0,20230130,33,2025-11-16 08:20:51
643,15,2,1,1,1,1,20230130,29,2025-11-16 08:20:51
644,14,2,1,1,1,2,20230130,11,2025-11-16 08:20:51
645,15,44,1,1,1,3,20230130,8,2025-11-16 08:20:51
646,15,44,1,1,1,4,20230130,1,2025-11-16 08:20:51
647,15,4,1,1,1,5,20230130,3,2025-11-16 08:20:51
648,15,4,1,1,1,7,20230130,3,2025-11-16 08:20:51
649,15,4,1,1,2,8,20230130,12,2025-11-16 08:20:51
650,14,2,1,1,2,9,20230130,38,2025-11-16 08:20:51
651,16,2,1,1,2,10,20230130,64,2025-11-16 08:20:51
652,2,3,1,1,1,11,20230130,59,2025-11-16 08:20:51
653,12,36,15,1,1,12,20230130,97,2025-11-16 08:20:51
654,18,54,15,1,1,13,20230130,84,2025-11-16 08:20:51
655,18,54,2,1,1,14,20230130,122,2025-11-16 08:20:51
656,12,35,1,1,1,15,20230130,109,2025-11-16 08:20:51
657,12,35,1,1,1,16,20230130,123,2025-11-16 08:20:51
658,12,35,6,1,1,17,20230130,77,2025-11-16 08:20:51
659,13,56,9,1,1,18,20230130,65,2025-11-16 08:20:51
660,13,56,6,1,1,19,20230130,55,2025-11-16 08:20:51
661,13,56,15,1,2,20,20230130,33,2025-11-16 08:20:51
662,1,57,9,1,2,21,20230130,28,2025-11-16 08:20:51
663,1,57,6,1,2,22,20230130,21,2025-11-16 08:20:51
664,1,56,4,1,2,23,20230130,21,2025-11-16 08:20:51
665,1,56,7,1,2,0,20230131,7,2025-11-16 08:20:51
666,2,27,3,1,1,1,20230131,7,2025-11-16 08:20:51
667,2,27,6,1,1,2,20230131,1,2025-11-16 08:20:51
668,2,27,6,1,1,3,20230131,2,2025-11-16 08:20:51
669,3,30,7,1,1,4,20230131,2,2025-11-16 08:20:51
670,16,27,4,1,1,5,20230131,8,2025-11-16 08:20:51
671,14,28,10,1,1,6,20230131,37,2025-11-16 08:20:51
672,14,27,4,1,2,7,20230131,72,2025-11-16 08:20:51
673,14,30,4,1,2,8,20230131,185,2025-11-16 08:20:51
674,14,30,5,1,2,9,20230131,112,2025-11-16 08:20:51
675,14,30,6,1,2,10,20230131,69,2025-11-16 08:20:51
676,14,30,6,1,2,11,20230131,48,2025-11-16 08:20:51
677,16,29,15,1,2,12,20230131,68,2025-11-16 08:20:51
678,14,30,1,1,2,13,20230131,54,2025-11-16 08:20:51
679,16,29,8,1,2,14,20230131,86,2025-11-16 08:20:51
680,14,30,8,1,2,15,20230131,44,2025-11-16 08:20:51
681,14,35,6,1,2,16,20230131,86,2025-11-16 08:20:51
682,14,30,6,1,2,17,20230131,161,2025-11-16 08:20:51
683,14,29,7,1,2,18,20230131,156,2025-11-16 08:20:51
684,12,54,15,1,1,19,20230131,111,2025-11-16 08:20:51
685,14,30,9,1,3,20,20230131,78,2025-11-16 08:20:51
686,14,30,2,1,3,21,20230131,56,2025-11-16 08:20:51
687,14,30,15,1,2,22,20230131,34,2025-11-16 08:20:51
688,14,27,2,1,2,23,20230131,17,2025-11-16 08:20:51
689,14,27,15,1,2,0,20230201,8,2025-11-16 08:20:51
690,14,28,15,1,2,1,20230201,3,2025-11-16 08:20:51
691,14,28,1,1,2,2,20230201,2,2025-11-16 08:20:51
692,14,28,1,1,2,3,20230201,2,2025-11-16 08:20:51
693,15,44,1,1,3,5,20230201,3,2025-11-16 08:20:51
694,15,44,1,1,3,6,20230201,22,2025-11-16 08:20:51
695,14,44,1,1,3,7,20230201,52,2025-11-16 08:20:51
696,14,44,1,1,3,8,20230201,135,2025-11-16 08:20:51
697,14,44,1,1,2,9,20230201,116,2025-11-16 08:20:51
698,14,44,1,1,2,10,20230201,47,2025-11-16 08:20:51
699,16,4,1,1,2,11,20230201,51,2025-11-16 08:20:51
700,3,4,1,1,2,12,20230201,55,2025-11-16 08:20:51
701,3,4,1,1,2,13,20230201,52,2025-11-16 08:20:51
702,2,2,2,1,2,14,20230201,54,2025-11-16 08:20:51
703,1,3,1,1,2,15,20230201,52,2025-11-16 08:20:51
704,1,3,8,1,2,16,20230201,64,2025-11-16 08:20:51
705,1,3,1,1,2,17,20230201,176,2025-11-16 08:20:51
706,1,1,15,1,2,18,20230201,168,2025-11-16 08:20:51
707,1,1,8,1,2,19,20230201,108,2025-11-16 08:20:51
708,2,10,8,1,2,20,20230201,74,2025-11-16 08:20:51
709,2,10,8,1,2,21,20230201,64,2025-11-16 08:20:51
710,2,10,2,1,2,22,20230201,36,2025-11-16 08:20:51
711,3,44,6,1,3,23,20230201,16,2025-11-16 08:20:51
712,2,44,15,1,3,0,20230202,2,2025-11-16 08:20:51
713,2,44,6,1,3,1,20230202,3,2025-11-16 08:20:51
714,2,44,8,1,3,2,20230202,4,2025-11-16 08:20:51
715,2,44,8,1,3,3,20230202,1,2025-11-16 08:20:51
716,2,44,4,1,3,4,20230202,1,2025-11-16 08:20:51
717,2,44,15,1,3,5,20230202,3,2025-11-16 08:20:51
718,2,44,15,1,3,6,20230202,18,2025-11-16 08:20:51
719,2,44,7,1,3,7,20230202,49,2025-11-16 08:20:51
720,2,44,7,1,3,8,20230202,155,2025-11-16 08:20:51
721,1,44,2,1,2,9,20230202,123,2025-11-16 08:20:51
722,2,12,1,1,2,10,20230202,61,2025-11-16 08:20:51
723,1,44,6,1,2,11,20230202,52,2025-11-16 08:20:51
724,1,44,7,1,2,12,20230202,64,2025-11-16 08:20:51
725,11,44,9,1,1,13,20230202,75,2025-11-16 08:20:51
726,5,8,14,1,1,14,20230202,63,2025-11-16 08:20:51
727,5,5,10,1,1,15,20230202,76,2025-11-16 08:20:51
728,6,13,5,1,1,16,20230202,103,2025-11-16 08:20:51
729,6,46,19,1,1,17,20230202,190,2025-11-16 08:20:51
730,11,17,17,1,1,18,20230202,182,2025-11-16 08:20:51
731,18,50,16,1,1,19,20230202,91,2025-11-16 08:20:51
732,1,38,17,1,1,20,20230202,75,2025-11-16 08:20:51
733,2,20,10,1,1,21,20230202,63,2025-11-16 08:20:51
734,2,19,3,1,1,22,20230202,40,2025-11-16 08:20:51
735,3,19,11,1,1,23,20230202,32,2025-11-16 08:20:51
736,3,23,11,1,1,0,20230203,12,2025-11-16 08:20:51
737,3,19,19,1,1,1,20230203,5,2025-11-16 08:20:51
738,16,22,3,1,1,2,20230203,2,2025-11-16 08:20:51
739,16,22,3,1,1,3,20230203,1,2025-11-16 08:20:51
740,14,21,5,1,1,5,20230203,2,2025-11-16 08:20:51
741,14,22,12,1,1,6,20230203,39,2025-11-16 08:20:51
742,15,21,10,1,1,7,20230203,87,2025-11-16 08:20:51
743,15,21,12,1,1,8,20230203,188,2025-11-16 08:20:51
744,14,20,5,1,1,9,20230203,133,2025-11-16 08:20:51
745,16,22,10,1,1,10,20230203,52,2025-11-16 08:20:51
746,16,22,11,1,1,11,20230203,64,2025-11-16 08:20:51
747,3,23,12,1,1,12,20230203,69,2025-11-16 08:20:51
748,3,23,13,1,1,13,20230203,51,2025-11-16 08:20:51
749,2,39,14,1,1,14,20230203,47,2025-11-16 08:20:51
750,2,39,10,1,1,15,20230203,60,2025-11-16 08:20:51
751,2,39,3,1,1,16,20230203,78,2025-11-16 08:20:51
752,3,23,6,1,1,17,20230203,175,2025-11-16 08:20:51
753,3,23,9,1,1,18,20230203,147,2025-11-16 08:20:51
754,3,23,1,1,1,19,20230203,96,2025-11-16 08:20:51
755,3,20,2,1,1,20,20230203,109,2025-11-16 08:20:51
756,16,29,15,1,1,21,20230203,54,2025-11-16 08:20:51
757,16,34,2,1,1,22,20230203,41,2025-11-16 08:20:51
758,3,20,15,1,1,23,20230203,38,2025-11-16 08:20:51
759,3,19,1,1,2,0,20230204,13,2025-11-16 08:20:51
760,14,30,1,1,2,1,20230204,7,2025-11-16 08:20:51
761,15,31,15,1,2,2,20230204,1,2025-11-16 08:20:51
762,15,31,15,1,2,3,20230204,1,2025-11-16 08:20:51
763,15,31,8,1,2,5,20230204,7,2025-11-16 08:20:51
764,14,29,1,1,2,6,20230204,28,2025-11-16 08:20:51
765,15,30,1,1,1,7,20230204,87,2025-11-16 08:20:51
766,15,33,8,1,1,8,20230204,220,2025-11-16 08:20:51
767,14,2,8,1,2,9,20230204,127,2025-11-16 08:20:51
768,3,34,8,1,2,10,20230204,51,2025-11-16 08:20:51
769,2,34,9,1,1,11,20230204,64,2025-11-16 08:20:51
770,1,38,9,1,2,12,20230204,86,2025-11-16 08:20:51
771,13,21,7,1,2,13,20230204,82,2025-11-16 08:20:51
772,18,50,9,1,2,14,20230204,91,2025-11-16 08:20:51
773,18,38,3,1,2,15,20230204,90,2025-11-16 08:20:51
774,12,17,7,1,2,16,20230204,99,2025-11-16 08:20:51
775,13,35,8,1,2,17,20230204,205,2025-11-16 08:20:51
776,1,55,15,1,2,18,20230204,155,2025-11-16 08:20:51
777,1,56,8,1,2,19,20230204,103,2025-11-16 08:20:51
778,1,56,9,1,2,20,20230204,71,2025-11-16 08:20:51
779,1,57,9,1,2,21,20230204,43,2025-11-16 08:20:51
780,1,56,9,1,2,22,20230204,46,2025-11-16 08:20:51
781,1,57,8,1,2,23,20230204,31,2025-11-16 08:20:51
782,1,57,9,1,2,0,20230205,39,2025-11-16 08:20:51
783,1,56,9,1,2,1,20230205,18,2025-11-16 08:20:51
784,1,3,9,1,2,2,20230205,17,2025-11-16 08:20:51
785,1,3,9,1,2,3,20230205,11,2025-11-16 08:20:51
786,2,44,8,1,3,4,20230205,8,2025-11-16 08:20:51
787,3,12,2,1,3,5,20230205,9,2025-11-16 08:20:51
788,3,12,1,1,3,6,20230205,4,2025-11-16 08:20:51
789,2,44,2,1,3,7,20230205,4,2025-11-16 08:20:51
790,3,12,2,1,3,8,20230205,10,2025-11-16 08:20:51
791,3,12,2,1,3,9,20230205,20,2025-11-16 08:20:51
792,3,12,8,1,3,10,20230205,34,2025-11-16 08:20:51
793,2,12,8,1,3,11,20230205,47,2025-11-16 08:20:51
794,2,12,9,1,3,12,20230205,52,2025-11-16 08:20:51
795,2,12,9,1,3,13,20230205,72,2025-11-16 08:20:51
796,2,12,1,1,3,14,20230205,55,2025-11-16 08:20:51
797,2,12,1,1,3,15,20230205,60,2025-11-16 08:20:51
798,2,12,8,1,3,16,20230205,71,2025-11-16 08:20:51
799,1,12,4,1,2,17,20230205,78,2025-11-16 08:20:51
800,18,44,11,1,2,18,20230205,83,2025-11-16 08:20:51
801,18,44,11,1,2,19,20230205,84,2025-11-16 08:20:51
802,12,10,3,1,1,20,20230205,69,2025-11-16 08:20:51
803,13,12,6,1,1,21,20230205,56,2025-11-16 08:20:51
804,13,44,8,1,1,22,20230205,45,2025-11-16 08:20:51
805,13,44,7,1,1,23,20230205,59,2025-11-16 08:20:51
806,13,57,6,1,1,0,20230206,39,2025-11-16 08:20:51
807,13,56,13,1,1,1,20230206,44,2025-11-16 08:20:51
808,13,55,10,1,1,2,20230206,20,2025-11-16 08:20:51
809,13,55,2,1,1,3,20230206,13,2025-11-16 08:20:51
810,13,55,12,1,1,4,20230206,2,2025-11-16 08:20:51
811,13,55,7,1,1,5,20230206,1,2025-11-16 08:20:51
812,13,55,7,1,1,6,20230206,1,2025-11-16 08:20:51
813,1,56,9,1,1,7,20230206,8,2025-11-16 08:20:51
814,1,56,15,1,1,8,20230206,23,2025-11-16 08:20:51
815,18,35,15,1,1,9,20230206,45,2025-11-16 08:20:51
816,12,36,3,1,1,10,20230206,89,2025-11-16 08:20:51
817,4,37,3,1,1,11,20230206,117,2025-11-16 08:20:51
818,11,16,1,1,1,12,20230206,174,2025-11-16 08:20:51
819,11,16,1,1,1,13,20230206,182,2025-11-16 08:20:51
820,11,16,2,1,1,14,20230206,161,2025-11-16 08:20:51
821,11,16,2,1,1,15,20230206,182,2025-11-16 08:20:51
822,11,37,15,1,1,16,20230206,157,2025-11-16 08:20:51
823,11,16,1,1,1,17,20230206,121,2025-11-16 08:20:51
824,12,35,9,1,1,18,20230206,78,2025-11-16 08:20:51
825,18,54,8,1,1,19,20230206,21,2025-11-16 08:20:51
826,18,54,15,1,1,20,20230206,26,2025-11-16 08:20:51
827,13,55,1,1,1,21,20230206,27,2025-11-16 08:20:51
828,13,55,1,1,1,22,20230206,62,2025-11-16 08:20:51
829,1,56,1,1,1,23,20230206,30,2025-11-16 08:20:51
830,1,56,1,1,1,0,20230207,15,2025-11-16 08:20:51
831,2,3,1,1,1,1,20230207,5,2025-11-16 08:20:51
832,3,2,1,1,1,2,20230207,3,2025-11-16 08:20:51
833,3,4,1,1,1,3,20230207,1,2025-11-16 08:20:51
834,3,4,1,1,1,4,20230207,2,2025-11-16 08:20:51
835,3,4,1,1,1,5,20230207,10,2025-11-16 08:20:51
836,16,44,1,1,1,6,20230207,30,2025-11-16 08:20:51
837,16,4,1,1,1,7,20230207,95,2025-11-16 08:20:51
838,14,12,1,1,2,8,20230207,230,2025-11-16 08:20:51
839,2,2,1,1,1,9,20230207,118,2025-11-16 08:20:51
840,1,3,15,1,1,10,20230207,55,2025-11-16 08:20:51
841,12,56,2,1,1,11,20230207,47,2025-11-16 08:20:51
842,4,52,1,1,2,12,20230207,66,2025-11-16 08:20:51
843,6,15,2,1,2,13,20230207,64,2025-11-16 08:20:51
844,6,15,2,1,2,14,20230207,60,2025-11-16 08:20:51
845,5,48,2,1,2,15,20230207,50,2025-11-16 08:20:51
846,6,15,8,1,2,16,20230207,114,2025-11-16 08:20:51
847,4,57,9,1,2,17,20230207,216,2025-11-16 08:20:51
848,11,14,8,1,2,18,20230207,175,2025-11-16 08:20:51
849,4,57,1,1,2,19,20230207,128,2025-11-16 08:20:51
850,4,57,15,1,2,20,20230207,88,2025-11-16 08:20:51
851,4,57,1,1,1,21,20230207,78,2025-11-16 08:20:51
852,18,1,2,1,1,22,20230207,37,2025-11-16 08:20:51
853,12,1,1,1,2,23,20230207,25,2025-11-16 08:20:51
854,18,10,1,1,2,0,20230208,10,2025-11-16 08:20:51
855,18,10,1,1,2,1,20230208,4,2025-11-16 08:20:51
856,13,44,15,1,2,2,20230208,2,2025-11-16 08:20:51
857,18,44,9,1,3,3,20230208,1,2025-11-16 08:20:51
858,13,44,9,1,1,4,20230208,3,2025-11-16 08:20:51
859,13,1,10,1,1,5,20230208,2,2025-11-16 08:20:51
860,13,57,10,1,1,6,20230208,39,2025-11-16 08:20:51
861,1,56,13,1,1,7,20230208,100,2025-11-16 08:20:51
862,1,35,16,1,1,8,20230208,243,2025-11-16 08:20:51
863,1,36,16,1,1,9,20230208,135,2025-11-16 08:20:51
864,2,20,17,1,1,10,20230208,48,2025-11-16 08:20:51
865,2,20,18,1,1,11,20230208,50,2025-11-16 08:20:51
866,1,42,16,1,1,12,20230208,65,2025-11-16 08:20:51
867,1,26,11,1,2,13,20230208,50,2025-11-16 08:20:51
868,2,39,13,1,1,14,20230208,64,2025-11-16 08:20:51
869,2,24,14,1,1,15,20230208,51,2025-11-16 08:20:51
870,2,24,19,1,1,16,20230208,83,2025-11-16 08:20:51
871,2,26,20,1,1,17,20230208,176,2025-11-16 08:20:51
872,3,26,14,1,1,18,20230208,152,2025-11-16 08:20:51
873,14,23,18,1,1,19,20230208,101,2025-11-16 08:20:51
874,14,23,10,1,1,20,20230208,56,2025-11-16 08:20:51
875,15,40,18,1,1,21,20230208,54,2025-11-16 08:20:51
876,17,40,12,1,1,22,20230208,29,2025-11-16 08:20:51
877,17,40,10,1,1,23,20230208,12,2025-11-16 08:20:51
878,19,43,12,1,1,0,20230209,17,2025-11-16 08:20:51
879,19,43,7,1,1,1,20230209,7,2025-11-16 08:20:51
880,20,42,4,1,1,2,20230209,3,2025-11-16 08:20:51
881,21,50,8,1,1,3,20230209,2,2025-11-16 08:20:51
882,21,50,15,1,1,5,20230209,7,2025-11-16 08:20:51
883,21,50,1,1,1,6,20230209,43,2025-11-16 08:20:51
884,21,37,15,1,1,7,20230209,99,2025-11-16 08:20:51
885,19,17,1,1,1,8,20230209,199,2025-11-16 08:20:51
886,17,18,9,1,1,9,20230209,123,2025-11-16 08:20:51
887,15,43,1,1,1,10,20230209,59,2025-11-16 08:20:51
888,15,22,9,1,2,11,20230209,41,2025-11-16 08:20:51
889,16,23,7,1,2,12,20230209,61,2025-11-16 08:20:51
890,16,23,3,1,1,13,20230209,69,2025-11-16 08:20:51
891,3,47,5,1,1,14,20230209,58,2025-11-16 08:20:51
892,3,47,4,1,2,15,20230209,64,2025-11-16 08:20:51
893,3,39,3,1,2,16,20230209,79,2025-11-16 08:20:51
894,3,47,3,1,2,17,20230209,166,2025-11-16 08:20:51
895,16,20,5,1,2,18,20230209,170,2025-11-16 08:20:51
896,15,4,3,1,3,19,20230209,88,2025-11-16 08:20:51
897,15,4,9,1,3,20,20230209,84,2025-11-16 08:20:51
898,15,4,9,1,2,21,20230209,83,2025-11-16 08:20:51
899,14,2,9,1,3,22,20230209,46,2025-11-16 08:20:51
900,14,2,6,1,3,23,20230209,37,2025-11-16 08:20:51
901,15,4,6,1,3,0,20230210,16,2025-11-16 08:20:51
902,15,2,8,1,3,1,20230210,7,2025-11-16 08:20:51
903,15,2,8,1,3,2,20230210,3,2025-11-16 08:20:51
904,15,30,7,1,2,4,20230210,1,2025-11-16 08:20:51
905,17,21,7,1,2,5,20230210,6,2025-11-16 08:20:51
906,17,48,4,1,2,6,20230210,26,2025-11-16 08:20:51
907,19,21,13,1,1,7,20230210,99,2025-11-16 08:20:51
908,19,37,10,1,1,8,20230210,178,2025-11-16 08:20:51
909,17,17,12,1,1,9,20230210,122,2025-11-16 08:20:51
910,17,17,5,1,1,10,20230210,35,2025-11-16 08:20:51
911,15,18,12,1,1,11,20230210,45,2025-11-16 08:20:51
912,14,47,14,1,1,12,20230210,69,2025-11-16 08:20:51
913,16,45,5,1,1,13,20230210,62,2025-11-16 08:20:51
914,3,58,4,1,1,14,20230210,48,2025-11-16 08:20:51
915,3,60,3,1,1,15,20230210,50,2025-11-16 08:20:51
916,3,58,5,1,1,16,20230210,80,2025-11-16 08:20:51
917,16,61,6,1,1,17,20230210,165,2025-11-16 08:20:51
918,14,41,8,1,1,18,20230210,160,2025-11-16 08:20:51
919,15,41,15,1,1,19,20230210,112,2025-11-16 08:20:51
920,15,62,2,1,1,20,20230210,97,2025-11-16 08:20:51
921,15,18,1,1,1,21,20230210,72,2025-11-16 08:20:51
922,17,18,1,1,1,22,20230210,51,2025-11-16 08:20:51
923,17,17,15,1,1,23,20230210,34,2025-11-16 08:20:51
924,19,37,15,1,1,0,20230211,14,2025-11-16 08:20:51
925,19,48,2,1,1,1,20230211,7,2025-11-16 08:20:51
926,19,48,2,1,1,2,20230211,3,2025-11-16 08:20:51
927,20,31,2,1,1,5,20230211,4,2025-11-16 08:20:51
928,19,32,1,1,1,6,20230211,24,2025-11-16 08:20:51
929,20,63,1,1,1,7,20230211,74,2025-11-16 08:20:51
930,19,33,9,1,1,8,20230211,216,2025-11-16 08:20:51
931,17,33,7,1,1,9,20230211,140,2025-11-16 08:20:51
932,15,28,6,1,1,10,20230211,44,2025-11-16 08:20:51
933,2,20,8,1,1,11,20230211,64,2025-11-16 08:20:51
934,2,20,8,1,1,12,20230211,71,2025-11-16 08:20:51
935,1,24,6,1,1,13,20230211,110,2025-11-16 08:20:51
936,12,61,3,1,1,14,20230211,84,2025-11-16 08:20:51
937,4,59,9,1,1,15,20230211,74,2025-11-16 08:20:51
938,12,41,6,1,1,16,20230211,125,2025-11-16 08:20:51
939,12,64,1,1,1,17,20230211,211,2025-11-16 08:20:51
940,18,41,1,1,1,18,20230211,174,2025-11-16 08:20:51
941,13,40,1,1,1,19,20230211,101,2025-11-16 08:20:51
942,2,29,8,1,1,20,20230211,63,2025-11-16 08:20:51
943,3,30,8,1,1,21,20230211,47,2025-11-16 08:20:51
944,3,27,2,1,1,22,20230211,43,2025-11-16 08:20:51
945,16,28,1,1,1,23,20230211,53,2025-11-16 08:20:51
946,14,28,2,1,1,0,20230212,30,2025-11-16 08:20:51
947,15,4,1,1,1,1,20230212,24,2025-11-16 08:20:51
948,15,2,1,1,1,2,20230212,15,2025-11-16 08:20:51
949,17,2,1,1,1,3,20230212,10,2025-11-16 08:20:51
950,17,33,2,1,1,4,20230212,4,2025-11-16 08:20:51
951,17,33,2,1,1,5,20230212,1,2025-11-16 08:20:51
952,17,44,6,1,1,6,20230212,2,2025-11-16 08:20:51
953,17,2,15,1,1,7,20230212,11,2025-11-16 08:20:51
954,15,4,8,1,1,8,20230212,30,2025-11-16 08:20:51
955,14,27,8,1,1,9,20230212,43,2025-11-16 08:20:51
956,2,49,3,1,1,10,20230212,84,2025-11-16 08:20:51
957,12,41,10,1,1,11,20230212,114,2025-11-16 08:20:51
958,12,18,18,1,1,12,20230212,120,2025-11-16 08:20:51
959,12,18,13,1,1,13,20230212,135,2025-11-16 08:20:51
960,11,62,4,1,1,14,20230212,120,2025-11-16 08:20:51
961,11,45,13,1,1,15,20230212,174,2025-11-16 08:20:51
962,11,45,13,1,1,16,20230212,145,2025-11-16 08:20:51
963,4,62,19,1,1,17,20230212,137,2025-11-16 08:20:51
964,18,42,10,1,1,18,20230212,64,2025-11-16 08:20:51
965,18,42,9,1,1,19,20230212,41,2025-11-16 08:20:51
966,13,49,7,1,1,20,20230212,40,2025-11-16 08:20:51
967,13,49,1,1,1,21,20230212,51,2025-11-16 08:20:51
968,1,19,2,1,1,22,20230212,45,2025-11-16 08:20:51
969,2,34,8,1,1,23,20230212,32,2025-11-16 08:20:51
970,3,27,15,1,1,0,20230213,39,2025-11-16 08:20:51
971,3,30,2,1,1,1,20230213,24,2025-11-16 08:20:51
972,3,3,2,1,2,2,20230213,20,2025-11-16 08:20:51
973,3,28,15,1,2,3,20230213,12,2025-11-16 08:20:51
974,3,28,9,1,2,4,20230213,2,2025-11-16 08:20:51
975,3,28,8,1,2,6,20230213,5,2025-11-16 08:20:51
976,2,29,1,1,2,7,20230213,3,2025-11-16 08:20:51
977,2,27,6,1,2,8,20230213,12,2025-11-16 08:20:51
978,1,55,7,1,2,9,20230213,47,2025-11-16 08:20:51
979,12,50,10,1,1,10,20230213,105,2025-11-16 08:20:51
980,4,18,11,1,1,11,20230213,112,2025-11-16 08:20:51
981,6,26,18,1,1,12,20230213,152,2025-11-16 08:20:51
982,5,45,12,1,1,13,20230213,154,2025-11-16 08:20:51
983,10,25,13,1,2,14,20230213,161,2025-11-16 08:20:51
984,10,25,5,1,2,15,20230213,162,2025-11-16 08:20:51
985,7,41,10,1,2,16,20230213,134,2025-11-16 08:20:51
986,7,41,10,1,1,17,20230213,125,2025-11-16 08:20:51
987,10,26,5,1,1,18,20230213,95,2025-11-16 08:20:51
988,10,24,4,1,1,19,20230213,61,2025-11-16 08:20:51
989,10,24,10,1,1,20,20230213,47,2025-11-16 08:20:51
990,10,24,12,1,1,21,20230213,51,2025-11-16 08:20:51
991,10,24,5,1,1,22,20230213,36,2025-11-16 08:20:51
992,10,24,12,1,1,23,20230213,30,2025-11-16 08:20:51
993,5,39,12,1,1,0,20230214,11,2025-11-16 08:20:51
994,5,39,12,1,1,1,20230214,7,2025-11-16 08:20:51
995,6,23,5,1,1,2,20230214,2,2025-11-16 08:20:51
996,11,16,7,1,1,3,20230214,2,2025-11-16 08:20:51
997,4,46,4,1,1,4,20230214,2,2025-11-16 08:20:51
998,4,46,4,1,1,5,20230214,3,2025-11-16 08:20:51
999,11,16,5,1,1,6,20230214,26,2025-11-16 08:20:51
1000,11,16,5,1,1,7,20230214,98,2025-11-16 08:20:51
1001,5,23,18,1,1,8,20230214,256,2025-11-16 08:20:51
1002,10,39,14,1,1,9,20230214,130,2025-11-16 08:20:51
1003,9,40,7,1,1,10,20230214,55,2025-11-16 08:20:51
1004,24,65,3,1,1,11,20230214,53,2025-11-16 08:20:51
1005,25,66,11,1,1,12,20230214,126,2025-11-16 08:20:51
1006,26,67,14,1,1,13,20230214,120,2025-11-16 08:20:51
1007,27,68,16,1,1,14,20230214,90,2025-11-16 08:20:51
1008,25,59,21,1,1,15,20230214,90,2025-11-16 08:20:51
1009,24,58,18,1,1,16,20230214,118,2025-11-16 08:20:51
1010,8,40,22,1,1,17,20230214,243,2025-11-16 08:20:51
1011,10,23,22,1,1,18,20230214,205,2025-11-16 08:20:51
1012,5,22,16,1,1,19,20230214,98,2025-11-16 08:20:51
1013,6,16,18,1,1,20,20230214,70,2025-11-16 08:20:51
1014,6,21,19,1,1,21,20230214,43,2025-11-16 08:20:51
1015,11,16,21,1,1,22,20230214,45,2025-11-16 08:20:51
1016,4,37,16,1,1,23,20230214,20,2025-11-16 08:20:51
1017,12,37,13,1,1,0,20230215,19,2025-11-16 08:20:51
1018,12,17,23,1,1,1,20230215,5,2025-11-16 08:20:51
1019,18,49,24,1,1,2,20230215,3,2025-11-16 08:20:51
1020,2,39,19,1,1,4,20230215,1,2025-11-16 08:20:51
1021,2,26,18,1,1,5,20230215,4,2025-11-16 08:20:51
1022,3,26,10,1,1,6,20230215,30,2025-11-16 08:20:51
1023,3,26,12,1,1,7,20230215,105,2025-11-16 08:20:51
1024,3,26,12,1,1,8,20230215,223,2025-11-16 08:20:51
1025,2,45,11,1,1,9,20230215,110,2025-11-16 08:20:51
1026,1,58,4,1,1,10,20230215,52,2025-11-16 08:20:51
1027,13,60,3,1,1,11,20230215,57,2025-11-16 08:20:51
1028,18,64,3,1,1,12,20230215,71,2025-11-16 08:20:51
1029,4,59,7,1,1,13,20230215,82,2025-11-16 08:20:51
1030,11,67,7,1,1,14,20230215,79,2025-11-16 08:20:51
1031,11,67,9,1,1,15,20230215,85,2025-11-16 08:20:51
1032,11,67,3,1,1,16,20230215,98,2025-11-16 08:20:51
1033,4,66,7,1,1,17,20230215,206,2025-11-16 08:20:51
1034,12,66,8,1,1,18,20230215,212,2025-11-16 08:20:51
1035,18,61,8,1,1,19,20230215,145,2025-11-16 08:20:51
1036,13,40,15,1,1,20,20230215,101,2025-11-16 08:20:51
1037,1,36,1,1,1,21,20230215,66,2025-11-16 08:20:51
1038,1,19,1,1,1,22,20230215,41,2025-11-16 08:20:51
1039,2,19,2,1,2,23,20230215,20,2025-11-16 08:20:51
1040,2,49,2,1,1,0,20230216,15,2025-11-16 08:20:51
1041,3,19,2,1,1,1,20230216,9,2025-11-16 08:20:51
1042,3,20,6,1,2,3,20230216,1,2025-11-16 08:20:51
1043,3,34,6,1,1,4,20230216,1,2025-11-16 08:20:51
1044,3,20,6,1,1,5,20230216,5,2025-11-16 08:20:51
1045,3,29,7,1,1,6,20230216,33,2025-11-16 08:20:51
1046,3,29,7,1,2,7,20230216,108,2025-11-16 08:20:51
1047,2,29,9,1,2,8,20230216,230,2025-11-16 08:20:51
1048,1,36,4,1,1,9,20230216,124,2025-11-16 08:20:51
1049,13,49,14,1,1,10,20230216,69,2025-11-16 08:20:51
1050,11,47,5,1,1,11,20230216,66,2025-11-16 08:20:51
1051,5,26,10,1,1,12,20230216,86,2025-11-16 08:20:51
1052,7,25,12,1,1,13,20230216,93,2025-11-16 08:20:51
1053,8,41,13,1,1,14,20230216,82,2025-11-16 08:20:51
1054,8,41,13,1,1,15,20230216,117,2025-11-16 08:20:51
1055,8,62,14,1,1,16,20230216,122,2025-11-16 08:20:51
1056,8,41,4,1,1,17,20230216,255,2025-11-16 08:20:51
1057,10,23,7,1,1,18,20230216,222,2025-11-16 08:20:51
1058,11,46,7,1,1,19,20230216,161,2025-11-16 08:20:51
1059,5,22,6,1,1,20,20230216,118,2025-11-16 08:20:51
1060,6,16,6,1,1,21,20230216,92,2025-11-16 08:20:51
1061,11,46,6,1,1,22,20230216,73,2025-11-16 08:20:51
1062,5,23,7,1,1,23,20230216,33,2025-11-16 08:20:51
1063,11,46,6,1,1,0,20230217,17,2025-11-16 08:20:51
1064,11,46,7,1,1,1,20230217,6,2025-11-16 08:20:51
1065,11,46,7,1,2,2,20230217,6,2025-11-16 08:20:51
1066,11,46,6,1,1,3,20230217,4,2025-11-16 08:20:51
1067,4,15,6,1,1,4,20230217,4,2025-11-16 08:20:51
1068,4,14,2,1,1,5,20230217,12,2025-11-16 08:20:51
1069,12,57,8,1,1,6,20230217,47,2025-11-16 08:20:51
1070,4,15,15,1,1,7,20230217,126,2025-11-16 08:20:51
1071,4,15,2,1,1,8,20230217,285,2025-11-16 08:20:51
1072,6,15,6,1,1,9,20230217,179,2025-11-16 08:20:51
1073,5,48,6,1,1,10,20230217,88,2025-11-16 08:20:51
1074,9,19,3,1,2,11,20230217,90,2025-11-16 08:20:51
1075,28,49,7,1,1,12,20230217,101,2025-11-16 08:20:51
1076,29,47,7,1,1,13,20230217,123,2025-11-16 08:20:51
1077,27,62,7,1,1,14,20230217,81,2025-11-16 08:20:51
1078,27,41,3,1,1,15,20230217,106,2025-11-16 08:20:51
1079,25,24,5,1,2,16,20230217,146,2025-11-16 08:20:51
1080,26,26,5,1,2,17,20230217,274,2025-11-16 08:20:51
1081,29,17,4,1,2,18,20230217,222,2025-11-16 08:20:51
1082,28,29,10,1,1,19,20230217,175,2025-11-16 08:20:51
1083,28,30,10,1,1,20,20230217,139,2025-11-16 08:20:51
1084,24,29,14,1,1,21,20230217,124,2025-11-16 08:20:51
1085,30,30,4,1,1,22,20230217,76,2025-11-16 08:20:51
1086,8,69,5,1,1,23,20230217,44,2025-11-16 08:20:51
1087,9,7,4,1,1,0,20230218,32,2025-11-16 08:20:51
1088,9,7,7,1,1,1,20230218,8,2025-11-16 08:20:51
1089,9,7,4,1,1,2,20230218,7,2025-11-16 08:20:51
1090,8,69,3,1,1,3,20230218,8,2025-11-16 08:20:51
1091,8,69,3,1,1,4,20230218,1,2025-11-16 08:20:51
1092,8,69,15,1,2,5,20230218,7,2025-11-16 08:20:51
1093,9,7,9,1,2,6,20230218,50,2025-11-16 08:20:51
1094,7,6,7,1,2,7,20230218,116,2025-11-16 08:20:51
1095,7,6,6,1,2,8,20230218,272,2025-11-16 08:20:51
1096,7,6,6,1,2,9,20230218,169,2025-11-16 08:20:51
1097,9,7,7,1,2,10,20230218,95,2025-11-16 08:20:51
1098,9,7,9,1,1,11,20230218,113,2025-11-16 08:20:51
1099,30,30,6,1,1,12,20230218,185,2025-11-16 08:20:51
1100,27,22,6,1,1,13,20230218,176,2025-11-16 08:20:51
1101,31,43,5,1,1,14,20230218,191,2025-11-16 08:20:51
1102,31,43,10,1,1,15,20230218,172,2025-11-16 08:20:51
1103,31,43,4,1,1,16,20230218,232,2025-11-16 08:20:51
1104,31,47,12,1,1,17,20230218,327,2025-11-16 08:20:51
1105,32,40,10,1,1,18,20230218,224,2025-11-16 08:20:51
1106,33,45,20,1,1,19,20230218,162,2025-11-16 08:20:51
1107,27,62,6,1,1,20,20230218,124,2025-11-16 08:20:51
1108,26,59,16,1,1,21,20230218,72,2025-11-16 08:20:51
1109,29,70,3,1,1,22,20230218,107,2025-11-16 08:20:51
1110,24,71,4,1,1,23,20230218,77,2025-11-16 08:20:51
1111,28,72,16,1,1,0,20230219,29,2025-11-16 08:20:51
1112,8,73,13,1,1,1,20230219,31,2025-11-16 08:20:51
1113,9,74,14,1,1,2,20230219,17,2025-11-16 08:20:51
1114,7,73,5,1,1,3,20230219,7,2025-11-16 08:20:51
1115,10,68,10,1,1,4,20230219,3,2025-11-16 08:20:51
1116,10,68,10,1,1,5,20230219,3,2025-11-16 08:20:51
1117,10,75,13,1,1,6,20230219,6,2025-11-16 08:20:51
1118,5,75,19,1,1,7,20230219,22,2025-11-16 08:20:51
1119,5,75,20,1,1,8,20230219,45,2025-11-16 08:20:51
1120,10,76,21,1,1,9,20230219,55,2025-11-16 08:20:51
1121,7,76,20,1,1,10,20230219,106,2025-11-16 08:20:51
1122,9,76,20,1,1,11,20230219,123,2025-11-16 08:20:51
1123,9,77,16,1,1,12,20230219,119,2025-11-16 08:20:51
1124,9,76,22,1,1,13,20230219,155,2025-11-16 08:20:51
1125,8,68,21,1,1,14,20230219,196,2025-11-16 08:20:51
1126,9,76,25,1,1,15,20230219,171,2025-11-16 08:20:51
1127,9,76,26,1,1,16,20230219,120,2025-11-16 08:20:51
1128,7,67,22,1,1,17,20230219,127,2025-11-16 08:20:51
1129,6,60,11,1,1,18,20230219,88,2025-11-16 08:20:51
1130,11,45,12,1,1,19,20230219,59,2025-11-16 08:20:51
1131,4,41,19,1,1,20,20230219,47,2025-11-16 08:20:51
1132,4,61,17,1,1,21,20230219,33,2025-11-16 08:20:51
1133,12,41,16,1,1,22,20230219,44,2025-11-16 08:20:51
1134,18,40,11,1,1,23,20230219,29,2025-11-16 08:20:51
1135,13,24,11,1,1,0,20230220,17,2025-11-16 08:20:51
1136,1,49,18,1,1,1,20230220,16,2025-11-16 08:20:51
1137,1,49,17,1,1,2,20230220,17,2025-11-16 08:20:51
1138,2,19,17,1,1,3,20230220,18,2025-11-16 08:20:51
1139,2,19,17,1,1,4,20230220,1,2025-11-16 08:20:51
1140,3,20,5,1,1,6,20230220,2,2025-11-16 08:20:51
1141,16,34,3,1,1,7,20230220,2,2025-11-16 08:20:51
1142,3,34,15,1,1,8,20230220,24,2025-11-16 08:20:51
1143,2,20,4,1,1,9,20230220,55,2025-11-16 08:20:51
1144,13,49,6,1,2,10,20230220,104,2025-11-16 08:20:51
1145,12,40,9,1,2,11,20230220,161,2025-11-16 08:20:51
1146,12,40,15,1,1,12,20230220,182,2025-11-16 08:20:51
1147,11,45,1,1,1,13,20230220,198,2025-11-16 08:20:51
1148,6,58,9,1,1,14,20230220,212,2025-11-16 08:20:51
1149,6,58,2,1,1,15,20230220,168,2025-11-16 08:20:51
1150,6,45,2,1,1,16,20230220,147,2025-11-16 08:20:51
1151,11,40,9,1,1,17,20230220,146,2025-11-16 08:20:51
1152,11,43,8,1,2,18,20230220,101,2025-11-16 08:20:51
1153,11,43,8,1,2,19,20230220,42,2025-11-16 08:20:51
1154,11,17,1,1,2,20,20230220,42,2025-11-16 08:20:51
1155,4,46,1,1,2,21,20230220,56,2025-11-16 08:20:51
1156,4,15,7,1,2,22,20230220,47,2025-11-16 08:20:51
1157,12,54,9,1,2,23,20230220,54,2025-11-16 08:20:51
1158,11,17,10,1,2,0,20230221,37,2025-11-16 08:20:51
1159,11,17,10,1,2,1,20230221,13,2025-11-16 08:20:51
1160,11,17,10,1,2,2,20230221,4,2025-11-16 08:20:51
1161,11,17,5,1,2,3,20230221,5,2025-11-16 08:20:51
1162,4,50,9,1,1,4,20230221,1,2025-11-16 08:20:51
1163,11,43,1,1,2,5,20230221,3,2025-11-16 08:20:51
1164,7,61,5,1,2,6,20230221,8,2025-11-16 08:20:51
1165,7,61,4,1,2,7,20230221,19,2025-11-16 08:20:51
1166,4,15,5,1,2,8,20230221,63,2025-11-16 08:20:51
1167,4,15,4,1,2,9,20230221,57,2025-11-16 08:20:51
1168,4,15,3,1,2,10,20230221,81,2025-11-16 08:20:51
1169,4,15,15,1,2,11,20230221,90,2025-11-16 08:20:51
1170,4,14,6,1,2,12,20230221,93,2025-11-16 08:20:51
1171,12,1,10,1,3,13,20230221,103,2025-11-16 08:20:51
1172,4,5,3,1,2,14,20230221,116,2025-11-16 08:20:51
1173,12,57,11,1,2,15,20230221,87,2025-11-16 08:20:51
1174,18,3,13,1,3,16,20230221,56,2025-11-16 08:20:51
1175,18,3,14,1,2,17,20230221,80,2025-11-16 08:20:51
1176,1,10,12,1,2,18,20230221,66,2025-11-16 08:20:51
1177,1,10,12,1,2,19,20230221,49,2025-11-16 08:20:51
1178,1,1,14,1,3,20,20230221,29,2025-11-16 08:20:51
1179,2,3,11,1,3,21,20230221,34,2025-11-16 08:20:51
1180,3,3,13,1,3,22,20230221,11,2025-11-16 08:20:51
1181,3,3,13,1,3,23,20230221,2,2025-11-16 08:20:51
1182,17,2,4,1,2,6,20230222,7,2025-11-16 08:20:51
1183,17,2,4,1,2,7,20230222,40,2025-11-16 08:20:51
1184,17,2,3,1,2,8,20230222,114,2025-11-16 08:20:51
1185,15,33,3,1,2,9,20230222,106,2025-11-16 08:20:51
1186,14,28,1,1,1,10,20230222,44,2025-11-16 08:20:51
1187,14,27,1,1,1,11,20230222,50,2025-11-16 08:20:51
1188,3,30,15,1,1,12,20230222,55,2025-11-16 08:20:51
1189,2,29,9,1,1,13,20230222,55,2025-11-16 08:20:51
1190,2,29,6,1,1,14,20230222,58,2025-11-16 08:20:51
1191,1,38,6,1,1,15,20230222,69,2025-11-16 08:20:51
1192,2,34,9,1,1,16,20230222,86,2025-11-16 08:20:51
1193,2,34,7,1,1,17,20230222,196,2025-11-16 08:20:51
1194,2,20,8,1,1,18,20230222,167,2025-11-16 08:20:51
1195,3,20,4,1,1,19,20230222,118,2025-11-16 08:20:51
1196,3,20,7,1,1,20,20230222,105,2025-11-16 08:20:51
1197,3,20,3,1,1,21,20230222,82,2025-11-16 08:20:51
1198,14,22,3,1,1,22,20230222,77,2025-11-16 08:20:51
1199,14,22,3,1,1,23,20230222,21,2025-11-16 08:20:51
1200,15,21,6,1,1,0,20230223,6,2025-11-16 08:20:51
1201,15,16,9,1,1,1,20230223,4,2025-11-16 08:20:51
1202,17,21,8,1,1,2,20230223,1,2025-11-16 08:20:51
1203,17,21,9,1,1,3,20230223,2,2025-11-16 08:20:51
1204,17,21,15,1,1,5,20230223,8,2025-11-16 08:20:51
1205,17,21,15,1,1,6,20230223,36,2025-11-16 08:20:51
1206,17,48,8,1,1,7,20230223,96,2025-11-16 08:20:51
1207,15,48,9,1,1,8,20230223,235,2025-11-16 08:20:51
1208,16,34,2,1,1,9,20230223,139,2025-11-16 08:20:51
1209,3,23,1,1,1,10,20230223,51,2025-11-16 08:20:51
1210,1,49,15,1,1,11,20230223,69,2025-11-16 08:20:51
1211,13,24,2,1,1,12,20230223,67,2025-11-16 08:20:51
1212,12,41,2,1,1,13,20230223,87,2025-11-16 08:20:51
1213,4,45,15,1,1,14,20230223,78,2025-11-16 08:20:51
1214,11,60,2,1,1,15,20230223,72,2025-11-16 08:20:51
1215,11,60,1,1,1,16,20230223,94,2025-11-16 08:20:51
1216,11,60,2,1,1,17,20230223,222,2025-11-16 08:20:51
1217,4,61,2,1,1,18,20230223,209,2025-11-16 08:20:51
1218,12,40,1,1,1,19,20230223,141,2025-11-16 08:20:51
1219,1,55,9,1,1,20,20230223,109,2025-11-16 08:20:51
1220,1,38,1,1,1,21,20230223,91,2025-11-16 08:20:51
1221,1,38,1,1,1,22,20230223,61,2025-11-16 08:20:51
1222,2,29,2,1,1,23,20230223,39,2025-11-16 08:20:51
1223,2,29,2,1,1,0,20230224,11,2025-11-16 08:20:51
1224,2,55,2,1,1,1,20230224,7,2025-11-16 08:20:51
1225,3,27,2,1,1,2,20230224,4,2025-11-16 08:20:51
1226,3,27,8,1,1,3,20230224,2,2025-11-16 08:20:51
1227,3,28,8,1,1,5,20230224,4,2025-11-16 08:20:51
1228,3,28,6,1,1,6,20230224,58,2025-11-16 08:20:51
1229,3,7,6,1,1,7,20230224,104,2025-11-16 08:20:51
1230,1,57,7,1,1,8,20230224,252,2025-11-16 08:20:51
1231,1,3,5,1,2,9,20230224,137,2025-11-16 08:20:51
1232,13,57,4,1,2,10,20230224,57,2025-11-16 08:20:51
1233,4,15,14,1,2,11,20230224,79,2025-11-16 08:20:51
1234,6,46,12,1,2,12,20230224,95,2025-11-16 08:20:51
1235,5,48,5,1,2,13,20230224,88,2025-11-16 08:20:51
1236,10,21,5,1,2,14,20230224,69,2025-11-16 08:20:51
1237,10,48,14,1,3,15,20230224,63,2025-11-16 08:20:51
1238,5,52,4,1,3,16,20230224,71,2025-11-16 08:20:51
1239,6,14,6,1,3,17,20230224,177,2025-11-16 08:20:51
1240,11,10,10,1,2,18,20230224,137,2025-11-16 08:20:51
1241,11,44,5,1,3,19,20230224,115,2025-11-16 08:20:51
1242,11,44,12,1,2,20,20230224,89,2025-11-16 08:20:51
1243,11,10,10,1,2,21,20230224,83,2025-11-16 08:20:51
1244,11,10,4,1,3,22,20230224,55,2025-11-16 08:20:51
1245,4,44,7,1,2,23,20230224,50,2025-11-16 08:20:51
1246,4,44,1,1,3,0,20230225,9,2025-11-16 08:20:51
1247,4,12,1,1,2,1,20230225,10,2025-11-16 08:20:51
1248,4,12,1,1,2,2,20230225,3,2025-11-16 08:20:51
1249,4,44,15,1,2,3,20230225,2,2025-11-16 08:20:51
1250,4,44,15,1,2,5,20230225,6,2025-11-16 08:20:51
1251,11,44,2,1,3,6,20230225,11,2025-11-16 08:20:51
1252,11,12,8,1,3,7,20230225,35,2025-11-16 08:20:51
1253,6,44,8,1,3,8,20230225,73,2025-11-16 08:20:51
1254,11,44,12,1,3,9,20230225,114,2025-11-16 08:20:51
1255,7,11,10,1,3,10,20230225,49,2025-11-16 08:20:51
1256,24,6,11,1,1,11,20230225,59,2025-11-16 08:20:51
1257,29,55,18,1,3,12,20230225,115,2025-11-16 08:20:51
1258,29,55,18,1,3,13,20230225,83,2025-11-16 08:20:51
1259,25,35,22,1,3,14,20230225,85,2025-11-16 08:20:51
1260,8,49,27,1,1,15,20230225,55,2025-11-16 08:20:51
1261,4,37,18,1,1,16,20230225,102,2025-11-16 08:20:51
1262,4,37,25,1,1,17,20230225,189,2025-11-16 08:20:51
1263,4,37,16,1,1,18,20230225,157,2025-11-16 08:20:51
1264,12,36,11,1,1,19,20230225,90,2025-11-16 08:20:51
1265,12,37,22,1,1,20,20230225,62,2025-11-16 08:20:51
1266,18,38,14,1,1,21,20230225,63,2025-11-16 08:20:51
1267,13,38,11,1,1,22,20230225,50,2025-11-16 08:20:51
1268,13,38,10,1,1,23,20230225,39,2025-11-16 08:20:51
1269,1,36,6,1,1,0,20230226,28,2025-11-16 08:20:51
1270,1,36,5,1,1,1,20230226,27,2025-11-16 08:20:51
1271,2,55,12,1,1,2,20230226,12,2025-11-16 08:20:51
1272,2,29,8,1,1,3,20230226,8,2025-11-16 08:20:51
1273,2,55,2,1,2,4,20230226,2,2025-11-16 08:20:51
1274,2,27,15,1,2,5,20230226,10,2025-11-16 08:20:51
1275,2,55,1,1,1,6,20230226,7,2025-11-16 08:20:51
1276,2,55,2,1,1,7,20230226,22,2025-11-16 08:20:51
1277,1,55,1,1,2,8,20230226,57,2025-11-16 08:20:51
1278,13,35,9,1,2,9,20230226,74,2025-11-16 08:20:51
1279,12,37,8,1,2,10,20230226,85,2025-11-16 08:20:51
1280,12,50,1,1,1,11,20230226,126,2025-11-16 08:20:51
1281,4,50,9,1,2,12,20230226,160,2025-11-16 08:20:51
1282,11,17,3,1,2,13,20230226,174,2025-11-16 08:20:51
1283,11,43,10,1,2,14,20230226,211,2025-11-16 08:20:51
1284,6,23,4,1,2,15,20230226,165,2025-11-16 08:20:51
1285,6,16,4,1,1,16,20230226,171,2025-11-16 08:20:51
1286,6,22,7,1,1,17,20230226,183,2025-11-16 08:20:51
1287,11,16,6,1,1,18,20230226,137,2025-11-16 08:20:51
1288,4,37,3,1,1,19,20230226,94,2025-11-16 08:20:51
1289,12,35,9,1,1,20,20230226,68,2025-11-16 08:20:51
1290,18,56,3,1,1,21,20230226,68,2025-11-16 08:20:51
1291,18,3,7,1,1,22,20230226,46,2025-11-16 08:20:51
1292,18,3,4,1,1,23,20230226,34,2025-11-16 08:20:51
1293,13,10,4,1,1,0,20230227,34,2025-11-16 08:20:51
1294,13,10,6,1,1,1,20230227,37,2025-11-16 08:20:51
1295,13,10,8,1,1,2,20230227,22,2025-11-16 08:20:51
1296,13,10,2,1,1,3,20230227,11,2025-11-16 08:20:51
1297,1,10,8,1,1,4,20230227,2,2025-11-16 08:20:51
1298,1,10,1,1,1,6,20230227,3,2025-11-16 08:20:51
1299,1,10,8,1,1,7,20230227,14,2025-11-16 08:20:51
1300,13,10,1,1,1,8,20230227,35,2025-11-16 08:20:51
1301,18,10,2,1,1,9,20230227,59,2025-11-16 08:20:51
1302,12,1,9,1,1,10,20230227,103,2025-11-16 08:20:51
1303,6,52,8,1,1,11,20230227,125,2025-11-16 08:20:51
1304,10,48,2,1,1,12,20230227,193,2025-11-16 08:20:51
1305,7,20,1,1,1,13,20230227,259,2025-11-16 08:20:51
1306,9,20,2,1,1,14,20230227,282,2025-11-16 08:20:51
1307,8,19,8,1,1,15,20230227,261,2025-11-16 08:20:51
1308,28,19,9,1,1,16,20230227,268,2025-11-16 08:20:51
1309,7,48,6,1,1,17,20230227,187,2025-11-16 08:20:51
1310,10,48,6,1,1,18,20230227,127,2025-11-16 08:20:51
1311,10,48,8,1,1,19,20230227,102,2025-11-16 08:20:51
1312,10,48,2,1,1,20,20230227,81,2025-11-16 08:20:51
1313,5,52,9,1,1,21,20230227,69,2025-11-16 08:20:51
1314,5,52,15,1,2,22,20230227,69,2025-11-16 08:20:51
1315,6,52,9,1,2,23,20230227,59,2025-11-16 08:20:51
1316,6,14,15,1,2,0,20230228,30,2025-11-16 08:20:51
1317,11,10,12,1,3,1,20230228,8,2025-11-16 08:20:51
1318,4,44,9,1,3,3,20230228,1,2025-11-16 08:20:51
1319,11,44,1,1,2,5,20230228,5,2025-11-16 08:20:51
1320,11,78,15,1,2,6,20230228,28,2025-11-16 08:20:51
1321,6,44,15,1,2,7,20230228,92,2025-11-16 08:20:51
1322,11,44,5,1,2,8,20230228,255,2025-11-16 08:20:51
1323,7,8,4,1,1,9,20230228,142,2025-11-16 08:20:51
1324,24,7,16,1,2,10,20230228,92,2025-11-16 08:20:51
1325,25,27,5,1,2,11,20230228,87,2025-11-16 08:20:51
1326,25,27,5,1,2,12,20230228,36,2025-11-16 08:20:51
1327,8,11,7,1,3,13,20230228,32,2025-11-16 08:20:51
1328,7,12,5,1,3,14,20230228,25,2025-11-16 08:20:51
1329,7,12,5,1,3,15,20230228,35,2025-11-16 08:20:51
1330,7,12,8,1,3,16,20230228,42,2025-11-16 08:20:51
1331,10,12,5,1,3,17,20230228,79,2025-11-16 08:20:51
1332,8,11,6,1,3,18,20230228,131,2025-11-16 08:20:51
1333,9,9,22,1,3,19,20230228,80,2025-11-16 08:20:51
1334,9,9,22,1,3,20,20230228,45,2025-11-16 08:20:51
1335,5,10,14,1,2,21,20230228,80,2025-11-16 08:20:51
1336,11,44,13,1,3,22,20230228,76,2025-11-16 08:20:51
1337,4,1,14,1,2,23,20230228,45,2025-11-16 08:20:51
1338,12,57,18,1,1,0,20230301,7,2025-11-16 08:20:51
1339,13,57,12,1,1,1,20230301,3,2025-11-16 08:20:51
1340,1,56,14,1,1,2,20230301,4,2025-11-16 08:20:51
1341,2,28,4,1,1,3,20230301,2,2025-11-16 08:20:51
1342,2,28,3,1,1,4,20230301,1,2025-11-16 08:20:51
1343,3,27,4,1,1,5,20230301,2,2025-11-16 08:20:51
1344,3,30,5,1,1,6,20230301,46,2025-11-16 08:20:51
1345,3,30,10,1,1,7,20230301,107,2025-11-16 08:20:51
1346,3,30,14,1,1,8,20230301,214,2025-11-16 08:20:51
1347,2,29,13,1,1,9,20230301,124,2025-11-16 08:20:51
1348,1,36,4,1,1,10,20230301,68,2025-11-16 08:20:51
1349,18,50,3,1,1,11,20230301,56,2025-11-16 08:20:51
1350,12,18,8,1,1,12,20230301,86,2025-11-16 08:20:51
1351,4,18,1,1,1,13,20230301,78,2025-11-16 08:20:51
1352,4,43,8,1,1,14,20230301,79,2025-11-16 08:20:51
1353,11,47,1,1,1,15,20230301,64,2025-11-16 08:20:51
1354,11,47,2,1,1,16,20230301,102,2025-11-16 08:20:51
1355,11,47,2,1,1,17,20230301,242,2025-11-16 08:20:51
1356,4,18,6,1,1,18,20230301,224,2025-11-16 08:20:51
1357,12,37,8,1,1,19,20230301,119,2025-11-16 08:20:51
1358,12,54,2,1,1,20,20230301,88,2025-11-16 08:20:51
1359,13,35,1,1,1,21,20230301,63,2025-11-16 08:20:51
1360,1,52,15,1,1,22,20230301,47,2025-11-16 08:20:51
1361,1,56,7,1,1,23,20230301,25,2025-11-16 08:20:51
1362,2,28,9,1,1,0,20230302,8,2025-11-16 08:20:51
1363,2,28,6,1,1,1,20230302,4,2025-11-16 08:20:51
1364,2,28,6,1,1,2,20230302,2,2025-11-16 08:20:51
1365,2,28,4,1,1,3,20230302,4,2025-11-16 08:20:51
1366,3,3,8,1,1,4,20230302,1,2025-11-16 08:20:51
1367,2,28,7,1,1,5,20230302,5,2025-11-16 08:20:51
1368,2,29,3,1,1,6,20230302,40,2025-11-16 08:20:51
1369,2,27,3,1,1,7,20230302,110,2025-11-16 08:20:51
1370,1,56,4,1,1,8,20230302,256,2025-11-16 08:20:51
1371,18,35,5,1,1,9,20230302,148,2025-11-16 08:20:51
1372,4,37,4,1,1,10,20230302,76,2025-11-16 08:20:51
1373,11,46,10,1,1,11,20230302,73,2025-11-16 08:20:51
1374,10,22,6,1,1,12,20230302,82,2025-11-16 08:20:51
1375,30,60,1,1,1,13,20230302,125,2025-11-16 08:20:51
1376,24,65,5,1,1,14,20230302,96,2025-11-16 08:20:51
1377,29,67,13,1,1,15,20230302,110,2025-11-16 08:20:51
1378,29,67,10,1,1,16,20230302,139,2025-11-16 08:20:51
1379,30,65,4,1,1,17,20230302,268,2025-11-16 08:20:51
1380,8,65,16,1,1,18,20230302,201,2025-11-16 08:20:51
1381,10,41,19,1,1,19,20230302,150,2025-11-16 08:20:51
1382,6,45,13,1,1,20,20230302,95,2025-11-16 08:20:51
1383,11,45,18,1,1,21,20230302,71,2025-11-16 08:20:51
1384,12,61,17,1,1,22,20230302,48,2025-11-16 08:20:51
1385,13,25,19,1,1,23,20230302,22,2025-11-16 08:20:51
1386,1,25,18,1,1,0,20230303,13,2025-11-16 08:20:51
1387,1,25,18,1,1,1,20230303,1,2025-11-16 08:20:51
1388,3,58,18,1,1,2,20230303,3,2025-11-16 08:20:51
1389,3,58,18,1,1,3,20230303,1,2025-11-16 08:20:51
1390,14,62,16,1,1,4,20230303,1,2025-11-16 08:20:51
1391,15,40,5,1,1,5,20230303,8,2025-11-16 08:20:51
1392,15,40,5,1,1,6,20230303,35,2025-11-16 08:20:51
1393,17,17,13,1,1,7,20230303,111,2025-11-16 08:20:51
1394,15,18,5,1,1,8,20230303,220,2025-11-16 08:20:51
1395,14,39,4,1,1,9,20230303,145,2025-11-16 08:20:51
1396,16,45,6,1,1,10,20230303,56,2025-11-16 08:20:51
1397,3,45,2,1,1,11,20230303,50,2025-11-16 08:20:51
1398,2,60,8,1,1,12,20230303,72,2025-11-16 08:20:51
1399,2,60,2,1,1,13,20230303,80,2025-11-16 08:20:51
1400,1,59,15,1,1,14,20230303,78,2025-11-16 08:20:51
1401,1,65,1,1,1,15,20230303,68,2025-11-16 08:20:51
1402,13,65,1,1,1,16,20230303,71,2025-11-16 08:20:51
1403,13,66,1,1,1,17,20230303,202,2025-11-16 08:20:51
1404,1,24,10,1,1,18,20230303,167,2025-11-16 08:20:51
1405,3,23,3,1,1,19,20230303,106,2025-11-16 08:20:51
1406,3,23,2,1,1,20,20230303,70,2025-11-16 08:20:51
1407,16,23,15,1,1,21,20230303,51,2025-11-16 08:20:51
1408,3,23,1,1,1,22,20230303,53,2025-11-16 08:20:51
1409,16,22,2,1,2,23,20230303,23,2025-11-16 08:20:51
1410,3,29,6,1,2,0,20230304,12,2025-11-16 08:20:51
1411,16,27,6,1,2,1,20230304,4,2025-11-16 08:20:51
1412,16,27,6,1,2,2,20230304,2,2025-11-16 08:20:51
1413,16,33,3,1,2,3,20230304,1,2025-11-16 08:20:51
1414,16,33,6,1,2,4,20230304,1,2025-11-16 08:20:51
1415,14,33,8,1,2,5,20230304,7,2025-11-16 08:20:51
1416,14,33,2,1,2,6,20230304,29,2025-11-16 08:20:51
1417,14,2,8,1,1,7,20230304,83,2025-11-16 08:20:51
1418,16,33,8,1,1,8,20230304,228,2025-11-16 08:20:51
1419,2,55,8,1,1,9,20230304,150,2025-11-16 08:20:51
1420,1,55,3,1,1,10,20230304,66,2025-11-16 08:20:51
1421,18,36,7,1,1,11,20230304,89,2025-11-16 08:20:51
1422,4,22,9,1,1,12,20230304,97,2025-11-16 08:20:51
1423,11,17,7,1,1,13,20230304,87,2025-11-16 08:20:51
1424,6,23,4,1,1,14,20230304,95,2025-11-16 08:20:51
1425,6,23,5,1,1,15,20230304,106,2025-11-16 08:20:51
1426,6,16,6,1,1,16,20230304,118,2025-11-16 08:20:51
1427,6,21,3,1,2,17,20230304,228,2025-11-16 08:20:51
1428,11,46,5,1,2,18,20230304,187,2025-11-16 08:20:51
1429,4,54,3,1,1,19,20230304,107,2025-11-16 08:20:51
1430,12,57,6,1,2,20,20230304,87,2025-11-16 08:20:51
1431,12,57,7,1,2,21,20230304,70,2025-11-16 08:20:51
1432,12,57,6,1,1,22,20230304,44,2025-11-16 08:20:51
1433,12,3,9,1,2,23,20230304,46,2025-11-16 08:20:51
1434,18,1,15,1,2,0,20230305,19,2025-11-16 08:20:51
1435,12,1,15,1,2,1,20230305,25,2025-11-16 08:20:51
1436,12,10,6,1,2,2,20230305,20,2025-11-16 08:20:51
1437,12,10,6,1,2,3,20230305,2,2025-11-16 08:20:51
1438,12,44,9,1,2,4,20230305,1,2025-11-16 08:20:51
1439,12,12,8,1,2,5,20230305,3,2025-11-16 08:20:51
1440,12,12,7,1,2,6,20230305,4,2025-11-16 08:20:51
1441,12,12,5,1,2,7,20230305,15,2025-11-16 08:20:51
1442,12,12,5,1,2,8,20230305,45,2025-11-16 08:20:51
1443,4,44,7,1,2,9,20230305,63,2025-11-16 08:20:51
1444,11,44,6,1,2,10,20230305,103,2025-11-16 08:20:51
1445,10,5,7,1,2,11,20230305,159,2025-11-16 08:20:51
1446,9,69,3,1,2,12,20230305,167,2025-11-16 08:20:51
1447,8,69,4,1,2,13,20230305,190,2025-11-16 08:20:51
1448,28,30,4,1,2,14,20230305,198,2025-11-16 08:20:51
1449,8,31,5,1,2,15,20230305,205,2025-11-16 08:20:51
1450,28,30,5,1,2,16,20230305,204,2025-11-16 08:20:51
1451,28,30,12,1,2,17,20230305,164,2025-11-16 08:20:51
1452,28,30,10,1,2,18,20230305,152,2025-11-16 08:20:51
1453,8,69,10,1,2,19,20230305,89,2025-11-16 08:20:51
1454,9,6,10,1,2,20,20230305,70,2025-11-16 08:20:51
1455,9,7,10,1,2,21,20230305,72,2025-11-16 08:20:51
1456,7,6,5,1,2,22,20230305,63,2025-11-16 08:20:51
1457,9,6,5,1,2,23,20230305,44,2025-11-16 08:20:51
1458,7,6,12,1,2,0,20230306,52,2025-11-16 08:20:51
1459,7,6,4,1,2,1,20230306,39,2025-11-16 08:20:51
1460,10,8,4,1,2,2,20230306,32,2025-11-16 08:20:51
1461,7,8,5,1,2,3,20230306,11,2025-11-16 08:20:51
1462,7,9,12,1,2,4,20230306,3,2025-11-16 08:20:51
1463,7,11,12,1,2,6,20230306,2,2025-11-16 08:20:51
1464,7,12,11,1,3,7,20230306,5,2025-11-16 08:20:51
1465,10,12,5,1,2,8,20230306,9,2025-11-16 08:20:51
1466,7,12,4,1,2,9,20230306,22,2025-11-16 08:20:51
1467,7,12,5,1,2,10,20230306,31,2025-11-16 08:20:51
1468,7,12,7,1,2,11,20230306,62,2025-11-16 08:20:51
1469,8,11,10,1,2,12,20230306,79,2025-11-16 08:20:51
1470,8,11,12,1,2,13,20230306,105,2025-11-16 08:20:51
1471,9,12,7,1,3,14,20230306,39,2025-11-16 08:20:51
1472,9,12,7,1,3,15,20230306,7,2025-11-16 08:20:51
1473,6,12,4,1,3,16,20230306,11,2025-11-16 08:20:51
1474,11,12,5,1,3,17,20230306,25,2025-11-16 08:20:51
1475,4,12,12,1,3,18,20230306,23,2025-11-16 08:20:51
1476,12,12,16,1,3,19,20230306,11,2025-11-16 08:20:51
1477,18,12,13,1,3,20,20230306,11,2025-11-16 08:20:51
1478,1,44,22,1,3,21,20230306,7,2025-11-16 08:20:51
1479,2,12,14,1,2,22,20230306,10,2025-11-16 08:20:51
1480,2,12,13,1,2,23,20230306,9,2025-11-16 08:20:51
1481,3,12,10,1,3,0,20230307,4,2025-11-16 08:20:51
1482,3,12,10,1,3,1,20230307,2,2025-11-16 08:20:51
1483,3,2,20,1,1,3,20230307,1,2025-11-16 08:20:51
1484,3,2,19,1,1,4,20230307,1,2025-11-16 08:20:51
1485,3,3,12,1,1,5,20230307,1,2025-11-16 08:20:51
1486,3,3,14,1,1,6,20230307,34,2025-11-16 08:20:51
1487,3,3,13,1,1,7,20230307,91,2025-11-16 08:20:51
1488,3,3,14,1,1,8,20230307,211,2025-11-16 08:20:51
1489,2,27,18,1,1,9,20230307,134,2025-11-16 08:20:51
1490,1,55,5,1,1,10,20230307,58,2025-11-16 08:20:51
1491,13,38,11,1,1,11,20230307,60,2025-11-16 08:20:51
1492,12,17,13,1,1,12,20230307,96,2025-11-16 08:20:51
1493,4,43,14,1,1,13,20230307,70,2025-11-16 08:20:51
1494,4,43,13,1,1,14,20230307,77,2025-11-16 08:20:51
1495,11,62,14,1,1,15,20230307,96,2025-11-16 08:20:51
1496,11,62,12,1,1,16,20230307,122,2025-11-16 08:20:51
1497,11,45,12,1,1,17,20230307,233,2025-11-16 08:20:51
1498,4,62,7,1,1,18,20230307,233,2025-11-16 08:20:51
1499,12,40,7,1,1,19,20230307,145,2025-11-16 08:20:51
1500,12,40,9,1,1,20,20230307,92,2025-11-16 08:20:51
1501,18,42,7,1,1,21,20230307,54,2025-11-16 08:20:51
1502,13,38,9,1,1,22,20230307,35,2025-11-16 08:20:51
1503,18,38,1,1,1,23,20230307,22,2025-11-16 08:20:51
1504,13,38,2,1,1,0,20230308,10,2025-11-16 08:20:51
1505,1,36,8,1,1,1,20230308,4,2025-11-16 08:20:51
1506,1,36,8,1,1,2,20230308,1,2025-11-16 08:20:51
1507,1,36,2,1,1,3,20230308,7,2025-11-16 08:20:51
1508,2,27,1,1,1,4,20230308,2,2025-11-16 08:20:51
1509,3,28,15,1,1,5,20230308,10,2025-11-16 08:20:51
1510,3,30,1,1,1,6,20230308,45,2025-11-16 08:20:51
1511,16,27,8,1,1,7,20230308,128,2025-11-16 08:20:51
1512,2,29,6,1,1,8,20230308,257,2025-11-16 08:20:51
1513,13,49,9,1,1,9,20230308,151,2025-11-16 08:20:51
1514,12,40,6,1,2,10,20230308,71,2025-11-16 08:20:51
1515,6,60,9,1,2,11,20230308,78,2025-11-16 08:20:51
1516,6,65,1,1,2,12,20230308,99,2025-11-16 08:20:51
1517,5,60,15,1,2,13,20230308,98,2025-11-16 08:20:51
1518,5,79,1,1,2,14,20230308,72,2025-11-16 08:20:51
1519,6,77,1,1,2,15,20230308,112,2025-11-16 08:20:51
1520,5,58,9,1,1,16,20230308,108,2025-11-16 08:20:51
1521,6,58,7,1,1,17,20230308,248,2025-11-16 08:20:51
1522,11,58,6,1,1,18,20230308,235,2025-11-16 08:20:51
1523,11,62,15,1,1,19,20230308,150,2025-11-16 08:20:51
1524,4,18,2,1,1,20,20230308,76,2025-11-16 08:20:51
1525,12,37,6,1,1,21,20230308,75,2025-11-16 08:20:51
1526,12,37,7,1,1,22,20230308,55,2025-11-16 08:20:51
1527,18,54,6,1,1,23,20230308,41,2025-11-16 08:20:51
1528,13,56,2,1,1,0,20230309,9,2025-11-16 08:20:51
1529,13,36,8,1,1,1,20230309,4,2025-11-16 08:20:51
1530,13,36,8,1,1,2,20230309,2,2025-11-16 08:20:51
1531,1,57,2,1,1,3,20230309,3,2025-11-16 08:20:51
1532,1,3,15,1,1,4,20230309,2,2025-11-16 08:20:51
1533,1,1,8,1,2,5,20230309,8,2025-11-16 08:20:51
1534,1,80,15,1,2,6,20230309,49,2025-11-16 08:20:51
1535,1,10,9,1,2,7,20230309,141,2025-11-16 08:20:51
1536,1,10,8,1,2,8,20230309,249,2025-11-16 08:20:51
1537,13,10,3,1,2,9,20230309,141,2025-11-16 08:20:51
1538,12,3,3,1,2,10,20230309,57,2025-11-16 08:20:51
1539,4,5,14,1,2,11,20230309,59,2025-11-16 08:20:51
1540,4,5,3,1,2,12,20230309,98,2025-11-16 08:20:51
1541,4,5,12,1,2,13,20230309,99,2025-11-16 08:20:51
1542,11,5,5,1,2,14,20230309,71,2025-11-16 08:20:51
1543,6,13,5,1,2,15,20230309,79,2025-11-16 08:20:51
1544,11,5,10,1,2,16,20230309,112,2025-11-16 08:20:51
1545,11,5,5,1,2,17,20230309,194,2025-11-16 08:20:51
1546,11,5,3,1,2,18,20230309,188,2025-11-16 08:20:51
1547,11,5,10,1,2,19,20230309,134,2025-11-16 08:20:51
1548,4,10,6,1,2,20,20230309,91,2025-11-16 08:20:51
1549,4,44,10,1,2,21,20230309,62,2025-11-16 08:20:51
1550,4,44,9,1,3,22,20230309,21,2025-11-16 08:20:51
1551,11,44,6,1,3,23,20230309,18,2025-11-16 08:20:51
1552,11,81,3,1,3,0,20230310,3,2025-11-16 08:20:51
1553,11,81,3,1,3,1,20230310,2,2025-11-16 08:20:51
1554,11,81,3,1,3,2,20230310,1,2025-11-16 08:20:51
1555,6,81,6,1,3,5,20230310,3,2025-11-16 08:20:51
1556,6,81,10,1,3,6,20230310,12,2025-11-16 08:20:51
1557,5,81,7,1,3,7,20230310,37,2025-11-16 08:20:51
1558,5,81,4,1,3,8,20230310,44,2025-11-16 08:20:51
1559,10,81,7,1,3,9,20230310,24,2025-11-16 08:20:51
1560,10,81,9,1,3,10,20230310,17,2025-11-16 08:20:51
1561,10,81,3,1,3,11,20230310,11,2025-11-16 08:20:51
1562,7,81,7,1,3,12,20230310,34,2025-11-16 08:20:51
1563,7,81,7,1,3,13,20230310,12,2025-11-16 08:20:51
1564,9,81,5,1,3,14,20230310,12,2025-11-16 08:20:51
1565,9,81,7,1,3,15,20230310,14,2025-11-16 08:20:51
1566,7,81,3,1,3,16,20230310,21,2025-11-16 08:20:51
1567,9,81,14,1,2,17,20230310,111,2025-11-16 08:20:51
1568,9,81,12,1,3,18,20230310,82,2025-11-16 08:20:51
1569,9,81,20,1,3,19,20230310,56,2025-11-16 08:20:51
1570,6,81,10,1,3,20,20230310,38,2025-11-16 08:20:51
1571,6,81,7,1,3,21,20230310,28,2025-11-16 08:20:51
1572,11,81,8,1,2,22,20230310,34,2025-11-16 08:20:51
1573,11,81,2,1,3,23,20230310,27,2025-11-16 08:20:51
1574,11,12,2,1,2,0,20230311,6,2025-11-16 08:20:51
1575,11,12,15,1,3,1,20230311,8,2025-11-16 08:20:51
1576,11,12,15,1,3,2,20230311,5,2025-11-16 08:20:51
1577,4,44,2,1,2,3,20230311,2,2025-11-16 08:20:51
1578,12,1,7,1,1,5,20230311,7,2025-11-16 08:20:51
1579,13,1,4,1,1,6,20230311,32,2025-11-16 08:20:51
1580,13,57,6,1,1,7,20230311,114,2025-11-16 08:20:51
1581,18,57,3,1,1,8,20230311,259,2025-11-16 08:20:51
1582,12,54,4,1,2,9,20230311,156,2025-11-16 08:20:51
1583,4,15,5,1,2,10,20230311,78,2025-11-16 08:20:51
1584,4,15,5,1,2,11,20230311,81,2025-11-16 08:20:51
1585,11,46,3,1,2,12,20230311,111,2025-11-16 08:20:51
1586,6,46,3,1,1,13,20230311,107,2025-11-16 08:20:51
1587,6,21,12,1,2,14,20230311,89,2025-11-16 08:20:51
1588,11,46,3,1,2,15,20230311,85,2025-11-16 08:20:51
1589,11,37,5,1,2,16,20230311,113,2025-11-16 08:20:51
1590,11,37,7,1,1,17,20230311,223,2025-11-16 08:20:51
1591,4,37,10,1,1,18,20230311,153,2025-11-16 08:20:51
1592,12,35,10,1,1,19,20230311,118,2025-11-16 08:20:51
1593,12,35,9,1,1,20,20230311,76,2025-11-16 08:20:51
1594,12,36,3,1,2,21,20230311,53,2025-11-16 08:20:51
1595,12,36,9,1,1,22,20230311,64,2025-11-16 08:20:51
1596,12,36,3,1,1,23,20230311,37,2025-11-16 08:20:51
1597,13,55,8,1,1,0,20230312,34,2025-11-16 08:20:51
1598,1,56,6,1,1,1,20230312,18,2025-11-16 08:20:51
1599,1,56,6,1,1,2,20230312,14,2025-11-16 08:20:51
1600,1,56,3,1,1,3,20230312,7,2025-11-16 08:20:51
1601,1,56,3,1,1,4,20230312,1,2025-11-16 08:20:51
1602,2,28,6,1,1,5,20230312,2,2025-11-16 08:20:51
1603,2,3,3,1,1,6,20230312,4,2025-11-16 08:20:51
1604,1,57,6,1,1,7,20230312,23,2025-11-16 08:20:51
1605,13,56,9,1,1,8,20230312,53,2025-11-16 08:20:51
1606,18,56,15,1,1,9,20230312,101,2025-11-16 08:20:51
1607,4,14,7,1,1,10,20230312,99,2025-11-16 08:20:51
1608,11,37,10,1,1,11,20230312,119,2025-11-16 08:20:51
1609,11,46,4,1,1,12,20230312,158,2025-11-16 08:20:51
1610,6,34,12,1,1,13,20230312,157,2025-11-16 08:20:51
1611,10,21,11,1,1,14,20230312,166,2025-11-16 08:20:51
1612,7,19,16,1,1,15,20230312,182,2025-11-16 08:20:51
1613,8,49,11,1,1,16,20230312,244,2025-11-16 08:20:51
1614,8,19,10,1,1,17,20230312,213,2025-11-16 08:20:51
1615,7,48,9,1,1,18,20230312,145,2025-11-16 08:20:51
1616,7,48,2,1,1,19,20230312,112,2025-11-16 08:20:51
1617,10,53,15,1,1,20,20230312,86,2025-11-16 08:20:51
1618,5,52,1,1,1,21,20230312,82,2025-11-16 08:20:51
1619,6,13,1,1,1,22,20230312,63,2025-11-16 08:20:51
1620,5,14,2,1,1,23,20230312,49,2025-11-16 08:20:51
1621,5,52,15,1,1,0,20230313,38,2025-11-16 08:20:51
1622,6,14,8,1,1,1,20230313,33,2025-11-16 08:20:51
1623,11,5,8,1,1,3,20230313,23,2025-11-16 08:20:51
1624,11,14,9,1,1,4,20230313,13,2025-11-16 08:20:51
1625,6,52,8,1,1,5,20230313,3,2025-11-16 08:20:51
1626,11,14,1,1,1,6,20230313,2,2025-11-16 08:20:51
1627,6,52,6,1,1,7,20230313,10,2025-11-16 08:20:51
1628,10,21,5,1,1,8,20230313,34,2025-11-16 08:20:51
1629,10,21,13,1,1,9,20230313,44,2025-11-16 08:20:51
1630,7,20,3,1,1,10,20230313,122,2025-11-16 08:20:51
1631,9,49,13,1,1,11,20230313,181,2025-11-16 08:20:51
1632,8,42,14,1,1,12,20230313,194,2025-11-16 08:20:51
1633,8,42,14,1,1,13,20230313,221,2025-11-16 08:20:51
1634,8,49,5,1,1,14,20230313,250,2025-11-16 08:20:51
1635,28,18,10,1,1,15,20230313,304,2025-11-16 08:20:51
1636,8,49,14,1,1,16,20230313,256,2025-11-16 08:20:51
1637,9,49,12,1,1,17,20230313,241,2025-11-16 08:20:51
1638,10,22,12,1,1,18,20230313,147,2025-11-16 08:20:51
1639,6,21,12,1,1,19,20230313,101,2025-11-16 08:20:51
1640,4,15,5,1,1,20,20230313,77,2025-11-16 08:20:51
1641,12,35,3,1,1,21,20230313,58,2025-11-16 08:20:51
1642,12,35,10,1,1,22,20230313,37,2025-11-16 08:20:51
1643,13,56,7,1,1,23,20230313,28,2025-11-16 08:20:51
1644,13,56,15,1,1,0,20230314,11,2025-11-16 08:20:51
1645,13,56,2,1,1,1,20230314,1,2025-11-16 08:20:51
1646,13,56,2,1,1,2,20230314,1,2025-11-16 08:20:51
1647,13,56,8,1,1,3,20230314,3,2025-11-16 08:20:51
1648,1,57,8,1,1,5,20230314,8,2025-11-16 08:20:51
1649,13,56,8,1,1,6,20230314,28,2025-11-16 08:20:51
1650,18,54,1,1,2,7,20230314,88,2025-11-16 08:20:51
1651,12,35,8,1,2,8,20230314,241,2025-11-16 08:20:51
1652,4,46,10,1,1,9,20230314,140,2025-11-16 08:20:51
1653,11,17,3,1,1,10,20230314,84,2025-11-16 08:20:51
1654,6,23,3,1,1,11,20230314,71,2025-11-16 08:20:51
1655,5,39,1,1,1,12,20230314,94,2025-11-16 08:20:51
1656,5,43,10,1,1,13,20230314,75,2025-11-16 08:20:51
1657,5,47,1,1,2,14,20230314,79,2025-11-16 08:20:51
1658,5,39,9,1,1,15,20230314,101,2025-11-16 08:20:51
1659,10,24,15,1,1,16,20230314,107,2025-11-16 08:20:51
1660,5,23,6,1,1,17,20230314,271,2025-11-16 08:20:51
1661,6,23,15,1,1,18,20230314,235,2025-11-16 08:20:51
1662,6,22,8,1,1,19,20230314,150,2025-11-16 08:20:51
1663,11,16,7,1,1,20,20230314,129,2025-11-16 08:20:51
1664,11,16,8,1,1,21,20230314,63,2025-11-16 08:20:51
1665,4,37,15,1,1,22,20230314,47,2025-11-16 08:20:51
1666,4,46,1,1,1,23,20230314,19,2025-11-16 08:20:51
1667,4,46,1,1,1,0,20230315,14,2025-11-16 08:20:51
1668,12,52,2,1,1,1,20230315,10,2025-11-16 08:20:51
1669,12,52,2,1,1,2,20230315,3,2025-11-16 08:20:51
1670,1,3,2,1,1,4,20230315,2,2025-11-16 08:20:51
1671,1,3,6,1,1,5,20230315,11,2025-11-16 08:20:51
1672,2,2,6,1,1,6,20230315,35,2025-11-16 08:20:51
1673,1,3,9,1,1,7,20230315,119,2025-11-16 08:20:51
1674,13,57,2,1,1,8,20230315,282,2025-11-16 08:20:51
1675,12,57,1,1,2,9,20230315,157,2025-11-16 08:20:51
1676,4,14,6,1,2,10,20230315,78,2025-11-16 08:20:51
1677,11,15,7,1,2,11,20230315,78,2025-11-16 08:20:51
1678,6,21,7,1,2,12,20230315,102,2025-11-16 08:20:51
1679,6,15,4,1,2,13,20230315,97,2025-11-16 08:20:51
1680,5,16,5,1,2,14,20230315,88,2025-11-16 08:20:51
1681,5,22,4,1,2,15,20230315,90,2025-11-16 08:20:51
1682,5,16,10,1,2,16,20230315,114,2025-11-16 08:20:51
1683,6,52,6,1,2,17,20230315,217,2025-11-16 08:20:51
1684,6,52,5,1,2,18,20230315,225,2025-11-16 08:20:51
1685,11,13,4,1,2,19,20230315,152,2025-11-16 08:20:51
1686,11,13,4,1,2,20,20230315,88,2025-11-16 08:20:51
1687,4,1,15,1,3,21,20230315,55,2025-11-16 08:20:51
1688,4,10,9,1,2,22,20230315,21,2025-11-16 08:20:51
1689,4,10,9,1,2,23,20230315,18,2025-11-16 08:20:51
1690,12,44,3,1,3,0,20230316,8,2025-11-16 08:20:51
1691,12,12,5,1,3,1,20230316,3,2025-11-16 08:20:51
1692,18,12,7,1,2,3,20230316,3,2025-11-16 08:20:51
1693,12,44,9,1,2,4,20230316,1,2025-11-16 08:20:51
1694,12,44,15,1,2,5,20230316,3,2025-11-16 08:20:51
1695,12,44,15,1,2,6,20230316,31,2025-11-16 08:20:51
1696,12,44,6,1,2,7,20230316,111,2025-11-16 08:20:51
1697,4,44,1,1,2,8,20230316,253,2025-11-16 08:20:51
1698,4,44,8,1,2,9,20230316,154,2025-11-16 08:20:51
1699,6,1,9,1,2,10,20230316,68,2025-11-16 08:20:51
1700,6,1,8,1,2,11,20230316,75,2025-11-16 08:20:51
1701,10,13,15,1,2,12,20230316,88,2025-11-16 08:20:51
1702,10,5,8,1,2,13,20230316,99,2025-11-16 08:20:51
1703,10,5,7,1,2,14,20230316,100,2025-11-16 08:20:51
1704,10,5,3,1,2,15,20230316,101,2025-11-16 08:20:51
1705,10,5,9,1,2,16,20230316,151,2025-11-16 08:20:51
1706,9,48,5,1,2,17,20230316,253,2025-11-16 08:20:51
1707,9,48,7,1,2,18,20230316,237,2025-11-16 08:20:51
1708,9,34,10,1,2,19,20230316,168,2025-11-16 08:20:51
1709,7,48,5,1,2,20,20230316,121,2025-11-16 08:20:51
1710,7,53,4,1,2,21,20230316,78,2025-11-16 08:20:51
1711,10,52,14,1,2,22,20230316,59,2025-11-16 08:20:51
1712,10,56,6,1,1,23,20230316,27,2025-11-16 08:20:51
1713,5,14,3,1,1,0,20230317,23,2025-11-16 08:20:51
1714,6,13,7,1,1,1,20230317,12,2025-11-16 08:20:51
1715,11,13,5,1,1,2,20230317,8,2025-11-16 08:20:51
1716,11,14,9,1,1,3,20230317,2,2025-11-16 08:20:51
1717,11,13,6,1,1,4,20230317,3,2025-11-16 08:20:51
1718,4,5,15,1,1,5,20230317,13,2025-11-16 08:20:51
1719,4,5,6,1,1,6,20230317,51,2025-11-16 08:20:51
1720,4,5,8,1,1,7,20230317,140,2025-11-16 08:20:51
1721,6,14,8,1,1,8,20230317,299,2025-11-16 08:20:51
1722,10,52,3,1,1,9,20230317,185,2025-11-16 08:20:51
1723,9,48,10,1,1,10,20230317,78,2025-11-16 08:20:51
1724,9,48,4,1,1,11,20230317,86,2025-11-16 08:20:51
1725,30,50,7,1,1,12,20230317,105,2025-11-16 08:20:51
1726,24,17,2,1,2,13,20230317,111,2025-11-16 08:20:51
1727,30,50,15,1,1,14,20230317,119,2025-11-16 08:20:51
1728,24,17,3,1,1,15,20230317,125,2025-11-16 08:20:51
1729,30,38,4,1,1,16,20230317,142,2025-11-16 08:20:51
1730,30,17,6,1,1,17,20230317,313,2025-11-16 08:20:51
1731,8,30,9,1,2,18,20230317,310,2025-11-16 08:20:51
1732,9,53,6,1,1,19,20230317,207,2025-11-16 08:20:51
1733,7,69,7,1,1,20,20230317,137,2025-11-16 08:20:51
1734,7,52,7,1,1,21,20230317,138,2025-11-16 08:20:51
1735,10,14,7,1,1,22,20230317,87,2025-11-16 08:20:51
1736,7,52,4,1,1,23,20230317,50,2025-11-16 08:20:51
1737,7,53,4,1,1,0,20230318,29,2025-11-16 08:20:51
1738,10,52,3,1,1,1,20230318,16,2025-11-16 08:20:51
1739,10,52,6,1,1,2,20230318,14,2025-11-16 08:20:51
1740,6,13,6,1,1,3,20230318,5,2025-11-16 08:20:51
1741,5,14,9,1,1,5,20230318,10,2025-11-16 08:20:51
1742,10,14,6,1,1,6,20230318,36,2025-11-16 08:20:51
1743,10,14,6,1,1,7,20230318,123,2025-11-16 08:20:51
1744,7,69,3,1,1,8,20230318,280,2025-11-16 08:20:51
1745,8,31,7,1,1,9,20230318,210,2025-11-16 08:20:51
1746,24,46,4,1,1,10,20230318,117,2025-11-16 08:20:51
1747,29,36,4,1,1,11,20230318,159,2025-11-16 08:20:51
1748,25,37,12,1,2,12,20230318,195,2025-11-16 08:20:51
1749,32,49,4,1,1,13,20230318,175,2025-11-16 08:20:51
1750,31,18,3,1,1,14,20230318,174,2025-11-16 08:20:51
1751,34,18,12,1,2,15,20230318,173,2025-11-16 08:20:51
1752,34,18,4,1,1,16,20230318,204,2025-11-16 08:20:51
1753,35,39,10,1,1,17,20230318,332,2025-11-16 08:20:51
1754,34,18,9,1,1,18,20230318,331,2025-11-16 08:20:51
1755,31,19,8,1,1,19,20230318,190,2025-11-16 08:20:51
1756,33,16,8,1,1,20,20230318,149,2025-11-16 08:20:51
1757,33,16,15,1,1,21,20230318,113,2025-11-16 08:20:51
1758,33,21,9,1,1,22,20230318,118,2025-11-16 08:20:51
1759,27,46,7,1,2,23,20230318,86,2025-11-16 08:20:51
1760,27,46,3,1,2,0,20230319,76,2025-11-16 08:20:51
1761,26,16,12,1,2,1,20230319,51,2025-11-16 08:20:51
1762,25,22,7,1,2,2,20230319,25,2025-11-16 08:20:51
1763,29,18,10,1,2,3,20230319,8,2025-11-16 08:20:51
1764,24,47,13,1,1,4,20230319,3,2025-11-16 08:20:51
1765,24,47,13,1,1,5,20230319,2,2025-11-16 08:20:51
1766,9,19,13,1,1,6,20230319,10,2025-11-16 08:20:51
1767,10,21,10,1,1,7,20230319,13,2025-11-16 08:20:51
1768,7,20,16,1,1,8,20230319,48,2025-11-16 08:20:51
1769,7,19,18,1,1,9,20230319,76,2025-11-16 08:20:51
1770,9,42,13,1,1,10,20230319,140,2025-11-16 08:20:51
1771,8,43,11,1,1,11,20230319,196,2025-11-16 08:20:51
1772,8,40,13,1,1,12,20230319,267,2025-11-16 08:20:51
1773,30,47,18,1,1,13,20230319,301,2025-11-16 08:20:51
1774,30,62,16,1,1,14,20230319,312,2025-11-16 08:20:51
1775,30,45,13,1,1,15,20230319,313,2025-11-16 08:20:51
1776,30,62,14,1,1,16,20230319,304,2025-11-16 08:20:51
1777,28,62,10,1,1,17,20230319,278,2025-11-16 08:20:51
1778,8,62,10,1,1,18,20230319,217,2025-11-16 08:20:51
1779,9,40,4,1,1,19,20230319,154,2025-11-16 08:20:51
1780,7,24,7,1,1,20,20230319,108,2025-11-16 08:20:51
1781,10,39,5,1,1,21,20230319,93,2025-11-16 08:20:51
1782,10,39,10,1,1,22,20230319,72,2025-11-16 08:20:51
1783,5,23,5,1,1,23,20230319,50,2025-11-16 08:20:51
1784,11,37,13,1,1,0,20230320,40,2025-11-16 08:20:51
1785,4,46,12,1,1,1,20230320,24,2025-11-16 08:20:51
1786,12,36,4,1,1,2,20230320,30,2025-11-16 08:20:51
1787,18,35,3,1,1,3,20230320,12,2025-11-16 08:20:51
1788,13,35,7,1,1,4,20230320,3,2025-11-16 08:20:51
1789,13,55,6,1,1,5,20230320,9,2025-11-16 08:20:51
1790,13,55,7,1,1,6,20230320,4,2025-11-16 08:20:51
1791,1,55,7,1,1,7,20230320,14,2025-11-16 08:20:51
1792,18,35,9,1,1,8,20230320,37,2025-11-16 08:20:51
1793,12,36,8,1,1,9,20230320,78,2025-11-16 08:20:51
1794,4,50,1,1,2,10,20230320,136,2025-11-16 08:20:51
1795,11,18,15,1,1,11,20230320,203,2025-11-16 08:20:51
1796,6,23,15,1,1,12,20230320,228,2025-11-16 08:20:51
1797,5,47,1,1,1,13,20230320,203,2025-11-16 08:20:51
1798,10,25,1,1,1,14,20230320,279,2025-11-16 08:20:51
1799,10,26,2,1,1,15,20230320,308,2025-11-16 08:20:51
1800,7,26,1,1,1,16,20230320,224,2025-11-16 08:20:51
1801,10,24,4,1,1,17,20230320,226,2025-11-16 08:20:51
1802,5,23,12,1,1,18,20230320,156,2025-11-16 08:20:51
1803,6,22,4,1,1,19,20230320,79,2025-11-16 08:20:51
1804,6,16,4,1,1,20,20230320,67,2025-11-16 08:20:51
1805,11,46,4,1,2,21,20230320,49,2025-11-16 08:20:51
1806,11,46,10,1,2,22,20230320,38,2025-11-16 08:20:51
1807,11,54,14,1,3,23,20230320,24,2025-11-16 08:20:51
1808,11,14,14,2,3,0,20230321,13,2025-11-16 08:20:51
1809,11,13,14,2,2,1,20230321,7,2025-11-16 08:20:51
1810,11,13,10,2,2,2,20230321,6,2025-11-16 08:20:51
1811,11,13,10,2,2,3,20230321,1,2025-11-16 08:20:51
1812,4,1,5,2,1,5,20230321,2,2025-11-16 08:20:51
1813,4,5,3,2,3,6,20230321,32,2025-11-16 08:20:51
1814,12,10,13,2,3,7,20230321,18,2025-11-16 08:20:51
1815,12,10,13,2,2,8,20230321,98,2025-11-16 08:20:51
1816,11,1,10,2,2,9,20230321,127,2025-11-16 08:20:51
1817,5,5,14,2,2,10,20230321,62,2025-11-16 08:20:51
1818,7,13,5,2,2,11,20230321,79,2025-11-16 08:20:51
1819,9,6,3,2,2,12,20230321,81,2025-11-16 08:20:51
1820,30,31,7,2,2,13,20230321,112,2025-11-16 08:20:51
1821,29,27,7,2,2,14,20230321,101,2025-11-16 08:20:51
1822,25,55,7,2,2,15,20230321,107,2025-11-16 08:20:51
1823,29,27,4,2,2,16,20230321,141,2025-11-16 08:20:51
1824,29,27,3,2,2,17,20230321,272,2025-11-16 08:20:51
1825,24,7,7,2,2,18,20230321,276,2025-11-16 08:20:51
1826,26,55,13,2,1,19,20230321,221,2025-11-16 08:20:51
1827,25,27,6,2,1,20,20230321,122,2025-11-16 08:20:51
1828,8,11,6,2,1,21,20230321,91,2025-11-16 08:20:51
1829,8,9,7,2,1,22,20230321,78,2025-11-16 08:20:51
1830,8,9,2,2,1,23,20230321,30,2025-11-16 08:20:51
1831,8,9,6,2,1,0,20230322,11,2025-11-16 08:20:51
1832,7,12,8,2,1,1,20230322,19,2025-11-16 08:20:51
1833,9,11,2,2,1,2,20230322,1,2025-11-16 08:20:51
1834,9,8,7,2,1,3,20230322,5,2025-11-16 08:20:51
1835,7,8,9,2,2,4,20230322,1,2025-11-16 08:20:51
1836,10,10,8,2,2,5,20230322,12,2025-11-16 08:20:51
1837,10,10,3,2,1,6,20230322,60,2025-11-16 08:20:51
1838,10,5,15,2,2,7,20230322,136,2025-11-16 08:20:51
1839,10,53,5,2,2,8,20230322,336,2025-11-16 08:20:51
1840,10,53,18,2,2,9,20230322,178,2025-11-16 08:20:51
1841,9,48,5,2,2,10,20230322,124,2025-11-16 08:20:51
1842,9,34,10,2,1,11,20230322,86,2025-11-16 08:20:51
1843,8,20,3,2,1,12,20230322,121,2025-11-16 08:20:51
1844,30,50,7,2,1,13,20230322,106,2025-11-16 08:20:51
1845,30,17,10,2,1,14,20230322,101,2025-11-16 08:20:51
1846,30,17,7,2,1,15,20230322,134,2025-11-16 08:20:51
1847,30,17,15,2,1,16,20230322,165,2025-11-16 08:20:51
1848,30,17,15,2,1,17,20230322,307,2025-11-16 08:20:51
1849,28,19,2,2,1,18,20230322,312,2025-11-16 08:20:51
1850,9,48,3,2,2,19,20230322,164,2025-11-16 08:20:51
1851,9,48,12,2,2,20,20230322,135,2025-11-16 08:20:51
1852,7,48,4,2,2,21,20230322,87,2025-11-16 08:20:51
1853,10,53,3,2,2,22,20230322,70,2025-11-16 08:20:51
1854,10,53,3,2,2,23,20230322,32,2025-11-16 08:20:51
1855,6,13,7,2,3,0,20230323,11,2025-11-16 08:20:51
1856,11,5,7,2,3,1,20230323,7,2025-11-16 08:20:51
1857,11,5,7,2,3,2,20230323,2,2025-11-16 08:20:51
1858,11,5,3,2,2,3,20230323,3,2025-11-16 08:20:51
1859,4,10,6,2,3,5,20230323,10,2025-11-16 08:20:51
1860,11,10,3,2,2,6,20230323,44,2025-11-16 08:20:51
1861,4,44,7,2,2,7,20230323,118,2025-11-16 08:20:51
1862,4,10,6,2,2,8,20230323,261,2025-11-16 08:20:51
1863,4,1,3,2,2,9,20230323,182,2025-11-16 08:20:51
1864,11,1,4,2,2,10,20230323,75,2025-11-16 08:20:51
1865,11,10,6,2,2,11,20230323,71,2025-11-16 08:20:51
1866,11,10,7,2,2,12,20230323,87,2025-11-16 08:20:51
1867,11,10,8,2,3,13,20230323,108,2025-11-16 08:20:51
1868,6,10,15,2,2,14,20230323,84,2025-11-16 08:20:51
1869,5,8,7,2,2,15,20230323,85,2025-11-16 08:20:51
1870,10,5,7,2,2,16,20230323,136,2025-11-16 08:20:51
1871,10,5,7,2,2,17,20230323,273,2025-11-16 08:20:51
1872,5,8,3,2,3,18,20230323,238,2025-11-16 08:20:51
1873,5,8,3,2,3,19,20230323,159,2025-11-16 08:20:51
1874,6,10,26,2,3,20,20230323,75,2025-11-16 08:20:51
1875,4,12,13,2,3,21,20230323,22,2025-11-16 08:20:51
1876,4,44,9,2,2,22,20230323,44,2025-11-16 08:20:51
1877,4,82,1,2,3,23,20230323,26,2025-11-16 08:20:51
1878,4,44,7,2,2,0,20230324,11,2025-11-16 08:20:51
1879,12,12,7,2,2,1,20230324,3,2025-11-16 08:20:51
1880,12,12,3,2,2,2,20230324,6,2025-11-16 08:20:51
1881,18,12,6,2,2,3,20230324,1,2025-11-16 08:20:51
1882,18,12,6,2,2,4,20230324,1,2025-11-16 08:20:51
1883,18,44,7,2,2,5,20230324,9,2025-11-16 08:20:51
1884,18,44,7,2,2,6,20230324,41,2025-11-16 08:20:51
1885,13,12,7,2,3,7,20230324,108,2025-11-16 08:20:51
1886,13,12,5,2,3,8,20230324,124,2025-11-16 08:20:51
1887,13,44,7,2,2,9,20230324,97,2025-11-16 08:20:51
1888,13,44,10,2,2,10,20230324,65,2025-11-16 08:20:51
1889,12,1,5,2,2,11,20230324,71,2025-11-16 08:20:51
1890,12,57,10,2,2,12,20230324,94,2025-11-16 08:20:51
1891,4,57,7,2,2,13,20230324,101,2025-11-16 08:20:51
1892,12,57,8,2,2,14,20230324,83,2025-11-16 08:20:51
1893,12,57,3,2,2,15,20230324,90,2025-11-16 08:20:51
1894,12,56,7,2,2,16,20230324,84,2025-11-16 08:20:51
1895,12,57,7,2,2,17,20230324,233,2025-11-16 08:20:51
1896,12,54,5,2,2,18,20230324,214,2025-11-16 08:20:51
1897,12,35,14,2,1,19,20230324,138,2025-11-16 08:20:51
1898,18,54,4,2,1,20,20230324,118,2025-11-16 08:20:51
1899,13,56,7,2,1,21,20230324,78,2025-11-16 08:20:51
1900,13,56,9,2,1,22,20230324,62,2025-11-16 08:20:51
1901,1,56,6,2,1,23,20230324,33,2025-11-16 08:20:51
1902,1,55,6,2,1,0,20230325,18,2025-11-16 08:20:51
1903,3,28,9,2,1,1,20230325,5,2025-11-16 08:20:51
1904,3,28,7,2,1,2,20230325,5,2025-11-16 08:20:51
1905,3,28,15,2,1,3,20230325,2,2025-11-16 08:20:51
1906,16,33,15,2,1,4,20230325,5,2025-11-16 08:20:51
1907,16,33,9,2,1,5,20230325,9,2025-11-16 08:20:51
1908,16,33,7,2,1,6,20230325,32,2025-11-16 08:20:51
1909,3,30,12,2,1,7,20230325,104,2025-11-16 08:20:51
1910,2,34,4,2,1,8,20230325,237,2025-11-16 08:20:51
1911,1,38,5,2,1,9,20230325,166,2025-11-16 08:20:51
1912,13,38,1,2,1,10,20230325,68,2025-11-16 08:20:51
1913,12,50,4,2,1,11,20230325,75,2025-11-16 08:20:51
1914,4,17,3,2,1,12,20230325,145,2025-11-16 08:20:51
1915,4,18,6,2,1,13,20230325,138,2025-11-16 08:20:51
1916,6,26,10,2,1,14,20230325,133,2025-11-16 08:20:51
1917,11,43,3,2,2,15,20230325,122,2025-11-16 08:20:51
1918,11,47,5,2,2,16,20230325,150,2025-11-16 08:20:51
1919,4,43,12,2,2,17,20230325,225,2025-11-16 08:20:51
1920,12,18,3,2,1,18,20230325,198,2025-11-16 08:20:51
1921,12,43,4,2,2,19,20230325,135,2025-11-16 08:20:51
1922,12,18,8,2,2,20,20230325,81,2025-11-16 08:20:51
1923,12,18,9,2,2,21,20230325,75,2025-11-16 08:20:51
1924,18,42,10,2,2,22,20230325,43,2025-11-16 08:20:51
1925,13,42,4,2,2,23,20230325,39,2025-11-16 08:20:51
1926,13,42,4,2,2,0,20230326,28,2025-11-16 08:20:51
1927,13,42,5,2,1,1,20230326,27,2025-11-16 08:20:51
1928,2,19,7,2,1,2,20230326,25,2025-11-16 08:20:51
1929,3,20,6,2,1,3,20230326,9,2025-11-16 08:20:51
1930,2,19,7,2,1,4,20230326,6,2025-11-16 08:20:51
1931,3,34,6,2,1,5,20230326,8,2025-11-16 08:20:51
1932,16,29,6,2,1,6,20230326,10,2025-11-16 08:20:51
1933,3,34,6,2,1,7,20230326,41,2025-11-16 08:20:51
1934,2,19,8,2,1,8,20230326,66,2025-11-16 08:20:51
1935,1,49,8,2,1,9,20230326,100,2025-11-16 08:20:51
1936,13,49,9,2,1,10,20230326,125,2025-11-16 08:20:51
1937,18,42,9,2,1,11,20230326,168,2025-11-16 08:20:51
1938,12,43,6,2,1,12,20230326,227,2025-11-16 08:20:51
1939,4,40,7,2,1,13,20230326,239,2025-11-16 08:20:51
1940,11,45,7,2,1,14,20230326,216,2025-11-16 08:20:51
1941,11,45,6,2,1,15,20230326,219,2025-11-16 08:20:51
1942,11,65,6,2,1,16,20230326,248,2025-11-16 08:20:51
1943,4,64,7,2,1,17,20230326,203,2025-11-16 08:20:51
1944,4,59,9,2,2,18,20230326,153,2025-11-16 08:20:51
1945,18,50,3,2,2,19,20230326,138,2025-11-16 08:20:51
1946,18,50,3,2,2,20,20230326,85,2025-11-16 08:20:51
1947,13,19,6,2,2,21,20230326,51,2025-11-16 08:20:51
1948,18,49,7,2,2,22,20230326,63,2025-11-16 08:20:51
1949,13,19,4,2,2,23,20230326,41,2025-11-16 08:20:51
1950,13,49,9,2,2,0,20230327,31,2025-11-16 08:20:51
1951,1,36,6,2,2,1,20230327,20,2025-11-16 08:20:51
1952,2,29,6,2,3,2,20230327,21,2025-11-16 08:20:51
1953,3,28,7,2,3,3,20230327,14,2025-11-16 08:20:51
1954,16,33,9,2,3,4,20230327,6,2025-11-16 08:20:51
1955,14,4,8,2,3,6,20230327,2,2025-11-16 08:20:51
1956,14,4,9,2,3,7,20230327,7,2025-11-16 08:20:51
1957,3,28,7,2,1,8,20230327,14,2025-11-16 08:20:51
1958,2,29,8,2,1,9,20230327,54,2025-11-16 08:20:51
1959,2,29,7,2,2,10,20230327,86,2025-11-16 08:20:51
1960,1,38,9,2,2,11,20230327,108,2025-11-16 08:20:51
1961,13,19,7,2,2,12,20230327,163,2025-11-16 08:20:51
1962,12,18,7,2,1,13,20230327,147,2025-11-16 08:20:51
1963,4,43,9,2,1,14,20230327,164,2025-11-16 08:20:51
1964,4,43,4,2,1,15,20230327,172,2025-11-16 08:20:51
1965,11,47,1,2,1,16,20230327,143,2025-11-16 08:20:51
1966,4,62,3,2,1,17,20230327,159,2025-11-16 08:20:51
1967,12,40,6,2,1,18,20230327,137,2025-11-16 08:20:51
1968,12,62,7,2,1,19,20230327,103,2025-11-16 08:20:51
1969,18,43,9,2,1,20,20230327,57,2025-11-16 08:20:51
1970,13,49,9,2,1,21,20230327,36,2025-11-16 08:20:51
1971,13,49,9,2,1,22,20230327,30,2025-11-16 08:20:51
1972,13,19,6,2,1,23,20230327,19,2025-11-16 08:20:51
1973,2,29,6,2,1,0,20230328,12,2025-11-16 08:20:51
1974,2,19,6,2,1,1,20230328,6,2025-11-16 08:20:51
1975,2,19,9,2,1,2,20230328,5,2025-11-16 08:20:51
1976,2,19,9,2,1,3,20230328,2,2025-11-16 08:20:51
1977,16,22,6,2,1,5,20230328,8,2025-11-16 08:20:51
1978,16,47,4,2,1,6,20230328,40,2025-11-16 08:20:51
1979,3,26,10,2,1,7,20230328,110,2025-11-16 08:20:51
1980,3,47,7,2,1,8,20230328,254,2025-11-16 08:20:51
1981,2,26,7,2,2,9,20230328,121,2025-11-16 08:20:51
1982,1,25,6,2,1,10,20230328,69,2025-11-16 08:20:51
1983,13,25,4,2,2,11,20230328,57,2025-11-16 08:20:51
1984,13,60,1,2,2,12,20230328,79,2025-11-16 08:20:51
1985,12,64,7,2,2,13,20230328,83,2025-11-16 08:20:51
1986,4,66,7,2,1,14,20230328,80,2025-11-16 08:20:51
1987,4,64,4,2,1,15,20230328,72,2025-11-16 08:20:51
1988,11,65,7,2,1,16,20230328,132,2025-11-16 08:20:51
1989,11,65,5,2,1,17,20230328,252,2025-11-16 08:20:51
1990,4,59,4,2,1,18,20230328,241,2025-11-16 08:20:51
1991,12,66,8,2,1,19,20230328,173,2025-11-16 08:20:51
1992,4,66,15,2,1,20,20230328,112,2025-11-16 08:20:51
1993,4,59,8,2,1,21,20230328,61,2025-11-16 08:20:51
1994,12,66,7,2,1,22,20230328,40,2025-11-16 08:20:51
1995,18,64,5,2,1,23,20230328,19,2025-11-16 08:20:51
1996,13,41,10,2,1,0,20230329,16,2025-11-16 08:20:51
1997,1,26,5,2,1,1,20230329,4,2025-11-16 08:20:51
1998,1,26,5,2,1,2,20230329,3,2025-11-16 08:20:51
1999,1,26,5,2,1,3,20230329,3,2025-11-16 08:20:51
2000,3,19,9,2,1,4,20230329,2,2025-11-16 08:20:51
2001,2,39,3,2,1,5,20230329,8,2025-11-16 08:20:51
2002,2,49,5,2,1,6,20230329,50,2025-11-16 08:20:51
2003,2,49,12,2,1,7,20230329,133,2025-11-16 08:20:51
2004,1,24,12,2,1,8,20230329,287,2025-11-16 08:20:51
2005,18,41,14,2,1,9,20230329,172,2025-11-16 08:20:51
2006,12,64,5,2,1,10,20230329,59,2025-11-16 08:20:51
2007,11,60,14,2,2,11,20230329,81,2025-11-16 08:20:51
2008,11,60,9,2,1,12,20230329,106,2025-11-16 08:20:51
2009,11,60,5,2,1,13,20230329,104,2025-11-16 08:20:51
2010,6,60,3,2,1,14,20230329,86,2025-11-16 08:20:51
2023,5,60,7,2,1,15,20230329,87,2025-11-16 08:20:51
2024,5,66,9,2,1,16,20230329,136,2025-11-16 08:20:51
2013,10,79,8,2,1,17,20230329,299,2025-11-16 08:20:51
2014,6,59,2,2,1,18,20230329,294,2025-11-16 08:20:51
2015,11,65,6,2,1,19,20230329,190,2025-11-16 08:20:51
2016,6,59,2,2,1,20,20230329,132,2025-11-16 08:20:51
2017,11,17,1,2,1,21,20230329,83,2025-11-16 08:20:51
2018,11,37,1,2,1,22,20230329,55,2025-11-16 08:20:51
2019,4,15,15,2,2,23,20230329,35,2025-11-16 08:20:51
2020,4,15,1,2,2,0,20230330,11,2025-11-16 08:20:51
2021,4,18,1,2,1,1,20230330,10,2025-11-16 08:20:51
2022,4,15,1,2,2,2,20230330,4,2025-11-16 08:20:51
2023,4,37,1,2,2,3,20230330,4,2025-11-16 08:20:51
2024,4,15,1,2,2,4,20230330,1,2025-11-16 08:20:51
2025,12,35,6,2,2,5,20230330,7,2025-11-16 08:20:51
2026,12,37,8,2,2,6,20230330,48,2025-11-16 08:20:51
2027,4,50,15,2,2,7,20230330,136,2025-11-16 08:20:51
2028,4,37,9,2,2,8,20230330,263,2025-11-16 08:20:51
2029,4,50,7,2,2,9,20230330,154,2025-11-16 08:20:51
2030,11,16,7,2,2,10,20230330,64,2025-11-16 08:20:51
2031,11,16,3,2,2,11,20230330,90,2025-11-16 08:20:51
2032,11,16,9,2,2,12,20230330,80,2025-11-16 08:20:51
2033,6,16,7,2,2,13,20230330,98,2025-11-16 08:20:51
2034,6,16,5,2,2,14,20230330,80,2025-11-16 08:20:51
2035,18,1,5,2,3,15,20230330,70,2025-11-16 08:20:51
2036,18,10,3,2,3,16,20230330,36,2025-11-16 08:20:51
2037,13,44,15,2,3,17,20230330,116,2025-11-16 08:20:51
2038,13,44,7,2,2,18,20230330,85,2025-11-16 08:20:51
2039,13,44,7,2,2,19,20230330,72,2025-11-16 08:20:51
2040,1,44,5,2,3,20,20230330,44,2025-11-16 08:20:51
2041,1,44,3,2,2,21,20230330,27,2025-11-16 08:20:51
2042,1,44,7,2,3,22,20230330,24,2025-11-16 08:20:51
2043,1,44,4,2,3,23,20230330,12,2025-11-16 08:20:51
2044,1,44,7,2,3,0,20230331,3,2025-11-16 08:20:51
2045,1,44,6,2,3,1,20230331,5,2025-11-16 08:20:51
2046,1,44,6,2,3,2,20230331,5,2025-11-16 08:20:51
2047,1,44,7,2,3,3,20230331,1,2025-11-16 08:20:51
2048,1,44,3,2,3,4,20230331,2,2025-11-16 08:20:51
2049,1,44,7,2,3,5,20230331,8,2025-11-16 08:20:51
2050,1,44,5,2,3,6,20230331,36,2025-11-16 08:20:51
2051,1,44,3,2,3,7,20230331,92,2025-11-16 08:20:51
2052,1,12,3,2,2,8,20230331,192,2025-11-16 08:20:51
2053,13,44,3,2,3,9,20230331,132,2025-11-16 08:20:51
2054,13,44,3,2,3,10,20230331,69,2025-11-16 08:20:51
2055,18,44,6,2,3,11,20230331,58,2025-11-16 08:20:51
2056,18,44,6,2,3,12,20230331,90,2025-11-16 08:20:51
2057,12,10,8,2,3,13,20230331,68,2025-11-16 08:20:51
2058,12,10,8,2,3,14,20230331,76,2025-11-16 08:20:51
2059,12,10,5,2,3,15,20230331,65,2025-11-16 08:20:51
2060,12,10,3,2,2,16,20230331,85,2025-11-16 08:20:51
2061,12,10,3,2,2,17,20230331,168,2025-11-16 08:20:51
2062,12,10,8,2,2,18,20230331,177,2025-11-16 08:20:51
2063,12,10,8,2,2,19,20230331,130,2025-11-16 08:20:51
2064,18,44,4,2,3,20,20230331,85,2025-11-16 08:20:51
2065,18,44,9,2,2,21,20230331,60,2025-11-16 08:20:51
2066,18,44,3,2,3,22,20230331,51,2025-11-16 08:20:51
2067,13,12,9,2,3,23,20230331,27,2025-11-16 08:20:51
2068,13,12,9,2,3,0,20230401,6,2025-11-16 08:20:51
2069,13,12,9,2,3,1,20230401,4,2025-11-16 08:20:51
2070,13,44,6,2,3,2,20230401,7,2025-11-16 08:20:51
2071,1,44,3,2,2,3,20230401,4,2025-11-16 08:20:51
2072,1,44,3,2,2,4,20230401,3,2025-11-16 08:20:51
2073,1,44,7,2,3,5,20230401,12,2025-11-16 08:20:51
2074,1,44,7,2,3,6,20230401,28,2025-11-16 08:20:51
2075,1,44,1,2,3,7,20230401,95,2025-11-16 08:20:51
2076,13,10,3,2,2,8,20230401,206,2025-11-16 08:20:51
2077,4,57,12,2,1,9,20230401,173,2025-11-16 08:20:51
2078,4,14,4,2,1,10,20230401,75,2025-11-16 08:20:51
2079,4,54,12,2,1,11,20230401,89,2025-11-16 08:20:51
2080,11,46,12,2,1,12,20230401,95,2025-11-16 08:20:51
2081,6,21,12,2,1,13,20230401,110,2025-11-16 08:20:51
2082,6,16,12,2,2,14,20230401,87,2025-11-16 08:20:51
2083,11,16,13,2,1,15,20230401,111,2025-11-16 08:20:51
2084,11,16,13,2,1,16,20230401,167,2025-11-16 08:20:51
2085,11,16,10,2,1,17,20230401,281,2025-11-16 08:20:51
2086,11,16,10,2,1,18,20230401,241,2025-11-16 08:20:51
2087,11,37,10,2,1,19,20230401,136,2025-11-16 08:20:51
2088,4,46,6,2,1,20,20230401,77,2025-11-16 08:20:51
2089,4,46,8,2,1,21,20230401,93,2025-11-16 08:20:51
2090,12,35,9,2,1,22,20230401,74,2025-11-16 08:20:51
2091,12,54,2,2,1,23,20230401,53,2025-11-16 08:20:51
2092,12,54,1,2,2,0,20230402,32,2025-11-16 08:20:51
2093,13,56,8,2,1,1,20230402,32,2025-11-16 08:20:51
2094,1,3,8,2,1,2,20230402,21,2025-11-16 08:20:51
2095,1,57,9,2,1,3,20230402,9,2025-11-16 08:20:51
2096,1,57,9,2,1,4,20230402,5,2025-11-16 08:20:51
2097,1,3,9,2,2,5,20230402,5,2025-11-16 08:20:51
2098,13,57,15,2,1,6,20230402,12,2025-11-16 08:20:51
2099,13,57,15,2,2,7,20230402,18,2025-11-16 08:20:51
2100,12,57,15,2,1,8,20230402,55,2025-11-16 08:20:51
2101,11,14,15,2,2,9,20230402,87,2025-11-16 08:20:51
2102,6,15,9,2,2,10,20230402,154,2025-11-16 08:20:51
2103,10,20,9,2,2,11,20230402,198,2025-11-16 08:20:51
2104,4,1,8,2,3,12,20230402,184,2025-11-16 08:20:51
2105,11,1,8,2,1,13,20230402,137,2025-11-16 08:20:51
2106,4,5,10,2,3,14,20230402,190,2025-11-16 08:20:51
2107,11,5,14,2,3,15,20230402,136,2025-11-16 08:20:51
2108,5,52,10,2,1,16,20230402,196,2025-11-16 08:20:51
2109,5,48,12,2,1,17,20230402,184,2025-11-16 08:20:51
2110,5,48,6,2,1,18,20230402,179,2025-11-16 08:20:51
2111,6,46,12,2,1,19,20230402,148,2025-11-16 08:20:51
2112,11,46,4,2,1,20,20230402,85,2025-11-16 08:20:51
2113,4,54,3,2,1,21,20230402,77,2025-11-16 08:20:51
2114,4,54,5,2,1,22,20230402,55,2025-11-16 08:20:51
2115,4,54,9,2,1,23,20230402,53,2025-11-16 08:20:51
2116,12,56,6,2,1,0,20230403,39,2025-11-16 08:20:51
2117,12,54,15,2,1,1,20230403,34,2025-11-16 08:20:51
2118,13,57,8,2,1,2,20230403,24,2025-11-16 08:20:51
2119,12,54,1,2,1,3,20230403,11,2025-11-16 08:20:51
2120,18,57,2,2,1,4,20230403,3,2025-11-16 08:20:51
2121,18,56,7,2,1,5,20230403,5,2025-11-16 08:20:51
2122,18,56,6,2,1,6,20230403,33,2025-11-16 08:20:51
2123,4,15,7,2,1,7,20230403,33,2025-11-16 08:20:51
2124,11,15,9,2,1,8,20230403,62,2025-11-16 08:20:51
2125,6,21,16,2,1,9,20230403,142,2025-11-16 08:20:51
2126,10,22,13,2,1,10,20230403,215,2025-11-16 08:20:51
2127,7,49,3,2,1,11,20230403,243,2025-11-16 08:20:51
2128,9,42,4,2,1,12,20230403,313,2025-11-16 08:20:51
2129,9,40,5,2,1,13,20230403,367,2025-11-16 08:20:51
2130,8,62,8,2,1,14,20230403,349,2025-11-16 08:20:51
2131,8,40,1,2,2,15,20230403,292,2025-11-16 08:20:51
2132,8,62,6,2,2,16,20230403,303,2025-11-16 08:20:51
2133,8,41,8,2,2,17,20230403,274,2025-11-16 08:20:51
2134,8,62,1,2,2,18,20230403,172,2025-11-16 08:20:51
2135,7,19,6,2,2,19,20230403,144,2025-11-16 08:20:51
2136,7,49,7,2,3,20,20230403,79,2025-11-16 08:20:51
2137,7,19,7,2,2,21,20230403,45,2025-11-16 08:20:51
2138,10,22,15,2,1,22,20230403,36,2025-11-16 08:20:51
2139,10,21,2,2,1,23,20230403,31,2025-11-16 08:20:51
2140,10,21,7,2,1,0,20230404,6,2025-11-16 08:20:51
2141,10,35,12,2,1,1,20230404,11,2025-11-16 08:20:51
2142,5,14,3,2,1,2,20230404,2,2025-11-16 08:20:51
2143,5,14,4,2,1,3,20230404,1,2025-11-16 08:20:51
2144,5,13,5,2,1,4,20230404,2,2025-11-16 08:20:51
2145,10,52,3,2,1,5,20230404,7,2025-11-16 08:20:51
2146,7,53,4,2,1,6,20230404,46,2025-11-16 08:20:51
2147,9,48,3,2,2,7,20230404,157,2025-11-16 08:20:51
2148,8,29,5,2,2,8,20230404,339,2025-11-16 08:20:51
2149,30,34,14,2,2,9,20230404,158,2025-11-16 08:20:51
2150,29,50,12,2,2,10,20230404,90,2025-11-16 08:20:51
2151,27,23,14,2,1,11,20230404,124,2025-11-16 08:20:51
2152,32,43,18,2,1,12,20230404,157,2025-11-16 08:20:51
2153,34,47,10,2,1,13,20230404,139,2025-11-16 08:20:51
2154,36,58,16,2,2,14,20230404,123,2025-11-16 08:20:51
2155,37,65,17,2,1,15,20230404,143,2025-11-16 08:20:51
2156,37,66,19,2,1,16,20230404,189,2025-11-16 08:20:51
2157,36,65,22,2,1,17,20230404,366,2025-11-16 08:20:51
2158,38,65,16,2,2,18,20230404,386,2025-11-16 08:20:51
2159,35,64,18,2,1,19,20230404,278,2025-11-16 08:20:51
2160,35,64,17,2,2,20,20230404,173,2025-11-16 08:20:51
2161,35,25,11,2,2,21,20230404,95,2025-11-16 08:20:51
2162,34,43,18,2,2,22,20230404,75,2025-11-16 08:20:51
2163,32,20,7,2,2,23,20230404,48,2025-11-16 08:20:51
2164,33,21,15,2,1,0,20230405,22,2025-11-16 08:20:51
2165,33,15,13,2,3,1,20230405,15,2025-11-16 08:20:51
2166,29,63,10,2,2,2,20230405,5,2025-11-16 08:20:51
2167,29,63,10,2,2,3,20230405,4,2025-11-16 08:20:51
2168,30,9,16,2,3,4,20230405,2,2025-11-16 08:20:51
2169,8,11,5,2,3,5,20230405,5,2025-11-16 08:20:51
2170,28,9,10,2,2,6,20230405,38,2025-11-16 08:20:51
2171,28,9,10,2,2,7,20230405,134,2025-11-16 08:20:51
2172,5,10,20,2,3,8,20230405,157,2025-11-16 08:20:51
2173,6,10,16,2,3,9,20230405,46,2025-11-16 08:20:51
2174,11,1,14,2,3,10,20230405,28,2025-11-16 08:20:51
2175,4,1,11,2,3,11,20230405,19,2025-11-16 08:20:51
2176,11,13,14,2,2,12,20230405,38,2025-11-16 08:20:51
2177,6,31,13,2,2,13,20230405,56,2025-11-16 08:20:51
2178,6,15,16,2,2,14,20230405,76,2025-11-16 08:20:51
2179,10,16,18,2,1,15,20230405,68,2025-11-16 08:20:51
2180,5,16,13,2,1,16,20230405,130,2025-11-16 08:20:51
2181,7,42,13,2,1,17,20230405,273,2025-11-16 08:20:51
2182,5,23,16,2,1,18,20230405,267,2025-11-16 08:20:51
2183,6,22,5,2,1,19,20230405,160,2025-11-16 08:20:51
2184,11,16,4,2,1,20,20230405,91,2025-11-16 08:20:51
2185,11,16,19,2,1,21,20230405,89,2025-11-16 08:20:51
2186,4,37,5,2,1,22,20230405,46,2025-11-16 08:20:51
2187,12,37,4,2,1,23,20230405,26,2025-11-16 08:20:51
2188,12,37,15,2,1,0,20230406,15,2025-11-16 08:20:51
2189,13,55,8,2,1,1,20230406,2,2025-11-16 08:20:51
2190,1,57,8,2,1,2,20230406,5,2025-11-16 08:20:51
2191,13,55,8,2,1,3,20230406,4,2025-11-16 08:20:51
2192,1,56,8,2,1,4,20230406,1,2025-11-16 08:20:51
2193,1,57,15,2,1,5,20230406,13,2025-11-16 08:20:51
2194,1,57,15,2,1,6,20230406,56,2025-11-16 08:20:51
2195,13,56,15,2,1,7,20230406,133,2025-11-16 08:20:51
2196,4,54,7,2,1,8,20230406,325,2025-11-16 08:20:51
2197,6,16,3,2,1,9,20230406,165,2025-11-16 08:20:51
2198,10,39,14,2,1,10,20230406,69,2025-11-16 08:20:51
2199,7,42,14,2,1,11,20230406,93,2025-11-16 08:20:51
2200,9,49,3,2,1,12,20230406,134,2025-11-16 08:20:51
2201,8,42,16,2,1,13,20230406,112,2025-11-16 08:20:51
2202,30,47,13,2,1,14,20230406,115,2025-11-16 08:20:51
2203,24,26,10,2,1,15,20230406,117,2025-11-16 08:20:51
2204,29,41,13,2,1,16,20230406,169,2025-11-16 08:20:51
2205,24,26,11,2,1,17,20230406,356,2025-11-16 08:20:51
2206,24,45,12,2,1,18,20230406,325,2025-11-16 08:20:51
2207,30,62,5,2,1,19,20230406,232,2025-11-16 08:20:51
2208,8,34,7,2,1,20,20230406,141,2025-11-16 08:20:51
2209,8,49,4,2,1,21,20230406,102,2025-11-16 08:20:51
2210,8,49,4,2,1,22,20230406,84,2025-11-16 08:20:51
2211,8,49,5,2,1,23,20230406,40,2025-11-16 08:20:51
2212,8,49,4,2,1,0,20230407,20,2025-11-16 08:20:51
2213,7,20,8,2,1,1,20230407,13,2025-11-16 08:20:51
2214,7,48,1,2,1,2,20230407,7,2025-11-16 08:20:51
2215,6,14,6,2,1,3,20230407,3,2025-11-16 08:20:51
2216,11,5,6,2,1,4,20230407,1,2025-11-16 08:20:51
2217,11,5,7,2,1,5,20230407,6,2025-11-16 08:20:51
2218,4,1,3,2,1,6,20230407,64,2025-11-16 08:20:51
2219,11,5,9,2,2,7,20230407,160,2025-11-16 08:20:51
2220,6,5,6,2,1,8,20230407,314,2025-11-16 08:20:51
2221,10,14,8,2,2,9,20230407,170,2025-11-16 08:20:51
2222,7,69,15,2,2,10,20230407,95,2025-11-16 08:20:51
2223,8,29,1,2,2,11,20230407,122,2025-11-16 08:20:51
2224,8,29,1,2,2,12,20230407,153,2025-11-16 08:20:51
2225,24,38,2,2,2,13,20230407,135,2025-11-16 08:20:51
2226,25,22,2,2,1,14,20230407,157,2025-11-16 08:20:51
2227,27,42,15,2,1,15,20230407,160,2025-11-16 08:20:51
2228,27,24,1,2,1,16,20230407,213,2025-11-16 08:20:51
2229,24,36,4,2,1,17,20230407,343,2025-11-16 08:20:51
2230,28,29,3,2,1,18,20230407,333,2025-11-16 08:20:51
2231,8,30,5,2,1,19,20230407,226,2025-11-16 08:20:51
2232,9,52,9,2,1,20,20230407,203,2025-11-16 08:20:51
2233,9,69,4,2,2,21,20230407,108,2025-11-16 08:20:51
2234,10,5,6,2,2,22,20230407,81,2025-11-16 08:20:51
2235,5,5,3,2,1,23,20230407,54,2025-11-16 08:20:51
2236,6,5,7,2,2,0,20230408,25,2025-11-16 08:20:51
2237,11,5,8,2,2,1,20230408,9,2025-11-16 08:20:51
2238,11,5,9,2,3,2,20230408,13,2025-11-16 08:20:51
2239,11,5,9,2,3,3,20230408,1,2025-11-16 08:20:51
2240,11,4,8,2,2,4,20230408,1,2025-11-16 08:20:51
2241,4,10,6,2,2,5,20230408,9,2025-11-16 08:20:51
2242,11,10,1,2,2,6,20230408,35,2025-11-16 08:20:51
2243,11,10,9,2,3,7,20230408,113,2025-11-16 08:20:51
2244,11,10,9,2,3,8,20230408,221,2025-11-16 08:20:51
2245,6,5,6,2,2,9,20230408,185,2025-11-16 08:20:51
2246,6,13,4,2,2,10,20230408,73,2025-11-16 08:20:51
2247,10,52,14,2,2,11,20230408,98,2025-11-16 08:20:51
2248,5,14,7,2,3,12,20230408,80,2025-11-16 08:20:51
2249,6,5,4,2,3,13,20230408,42,2025-11-16 08:20:51
2250,11,10,7,2,3,14,20230408,15,2025-11-16 08:20:51
2251,11,10,7,2,3,15,20230408,25,2025-11-16 08:20:51
2252,4,44,3,2,2,16,20230408,60,2025-11-16 08:20:51
2253,4,44,3,2,3,17,20230408,148,2025-11-16 08:20:51
2254,4,44,3,2,3,18,20230408,62,2025-11-16 08:20:51
2255,12,44,13,2,3,19,20230408,53,2025-11-16 08:20:51
2256,12,44,10,2,2,20,20230408,63,2025-11-16 08:20:51
2257,12,44,3,2,2,21,20230408,54,2025-11-16 08:20:51
2258,12,44,5,2,2,22,20230408,51,2025-11-16 08:20:51
2259,12,44,7,2,2,23,20230408,35,2025-11-16 08:20:51
2260,12,10,7,2,2,0,20230409,31,2025-11-16 08:20:51
2261,12,10,8,2,2,1,20230409,20,2025-11-16 08:20:51
2262,4,10,7,2,2,2,20230409,17,2025-11-16 08:20:51
2263,12,12,3,2,3,3,20230409,14,2025-11-16 08:20:51
2264,12,12,3,2,3,4,20230409,3,2025-11-16 08:20:51
2265,12,44,7,2,2,5,20230409,5,2025-11-16 08:20:51
2266,12,44,6,2,2,6,20230409,13,2025-11-16 08:20:51
2267,12,44,9,2,2,7,20230409,21,2025-11-16 08:20:51
2268,4,44,9,2,2,8,20230409,54,2025-11-16 08:20:51
2269,11,10,15,2,2,9,20230409,98,2025-11-16 08:20:51
2270,11,10,8,2,2,10,20230409,133,2025-11-16 08:20:51
2271,6,1,1,2,2,11,20230409,142,2025-11-16 08:20:51
2272,6,1,8,2,2,12,20230409,202,2025-11-16 08:20:51
2273,6,1,1,2,2,13,20230409,222,2025-11-16 08:20:51
2274,6,1,8,2,2,14,20230409,212,2025-11-16 08:20:51
2275,6,10,1,2,2,15,20230409,201,2025-11-16 08:20:51
2276,5,8,1,2,2,16,20230409,191,2025-11-16 08:20:51
2277,5,8,2,2,2,17,20230409,257,2025-11-16 08:20:51
2278,5,8,15,2,2,18,20230409,177,2025-11-16 08:20:51
2279,5,8,8,2,2,19,20230409,130,2025-11-16 08:20:51
2280,5,10,9,2,2,20,20230409,93,2025-11-16 08:20:51
2281,6,44,8,2,2,21,20230409,75,2025-11-16 08:20:51
2282,6,44,8,2,2,22,20230409,87,2025-11-16 08:20:51
2283,5,10,2,2,2,23,20230409,57,2025-11-16 08:20:51
2284,5,10,2,2,2,0,20230410,53,2025-11-16 08:20:51
2285,5,10,8,2,2,1,20230410,37,2025-11-16 08:20:51
2286,5,10,2,2,2,2,20230410,36,2025-11-16 08:20:51
2287,5,10,8,2,2,3,20230410,16,2025-11-16 08:20:51
2288,6,44,15,2,2,4,20230410,5,2025-11-16 08:20:51
2289,6,44,2,2,2,5,20230410,4,2025-11-16 08:20:51
2290,6,44,2,2,2,6,20230410,4,2025-11-16 08:20:51
2291,6,12,2,2,2,7,20230410,10,2025-11-16 08:20:51
2292,5,11,2,2,2,8,20230410,55,2025-11-16 08:20:51
2293,5,11,8,2,2,9,20230410,81,2025-11-16 08:20:51
2294,10,10,1,2,2,10,20230410,150,2025-11-16 08:20:51
2295,10,10,8,2,2,11,20230410,202,2025-11-16 08:20:51
2296,7,9,8,2,2,12,20230410,230,2025-11-16 08:20:51
2297,8,8,15,2,1,13,20230410,263,2025-11-16 08:20:51
2298,30,7,6,2,1,14,20230410,281,2025-11-16 08:20:51
2299,30,6,7,2,1,15,20230410,297,2025-11-16 08:20:51
2300,24,7,9,2,2,16,20230410,288,2025-11-16 08:20:51
2301,24,7,6,2,2,17,20230410,236,2025-11-16 08:20:51
2302,30,6,6,2,1,18,20230410,240,2025-11-16 08:20:51
2303,30,6,6,2,1,19,20230410,131,2025-11-16 08:20:51
2304,8,8,8,2,1,20,20230410,92,2025-11-16 08:20:51
2305,9,9,6,2,1,21,20230410,95,2025-11-16 08:20:51
2306,9,11,3,2,1,22,20230410,57,2025-11-16 08:20:51
2307,8,9,12,2,1,23,20230410,32,2025-11-16 08:20:51
2308,28,9,10,2,1,0,20230411,23,2025-11-16 08:20:51
2309,8,11,4,2,1,1,20230411,4,2025-11-16 08:20:51
2310,8,11,4,2,1,2,20230411,9,2025-11-16 08:20:51
2311,8,11,6,2,1,4,20230411,1,2025-11-16 08:20:51
2312,8,11,6,2,1,5,20230411,13,2025-11-16 08:20:51
2313,8,12,7,2,2,6,20230411,61,2025-11-16 08:20:51
2314,30,9,7,2,2,7,20230411,176,2025-11-16 08:20:51
2315,24,9,4,2,2,8,20230411,314,2025-11-16 08:20:51
2316,25,83,4,2,2,9,20230411,165,2025-11-16 08:20:51
2317,25,83,5,2,2,10,20230411,96,2025-11-16 08:20:51
2318,27,63,5,2,2,11,20230411,104,2025-11-16 08:20:51
2319,27,63,10,2,2,12,20230411,134,2025-11-16 08:20:51
2320,32,28,13,2,2,13,20230411,139,2025-11-16 08:20:51
2321,38,48,12,2,2,14,20230411,145,2025-11-16 08:20:51
2322,36,38,19,2,1,15,20230411,141,2025-11-16 08:20:51
2323,36,38,19,2,1,16,20230411,235,2025-11-16 08:20:51
2324,36,38,19,2,1,17,20230411,452,2025-11-16 08:20:51
2325,38,34,14,2,1,18,20230411,383,2025-11-16 08:20:51
2326,38,34,11,2,1,19,20230411,284,2025-11-16 08:20:51
2327,34,15,19,2,1,20,20230411,166,2025-11-16 08:20:51
2328,31,54,3,2,1,21,20230411,158,2025-11-16 08:20:51
2329,32,21,4,2,2,22,20230411,91,2025-11-16 08:20:51
2330,26,55,1,2,3,23,20230411,54,2025-11-16 08:20:51
2331,33,21,15,2,2,0,20230412,24,2025-11-16 08:20:51
2332,33,21,2,2,2,1,20230412,13,2025-11-16 08:20:51
2333,27,46,8,2,2,2,20230412,14,2025-11-16 08:20:51
2334,26,35,8,2,2,3,20230412,1,2025-11-16 08:20:51
2335,25,27,8,2,2,4,20230412,6,2025-11-16 08:20:51
2336,29,32,8,2,2,5,20230412,16,2025-11-16 08:20:51
2337,29,32,4,2,2,6,20230412,58,2025-11-16 08:20:51
2338,29,32,7,2,2,7,20230412,189,2025-11-16 08:20:51
2339,28,9,14,2,3,8,20230412,226,2025-11-16 08:20:51
2340,8,11,16,2,3,9,20230412,54,2025-11-16 08:20:51
2341,30,8,13,2,3,10,20230412,40,2025-11-16 08:20:51
2342,24,6,12,2,1,11,20230412,49,2025-11-16 08:20:51
2343,25,27,18,2,2,12,20230412,92,2025-11-16 08:20:51
2344,29,32,4,2,3,13,20230412,106,2025-11-16 08:20:51
2345,30,8,4,2,2,14,20230412,44,2025-11-16 08:20:51
2346,28,6,19,2,2,15,20230412,78,2025-11-16 08:20:51
2347,28,6,14,2,2,16,20230412,99,2025-11-16 08:20:51
2348,9,6,7,2,3,17,20230412,291,2025-11-16 08:20:51
2349,9,6,7,2,3,18,20230412,224,2025-11-16 08:20:51
2350,7,8,4,2,2,19,20230412,130,2025-11-16 08:20:51
2351,7,8,4,2,2,20,20230412,103,2025-11-16 08:20:51
2352,7,8,6,2,2,21,20230412,84,2025-11-16 08:20:51
2353,10,11,5,2,2,22,20230412,54,2025-11-16 08:20:51
2354,10,11,3,2,2,23,20230412,39,2025-11-16 08:20:51
2355,10,12,5,2,2,0,20230413,15,2025-11-16 08:20:51
2356,10,12,5,2,2,1,20230413,1,2025-11-16 08:20:51
2357,10,12,5,2,3,2,20230413,2,2025-11-16 08:20:51
2358,10,11,10,2,3,3,20230413,2,2025-11-16 08:20:51
2359,10,11,10,2,3,4,20230413,3,2025-11-16 08:20:51
2360,5,11,3,2,3,5,20230413,5,2025-11-16 08:20:51
2361,5,11,7,2,3,6,20230413,34,2025-11-16 08:20:51
2362,6,12,7,2,3,7,20230413,70,2025-11-16 08:20:51
2363,5,11,6,2,3,8,20230413,164,2025-11-16 08:20:51
2364,5,11,7,2,2,9,20230413,65,2025-11-16 08:20:51
2365,10,10,6,2,2,10,20230413,46,2025-11-16 08:20:51
2366,7,8,6,2,2,11,20230413,61,2025-11-16 08:20:51
2367,7,8,3,2,3,12,20230413,95,2025-11-16 08:20:51
2368,9,6,6,2,2,13,20230413,61,2025-11-16 08:20:51
2369,7,6,3,2,2,14,20230413,106,2025-11-16 08:20:51
2370,9,7,4,2,2,15,20230413,81,2025-11-16 08:20:51
2371,8,69,4,2,1,16,20230413,142,2025-11-16 08:20:51
2372,8,69,5,2,1,17,20230413,309,2025-11-16 08:20:51
2373,9,52,14,2,1,18,20230413,321,2025-11-16 08:20:51
2374,9,52,3,2,1,19,20230413,175,2025-11-16 08:20:51
2375,9,52,3,2,1,20,20230413,126,2025-11-16 08:20:51
2376,7,69,9,2,1,21,20230413,117,2025-11-16 08:20:51
2377,7,69,6,2,1,22,20230413,99,2025-11-16 08:20:51
2378,10,13,8,2,1,23,20230413,62,2025-11-16 08:20:51
2379,5,5,8,2,1,0,20230414,21,2025-11-16 08:20:51
2380,5,5,7,2,1,1,20230414,10,2025-11-16 08:20:51
2381,6,5,8,2,1,2,20230414,3,2025-11-16 08:20:51
2382,11,1,8,2,1,3,20230414,2,2025-11-16 08:20:51
2383,11,5,1,2,1,4,20230414,9,2025-11-16 08:20:51
2384,11,5,2,2,1,5,20230414,14,2025-11-16 08:20:51
2385,11,5,15,2,1,6,20230414,70,2025-11-16 08:20:51
2386,5,14,1,2,1,7,20230414,193,2025-11-16 08:20:51
2387,7,53,9,2,1,8,20230414,337,2025-11-16 08:20:51
2388,8,34,8,2,1,9,20230414,170,2025-11-16 08:20:51
2389,30,34,6,2,1,10,20230414,89,2025-11-16 08:20:51
2390,24,50,9,2,1,11,20230414,115,2025-11-16 08:20:51
2391,29,17,8,2,1,12,20230414,145,2025-11-16 08:20:51
2392,25,39,7,2,1,13,20230414,159,2025-11-16 08:20:51
2393,25,24,2,2,1,14,20230414,137,2025-11-16 08:20:51
2394,27,62,2,2,1,15,20230414,142,2025-11-16 08:20:51
2395,27,61,15,2,1,16,20230414,202,2025-11-16 08:20:51
2396,27,41,1,2,1,17,20230414,388,2025-11-16 08:20:51
2397,25,25,1,2,1,18,20230414,337,2025-11-16 08:20:51
2398,29,26,1,2,1,19,20230414,259,2025-11-16 08:20:51
2399,30,34,6,2,1,20,20230414,169,2025-11-16 08:20:51
2400,8,31,8,2,1,21,20230414,145,2025-11-16 08:20:51
2401,28,29,15,2,1,22,20230414,104,2025-11-16 08:20:51
2402,8,30,15,2,1,23,20230414,47,2025-11-16 08:20:51
2403,9,69,1,2,1,0,20230415,27,2025-11-16 08:20:51
2404,9,52,1,2,1,1,20230415,15,2025-11-16 08:20:51
2405,10,5,1,2,1,2,20230415,18,2025-11-16 08:20:51
2406,10,5,1,2,1,3,20230415,3,2025-11-16 08:20:51
2407,5,8,2,2,1,4,20230415,3,2025-11-16 08:20:51
2408,6,1,15,2,1,5,20230415,13,2025-11-16 08:20:51
2409,6,1,2,2,1,6,20230415,47,2025-11-16 08:20:51
2410,10,13,9,2,1,7,20230415,149,2025-11-16 08:20:51
2411,9,52,5,2,1,8,20230415,300,2025-11-16 08:20:51
2412,30,29,6,2,1,9,20230415,178,2025-11-16 08:20:51
2413,30,29,6,2,1,10,20230415,122,2025-11-16 08:20:51
2414,24,29,6,2,1,11,20230415,136,2025-11-16 08:20:51
2415,24,29,4,2,1,12,20230415,200,2025-11-16 08:20:51
2416,29,36,3,2,1,13,20230415,180,2025-11-16 08:20:51
2417,29,36,3,2,1,14,20230415,163,2025-11-16 08:20:51
2418,29,36,11,2,1,15,20230415,162,2025-11-16 08:20:51
2419,24,29,16,2,1,16,20230415,243,2025-11-16 08:20:51
2420,30,31,14,2,2,17,20230415,331,2025-11-16 08:20:51
2421,8,69,14,2,2,18,20230415,263,2025-11-16 08:20:51
2422,7,6,14,2,1,19,20230415,209,2025-11-16 08:20:51
2423,10,5,10,2,2,20,20230415,118,2025-11-16 08:20:51
2424,10,5,5,2,2,21,20230415,102,2025-11-16 08:20:51
2425,5,8,14,2,2,22,20230415,80,2025-11-16 08:20:51
2426,6,1,6,2,2,23,20230415,64,2025-11-16 08:20:51
2427,6,1,7,2,2,0,20230416,43,2025-11-16 08:20:51
2428,6,10,4,2,2,1,20230416,33,2025-11-16 08:20:51
2429,6,10,8,2,2,2,20230416,24,2025-11-16 08:20:51
2430,6,10,9,2,2,3,20230416,14,2025-11-16 08:20:51
2431,6,10,7,2,2,4,20230416,5,2025-11-16 08:20:51
2432,5,10,4,2,2,5,20230416,4,2025-11-16 08:20:51
2433,10,8,10,2,3,6,20230416,10,2025-11-16 08:20:51
2434,10,8,13,2,2,7,20230416,21,2025-11-16 08:20:51
2435,10,10,12,2,3,8,20230416,45,2025-11-16 08:20:51
2436,10,12,5,2,3,9,20230416,29,2025-11-16 08:20:51
2437,7,11,14,2,3,10,20230416,22,2025-11-16 08:20:51
2438,7,11,11,2,3,11,20230416,31,2025-11-16 08:20:51
2439,8,9,20,2,2,12,20230416,32,2025-11-16 08:20:51
2440,8,11,19,2,3,13,20230416,58,2025-11-16 08:20:51
2441,24,83,20,2,3,14,20230416,63,2025-11-16 08:20:51
2442,24,83,20,2,3,15,20230416,78,2025-11-16 08:20:51
2443,30,9,18,2,3,16,20230416,33,2025-11-16 08:20:51
2444,30,9,20,2,3,17,20230416,15,2025-11-16 08:20:51
2445,30,11,14,2,2,18,20230416,38,2025-11-16 08:20:51
2446,24,11,13,2,2,19,20230416,71,2025-11-16 08:20:51
2447,9,11,7,2,3,20,20230416,53,2025-11-16 08:20:51
2448,9,11,1,2,2,21,20230416,14,2025-11-16 08:20:51
2449,7,12,1,2,3,22,20230416,24,2025-11-16 08:20:51
2450,9,6,4,2,2,23,20230416,35,2025-11-16 08:20:51
2451,9,6,4,2,2,0,20230417,33,2025-11-16 08:20:51
2452,7,69,7,2,1,1,20230417,31,2025-11-16 08:20:51
2453,10,52,6,2,1,2,20230417,29,2025-11-16 08:20:51
2454,10,14,8,2,1,3,20230417,25,2025-11-16 08:20:51
2455,6,5,15,2,1,4,20230417,7,2025-11-16 08:20:51
2456,6,13,9,2,1,5,20230417,3,2025-11-16 08:20:51
2457,6,14,11,2,1,6,20230417,8,2025-11-16 08:20:51
2458,6,21,12,2,1,7,20230417,16,2025-11-16 08:20:51
2459,5,16,14,2,1,8,20230417,43,2025-11-16 08:20:51
2460,10,22,4,2,1,9,20230417,102,2025-11-16 08:20:51
2461,7,19,11,2,1,10,20230417,211,2025-11-16 08:20:51
2462,8,49,13,2,1,11,20230417,304,2025-11-16 08:20:51
2463,8,42,14,2,1,12,20230417,354,2025-11-16 08:20:51
2464,30,47,14,2,1,13,20230417,343,2025-11-16 08:20:51
2465,24,47,14,2,1,14,20230417,361,2025-11-16 08:20:51
2466,29,26,19,2,1,15,20230417,388,2025-11-16 08:20:51
2467,29,25,12,2,1,16,20230417,343,2025-11-16 08:20:51
2468,25,25,11,2,1,17,20230417,306,2025-11-16 08:20:51
2469,25,25,14,2,1,18,20230417,277,2025-11-16 08:20:51
2470,25,25,5,2,1,19,20230417,210,2025-11-16 08:20:51
2471,24,43,6,2,1,20,20230417,141,2025-11-16 08:20:51
2472,30,17,6,2,1,21,20230417,83,2025-11-16 08:20:51
2473,30,18,15,2,1,22,20230417,70,2025-11-16 08:20:51
2474,9,69,9,2,1,23,20230417,56,2025-11-16 08:20:51
2475,8,20,2,2,1,0,20230418,39,2025-11-16 08:20:51
2476,8,20,8,2,1,1,20230418,19,2025-11-16 08:20:51
2477,7,69,15,2,1,2,20230418,16,2025-11-16 08:20:51
2478,7,52,15,2,1,3,20230418,7,2025-11-16 08:20:51
2479,10,10,9,2,1,4,20230418,6,2025-11-16 08:20:51
2480,10,5,2,2,1,5,20230418,16,2025-11-16 08:20:51
2481,10,8,1,2,1,6,20230418,54,2025-11-16 08:20:51
2482,8,31,1,2,1,7,20230418,168,2025-11-16 08:20:51
2483,8,31,1,2,1,8,20230418,297,2025-11-16 08:20:51
2484,30,29,15,2,2,9,20230418,169,2025-11-16 08:20:51
2485,24,29,15,2,2,10,20230418,109,2025-11-16 08:20:51
2486,29,36,2,2,2,11,20230418,123,2025-11-16 08:20:51
2487,25,37,2,2,2,12,20230418,184,2025-11-16 08:20:51
2488,25,37,9,2,2,13,20230418,169,2025-11-16 08:20:51
2489,26,37,6,2,2,14,20230418,144,2025-11-16 08:20:51
2490,27,22,6,2,2,15,20230418,176,2025-11-16 08:20:51
2491,27,16,4,2,1,16,20230418,205,2025-11-16 08:20:51
2492,26,37,4,2,1,17,20230418,428,2025-11-16 08:20:51
2493,32,62,12,2,1,18,20230418,362,2025-11-16 08:20:51
2494,25,16,3,2,1,19,20230418,286,2025-11-16 08:20:51
2495,27,40,5,2,1,20,20230418,165,2025-11-16 08:20:51
2496,25,39,4,2,1,21,20230418,151,2025-11-16 08:20:51
2497,24,29,4,2,1,22,20230418,90,2025-11-16 08:20:51
2498,30,30,3,2,1,23,20230418,46,2025-11-16 08:20:51
2499,30,29,7,2,1,0,20230419,25,2025-11-16 08:20:51
2500,8,31,7,2,1,1,20230419,7,2025-11-16 08:20:51
2501,8,69,4,2,1,2,20230419,13,2025-11-16 08:20:51
2502,28,31,7,2,1,3,20230419,3,2025-11-16 08:20:51
2503,8,69,2,2,1,4,20230419,5,2025-11-16 08:20:51
2504,8,7,6,2,2,5,20230419,18,2025-11-16 08:20:51
2505,28,69,1,2,2,6,20230419,65,2025-11-16 08:20:51
2506,24,29,1,2,2,7,20230419,188,2025-11-16 08:20:51
2507,30,32,8,2,2,8,20230419,351,2025-11-16 08:20:51
2508,24,31,2,2,3,9,20230419,162,2025-11-16 08:20:51
2509,30,7,7,2,2,10,20230419,75,2025-11-16 08:20:51
2510,29,32,9,2,2,11,20230419,72,2025-11-16 08:20:51
2511,29,27,2,2,2,12,20230419,103,2025-11-16 08:20:51
2512,29,32,7,2,2,13,20230419,129,2025-11-16 08:20:51
2513,29,27,6,2,2,14,20230419,107,2025-11-16 08:20:51
2514,29,56,9,2,2,15,20230419,127,2025-11-16 08:20:51
2515,25,36,5,2,1,16,20230419,192,2025-11-16 08:20:51
2516,25,55,15,2,1,17,20230419,411,2025-11-16 08:20:51
2517,29,27,8,2,2,18,20230419,421,2025-11-16 08:20:51
2518,30,7,6,2,2,19,20230419,276,2025-11-16 08:20:51
2519,30,7,7,2,2,20,20230419,168,2025-11-16 08:20:51
2520,30,7,8,2,2,21,20230419,122,2025-11-16 08:20:51
2521,28,6,2,2,1,22,20230419,112,2025-11-16 08:20:51
2522,8,9,2,2,1,23,20230419,52,2025-11-16 08:20:51
2523,9,9,8,2,1,0,20230420,33,2025-11-16 08:20:51
2524,7,11,9,2,1,1,20230420,7,2025-11-16 08:20:51
2525,7,11,9,2,1,2,20230420,2,2025-11-16 08:20:51
2526,7,11,1,2,1,3,20230420,2,2025-11-16 08:20:51
2527,10,12,15,2,1,4,20230420,9,2025-11-16 08:20:51
2528,10,11,6,2,1,5,20230420,15,2025-11-16 08:20:51
2529,7,11,9,2,1,6,20230420,64,2025-11-16 08:20:51
2530,9,11,1,2,1,7,20230420,237,2025-11-16 08:20:51
2531,33,28,18,2,1,8,20230420,396,2025-11-16 08:20:51
2532,31,54,4,2,1,9,20230420,197,2025-11-16 08:20:51
2533,33,28,2,2,1,10,20230420,131,2025-11-16 08:20:51
2534,33,28,2,2,1,11,20230420,118,2025-11-16 08:20:51
2535,35,38,14,2,1,12,20230420,145,2025-11-16 08:20:51
2536,35,38,14,2,1,13,20230420,177,2025-11-16 08:20:51
2537,36,23,18,2,1,14,20230420,148,2025-11-16 08:20:51
2538,37,24,12,2,2,15,20230420,145,2025-11-16 08:20:51
2539,37,24,12,2,2,16,20230420,255,2025-11-16 08:20:51
2540,36,39,13,2,2,17,20230420,432,2025-11-16 08:20:51
2541,36,25,12,2,1,18,20230420,441,2025-11-16 08:20:51
2542,35,26,3,2,1,19,20230420,383,2025-11-16 08:20:51
2543,34,26,15,2,1,20,20230420,225,2025-11-16 08:20:51
2544,31,43,4,2,1,21,20230420,172,2025-11-16 08:20:51
2545,33,49,3,2,1,22,20230420,117,2025-11-16 08:20:51
2546,27,23,10,2,1,23,20230420,93,2025-11-16 08:20:51
2547,25,22,12,2,1,0,20230421,44,2025-11-16 08:20:51
2548,24,50,7,2,1,1,20230421,26,2025-11-16 08:20:51
2549,30,17,14,2,1,2,20230421,13,2025-11-16 08:20:51
2550,8,34,18,2,2,3,20230421,7,2025-11-16 08:20:51
2551,9,48,11,2,2,4,20230421,6,2025-11-16 08:20:51
2552,7,48,17,2,2,5,20230421,14,2025-11-16 08:20:51
2553,10,53,20,2,2,6,20230421,75,2025-11-16 08:20:51
2554,7,20,18,2,2,7,20230421,198,2025-11-16 08:20:51
2555,10,21,16,2,2,8,20230421,365,2025-11-16 08:20:51
2556,7,20,4,2,2,9,20230421,196,2025-11-16 08:20:51
2557,7,19,12,2,1,10,20230421,98,2025-11-16 08:20:51
2558,9,49,4,2,1,11,20230421,133,2025-11-16 08:20:51
2559,8,42,9,2,1,12,20230421,199,2025-11-16 08:20:51
2560,28,40,10,2,1,13,20230421,177,2025-11-16 08:20:51
2561,30,47,14,2,1,14,20230421,228,2025-11-16 08:20:51
2562,24,45,13,2,1,15,20230421,235,2025-11-16 08:20:51
2563,24,58,12,2,1,16,20230421,294,2025-11-16 08:20:51
2564,30,45,9,2,1,17,20230421,481,2025-11-16 08:20:51
2565,30,60,4,2,1,18,20230421,452,2025-11-16 08:20:51
2566,8,41,4,2,1,19,20230421,324,2025-11-16 08:20:51
2567,9,25,8,2,1,20,20230421,204,2025-11-16 08:20:51
2568,7,20,6,2,1,21,20230421,184,2025-11-16 08:20:51
2569,7,42,2,2,1,22,20230421,137,2025-11-16 08:20:51
2570,10,22,15,2,1,23,20230421,99,2025-11-16 08:20:51
2571,6,52,6,2,1,0,20230422,33,2025-11-16 08:20:51
2572,6,46,3,2,1,1,20230422,24,2025-11-16 08:20:51
2573,6,46,5,2,1,2,20230422,9,2025-11-16 08:20:51
2574,6,46,5,2,1,3,20230422,2,2025-11-16 08:20:51
2575,11,46,4,2,1,4,20230422,3,2025-11-16 08:20:51
2576,11,46,7,2,1,5,20230422,16,2025-11-16 08:20:51
2577,11,46,4,2,1,6,20230422,49,2025-11-16 08:20:51
2578,11,46,4,2,2,7,20230422,180,2025-11-16 08:20:51
2579,11,46,3,2,2,8,20230422,346,2025-11-16 08:20:51
2580,11,54,5,2,3,9,20230422,195,2025-11-16 08:20:51
2581,6,52,6,2,2,10,20230422,136,2025-11-16 08:20:51
2582,11,14,6,2,3,11,20230422,106,2025-11-16 08:20:51
2583,11,5,8,2,3,12,20230422,80,2025-11-16 08:20:51
2584,11,10,6,2,3,13,20230422,40,2025-11-16 08:20:51
2585,11,10,3,2,3,14,20230422,36,2025-11-16 08:20:51
2586,11,10,6,2,3,15,20230422,75,2025-11-16 08:20:51
2587,11,10,8,2,3,16,20230422,62,2025-11-16 08:20:51
2588,4,44,7,2,3,17,20230422,69,2025-11-16 08:20:51
2589,4,44,7,2,3,18,20230422,51,2025-11-16 08:20:51
2590,4,44,7,2,3,19,20230422,55,2025-11-16 08:20:51
2591,4,10,7,2,3,20,20230422,47,2025-11-16 08:20:51
2592,12,44,9,2,3,21,20230422,28,2025-11-16 08:20:51
2593,12,12,8,2,3,22,20230422,24,2025-11-16 08:20:51
2594,4,44,15,2,3,23,20230422,17,2025-11-16 08:20:51
2595,4,12,6,2,2,0,20230423,18,2025-11-16 08:20:51
2596,4,12,6,2,2,1,20230423,16,2025-11-16 08:20:51
2597,4,12,8,2,3,2,20230423,17,2025-11-16 08:20:51
2598,4,12,2,2,3,3,20230423,4,2025-11-16 08:20:51
2599,11,12,1,2,3,4,20230423,5,2025-11-16 08:20:51
2600,11,12,1,2,3,5,20230423,7,2025-11-16 08:20:51
2601,11,12,9,2,2,6,20230423,11,2025-11-16 08:20:51
2602,11,12,9,2,3,7,20230423,19,2025-11-16 08:20:51
2603,6,12,3,2,2,8,20230423,47,2025-11-16 08:20:51
2604,5,11,5,2,2,9,20230423,68,2025-11-16 08:20:51
2605,7,9,7,2,2,10,20230423,129,2025-11-16 08:20:51
2606,8,9,7,2,2,11,20230423,232,2025-11-16 08:20:51
2607,24,83,13,2,1,12,20230423,291,2025-11-16 08:20:51
2608,24,83,14,2,1,13,20230423,312,2025-11-16 08:20:51
2609,26,84,12,2,1,14,20230423,391,2025-11-16 08:20:51
2610,27,63,14,2,1,15,20230423,397,2025-11-16 08:20:51
2611,27,63,4,2,1,16,20230423,426,2025-11-16 08:20:51
2612,27,63,10,2,1,17,20230423,383,2025-11-16 08:20:51
2613,26,84,6,2,1,18,20230423,376,2025-11-16 08:20:51
2614,25,83,4,2,1,19,20230423,283,2025-11-16 08:20:51
2615,29,9,3,2,2,20,20230423,183,2025-11-16 08:20:51
2616,25,83,4,2,2,21,20230423,135,2025-11-16 08:20:51
2617,26,84,3,2,2,22,20230423,169,2025-11-16 08:20:51
2618,29,9,9,2,2,23,20230423,117,2025-11-16 08:20:51
2619,24,83,7,2,1,0,20230424,96,2025-11-16 08:20:51
2620,30,9,6,2,1,1,20230424,54,2025-11-16 08:20:51
2621,30,9,6,2,1,2,20230424,72,2025-11-16 08:20:51
2622,30,11,2,2,1,3,20230424,24,2025-11-16 08:20:51
2623,30,11,2,2,1,4,20230424,5,2025-11-16 08:20:51
2624,30,11,2,2,1,5,20230424,12,2025-11-16 08:20:51
2625,30,12,1,2,2,6,20230424,13,2025-11-16 08:20:51
2626,30,12,1,2,2,7,20230424,27,2025-11-16 08:20:51
2627,24,11,7,2,1,8,20230424,80,2025-11-16 08:20:51
2628,25,9,3,2,1,9,20230424,177,2025-11-16 08:20:51
2629,27,84,9,2,1,10,20230424,289,2025-11-16 08:20:51
2630,31,56,8,2,1,11,20230424,317,2025-11-16 08:20:51
2631,34,56,3,2,1,12,20230424,388,2025-11-16 08:20:51
2632,35,53,4,2,1,13,20230424,441,2025-11-16 08:20:51
2633,35,48,10,2,1,14,20230424,420,2025-11-16 08:20:51
2634,31,54,3,2,1,15,20230424,369,2025-11-16 08:20:51
2635,36,38,14,2,1,16,20230424,359,2025-11-16 08:20:51
2636,31,56,5,2,1,17,20230424,331,2025-11-16 08:20:51
2637,32,28,9,2,1,18,20230424,270,2025-11-16 08:20:51
2638,27,83,4,2,3,19,20230424,194,2025-11-16 08:20:51
2639,27,83,4,2,3,20,20230424,105,2025-11-16 08:20:51
2640,29,11,9,2,3,21,20230424,61,2025-11-16 08:20:51
2641,29,12,9,2,3,22,20230424,45,2025-11-16 08:20:51
2642,29,12,2,2,3,23,20230424,42,2025-11-16 08:20:51
2643,24,12,1,2,3,0,20230425,12,2025-11-16 08:20:51
2644,29,12,2,2,1,1,20230425,10,2025-11-16 08:20:51
2645,29,12,2,2,1,2,20230425,10,2025-11-16 08:20:51
2646,30,12,15,2,2,3,20230425,10,2025-11-16 08:20:51
2647,24,12,1,2,2,4,20230425,5,2025-11-16 08:20:51
2648,8,12,1,2,2,5,20230425,17,2025-11-16 08:20:51
2649,30,12,1,2,2,6,20230425,66,2025-11-16 08:20:51
2650,24,12,2,2,2,7,20230425,196,2025-11-16 08:20:51
2651,25,9,15,2,1,8,20230425,353,2025-11-16 08:20:51
2652,27,83,8,2,1,9,20230425,174,2025-11-16 08:20:51
2653,32,63,7,2,1,10,20230425,125,2025-11-16 08:20:51
2654,32,63,7,2,1,11,20230425,147,2025-11-16 08:20:51
2655,31,33,3,2,1,12,20230425,188,2025-11-16 08:20:51
2656,35,56,7,2,1,13,20230425,203,2025-11-16 08:20:51
2657,38,48,7,2,1,14,20230425,146,2025-11-16 08:20:51
2658,36,34,7,2,1,15,20230425,175,2025-11-16 08:20:51
2659,35,48,12,2,1,16,20230425,239,2025-11-16 08:20:51
2660,35,48,5,2,1,17,20230425,521,2025-11-16 08:20:51
2661,34,15,12,2,1,18,20230425,499,2025-11-16 08:20:51
2662,31,15,10,2,1,19,20230425,382,2025-11-16 08:20:51
2663,31,54,4,2,1,20,20230425,237,2025-11-16 08:20:51
2664,33,28,3,2,1,21,20230425,190,2025-11-16 08:20:51
2665,27,63,5,2,1,22,20230425,106,2025-11-16 08:20:51
2666,26,84,4,2,1,23,20230425,62,2025-11-16 08:20:51
2667,33,28,4,2,1,0,20230426,27,2025-11-16 08:20:51
2668,33,63,4,2,1,1,20230426,21,2025-11-16 08:20:51
2669,25,83,10,2,1,2,20230426,26,2025-11-16 08:20:51
2670,29,9,4,2,1,3,20230426,21,2025-11-16 08:20:51
2671,25,83,3,2,1,4,20230426,6,2025-11-16 08:20:51
2672,29,9,3,2,1,5,20230426,16,2025-11-16 08:20:51
2673,25,9,7,2,1,6,20230426,80,2025-11-16 08:20:51
2674,26,83,5,2,1,7,20230426,270,2025-11-16 08:20:51
2675,26,83,5,2,1,8,20230426,449,2025-11-16 08:20:51
2676,32,63,12,2,1,9,20230426,199,2025-11-16 08:20:51
2677,31,28,12,2,1,10,20230426,120,2025-11-16 08:20:51
2678,34,56,14,2,1,11,20230426,172,2025-11-16 08:20:51
2679,35,54,13,2,1,12,20230426,186,2025-11-16 08:20:51
2680,36,34,11,2,1,13,20230426,176,2025-11-16 08:20:51
2681,38,53,10,2,1,14,20230426,155,2025-11-16 08:20:51
2682,35,54,12,2,1,15,20230426,153,2025-11-16 08:20:51
2683,35,53,14,2,1,16,20230426,291,2025-11-16 08:20:51
2684,34,54,12,2,1,17,20230426,521,2025-11-16 08:20:51
2685,34,56,11,2,1,18,20230426,528,2025-11-16 08:20:51
2686,32,63,13,2,1,19,20230426,328,2025-11-16 08:20:51
2687,32,63,12,2,1,20,20230426,234,2025-11-16 08:20:51
2688,33,84,4,2,1,21,20230426,195,2025-11-16 08:20:51
2689,27,83,6,2,2,22,20230426,148,2025-11-16 08:20:51
2690,27,83,7,2,2,23,20230426,78,2025-11-16 08:20:51
2691,27,83,7,2,1,0,20230427,27,2025-11-16 08:20:51
2692,27,83,3,2,1,1,20230427,17,2025-11-16 08:20:51
2693,26,9,3,2,1,2,20230427,5,2025-11-16 08:20:51
2694,26,9,4,2,2,3,20230427,7,2025-11-16 08:20:51
2695,25,11,7,2,1,4,20230427,6,2025-11-16 08:20:51
2696,25,11,3,2,2,5,20230427,17,2025-11-16 08:20:51
2697,25,11,3,2,1,6,20230427,84,2025-11-16 08:20:51
2698,26,9,4,2,2,7,20230427,246,2025-11-16 08:20:51
2699,26,9,10,2,2,8,20230427,444,2025-11-16 08:20:51
2700,27,9,13,2,2,9,20230427,181,2025-11-16 08:20:51
2701,33,83,4,2,2,10,20230427,92,2025-11-16 08:20:51
2702,32,84,4,2,2,11,20230427,156,2025-11-16 08:20:51
2703,31,84,10,2,1,12,20230427,173,2025-11-16 08:20:51
2704,32,84,5,2,1,13,20230427,150,2025-11-16 08:20:51
2705,34,33,4,2,1,14,20230427,148,2025-11-16 08:20:51
2706,35,56,16,2,1,15,20230427,138,2025-11-16 08:20:51
2707,35,57,14,2,1,16,20230427,218,2025-11-16 08:20:51
2708,31,83,14,2,3,17,20230427,521,2025-11-16 08:20:51
2709,31,83,14,2,3,18,20230427,412,2025-11-16 08:20:51
2710,33,84,4,2,1,19,20230427,260,2025-11-16 08:20:51
2711,32,83,10,2,1,20,20230427,218,2025-11-16 08:20:51
2712,33,9,4,2,1,21,20230427,145,2025-11-16 08:20:51
2713,33,9,10,2,2,22,20230427,129,2025-11-16 08:20:51
2714,33,9,12,2,2,23,20230427,78,2025-11-16 08:20:51
2715,32,84,12,2,1,0,20230428,54,2025-11-16 08:20:51
2716,33,83,14,2,2,1,20230428,20,2025-11-16 08:20:51
2717,33,83,11,2,2,2,20230428,21,2025-11-16 08:20:51
2718,32,84,14,2,2,3,20230428,3,2025-11-16 08:20:51
2719,33,83,13,2,2,4,20230428,9,2025-11-16 08:20:51
2720,33,83,14,2,2,5,20230428,13,2025-11-16 08:20:51
2721,32,84,18,2,2,6,20230428,86,2025-11-16 08:20:51
2722,32,84,11,2,2,7,20230428,215,2025-11-16 08:20:51
2723,31,84,11,2,2,8,20230428,398,2025-11-16 08:20:51
2724,33,9,10,2,3,9,20230428,183,2025-11-16 08:20:51
2725,33,9,4,2,2,10,20230428,54,2025-11-16 08:20:51
2726,33,83,4,2,2,11,20230428,84,2025-11-16 08:20:51
2727,33,84,3,2,2,12,20230428,107,2025-11-16 08:20:51
2728,33,83,5,2,2,13,20230428,121,2025-11-16 08:20:51
2729,33,83,5,2,1,14,20230428,142,2025-11-16 08:20:51
2730,31,28,10,2,1,15,20230428,163,2025-11-16 08:20:51
2731,33,84,3,2,1,16,20230428,270,2025-11-16 08:20:51
2732,32,20,12,2,1,17,20230428,455,2025-11-16 08:20:51
2733,32,20,12,2,1,18,20230428,530,2025-11-16 08:20:51
2734,33,22,5,2,1,19,20230428,404,2025-11-16 08:20:51
2735,26,22,7,2,1,20,20230428,269,2025-11-16 08:20:51
2736,25,16,8,2,1,21,20230428,194,2025-11-16 08:20:51
2737,29,50,9,2,1,22,20230428,153,2025-11-16 08:20:51
2738,29,18,2,2,1,23,20230428,110,2025-11-16 08:20:51
2739,24,18,4,2,1,0,20230429,48,2025-11-16 08:20:51
2740,30,50,2,2,1,1,20230429,31,2025-11-16 08:20:51
2741,8,31,15,2,1,2,20230429,10,2025-11-16 08:20:51
2742,8,30,2,2,1,3,20230429,5,2025-11-16 08:20:51
2743,8,34,8,2,1,4,20230429,6,2025-11-16 08:20:51
2744,8,20,8,2,1,5,20230429,25,2025-11-16 08:20:51
2745,30,50,4,2,1,6,20230429,71,2025-11-16 08:20:51
2746,24,17,6,2,1,7,20230429,240,2025-11-16 08:20:51
2747,29,18,5,2,1,8,20230429,421,2025-11-16 08:20:51
2748,29,18,10,2,1,9,20230429,230,2025-11-16 08:20:51
2749,25,23,4,2,1,10,20230429,156,2025-11-16 08:20:51
2750,27,42,7,2,1,11,20230429,157,2025-11-16 08:20:51
2751,25,39,4,2,1,12,20230429,223,2025-11-16 08:20:51
2752,25,39,5,2,1,13,20230429,308,2025-11-16 08:20:51
2753,27,24,10,2,1,14,20230429,248,2025-11-16 08:20:51
2754,25,23,5,2,2,15,20230429,252,2025-11-16 08:20:51
2755,29,17,12,2,2,16,20230429,299,2025-11-16 08:20:51
2756,24,50,14,2,2,17,20230429,508,2025-11-16 08:20:51
2757,24,38,12,2,1,18,20230429,439,2025-11-16 08:20:51
2758,8,29,10,2,1,19,20230429,270,2025-11-16 08:20:51
2759,28,38,7,2,1,20,20230429,194,2025-11-16 08:20:51
2760,8,34,6,2,1,21,20230429,195,2025-11-16 08:20:51
2761,7,53,9,2,1,22,20230429,146,2025-11-16 08:20:51
2762,9,48,2,2,2,23,20230429,113,2025-11-16 08:20:51
2763,9,48,3,2,2,0,20230430,106,2025-11-16 08:20:51
2764,9,48,9,2,2,1,20230430,74,2025-11-16 08:20:51
2765,9,48,7,2,2,2,20230430,65,2025-11-16 08:20:51
2766,7,48,6,2,2,3,20230430,17,2025-11-16 08:20:51
2767,7,48,7,2,2,4,20230430,7,2025-11-16 08:20:51
2768,7,48,14,2,1,5,20230430,7,2025-11-16 08:20:51
2769,10,53,4,2,1,6,20230430,21,2025-11-16 08:20:51
2770,10,48,14,2,1,7,20230430,48,2025-11-16 08:20:51
2771,10,48,5,2,1,8,20230430,91,2025-11-16 08:20:51
2772,9,34,12,2,1,9,20230430,156,2025-11-16 08:20:51
2773,28,19,14,2,1,10,20230430,279,2025-11-16 08:20:51
2774,30,17,12,2,1,11,20230430,321,2025-11-16 08:20:51
2775,24,17,14,2,1,12,20230430,416,2025-11-16 08:20:51
2776,29,18,5,2,1,13,20230430,455,2025-11-16 08:20:51
2777,29,18,7,2,1,14,20230430,452,2025-11-16 08:20:51
2778,25,39,8,2,1,15,20230430,499,2025-11-16 08:20:51
2779,26,39,6,2,1,16,20230430,464,2025-11-16 08:20:51
2780,25,22,8,2,1,17,20230430,407,2025-11-16 08:20:51
2781,29,22,8,2,1,18,20230430,371,2025-11-16 08:20:51
2782,29,22,8,2,1,19,20230430,387,2025-11-16 08:20:51
2783,9,52,8,2,1,20,20230430,224,2025-11-16 08:20:51
2784,9,52,8,2,1,21,20230430,177,2025-11-16 08:20:51
2785,9,69,15,2,1,22,20230430,143,2025-11-16 08:20:51
2786,9,69,15,2,1,23,20230430,125,2025-11-16 08:20:51
2787,7,69,2,2,1,0,20230501,96,2025-11-16 08:20:51
2788,7,28,15,2,1,1,20230501,59,2025-11-16 08:20:51
2789,7,6,15,2,1,2,20230501,50,2025-11-16 08:20:51
2790,10,8,15,2,1,3,20230501,23,2025-11-16 08:20:51
2791,10,5,15,2,1,4,20230501,17,2025-11-16 08:20:51
2792,10,8,2,2,1,5,20230501,10,2025-11-16 08:20:51
2793,10,8,2,2,2,6,20230501,13,2025-11-16 08:20:51
2794,7,6,2,2,2,7,20230501,33,2025-11-16 08:20:51
2795,9,6,8,2,2,8,20230501,59,2025-11-16 08:20:51
2796,8,7,8,2,2,9,20230501,141,2025-11-16 08:20:51
2797,28,31,6,2,2,10,20230501,264,2025-11-16 08:20:51
2798,8,8,15,2,1,11,20230501,250,2025-11-16 08:20:51
2799,28,6,15,2,2,12,20230501,281,2025-11-16 08:20:51
2800,30,31,9,2,2,13,20230501,332,2025-11-16 08:20:51
2801,30,32,15,2,2,14,20230501,238,2025-11-16 08:20:51
2802,30,7,1,2,2,15,20230501,266,2025-11-16 08:20:51
2803,30,7,6,2,2,16,20230501,214,2025-11-16 08:20:51
2804,28,8,3,2,2,17,20230501,196,2025-11-16 08:20:51
2805,8,8,2,2,2,18,20230501,159,2025-11-16 08:20:51
2806,8,85,15,2,2,19,20230501,178,2025-11-16 08:20:51
2807,8,8,1,2,2,20,20230501,121,2025-11-16 08:20:51
2808,8,8,1,2,2,21,20230501,105,2025-11-16 08:20:51
2809,8,8,1,2,2,22,20230501,100,2025-11-16 08:20:51
2810,8,6,6,2,1,23,20230501,146,2025-11-16 08:20:51
2811,8,7,8,2,1,0,20230502,177,2025-11-16 08:20:51
2812,8,7,8,2,1,1,20230502,114,2025-11-16 08:20:51
2813,9,6,7,2,2,2,20230502,35,2025-11-16 08:20:51
2814,9,6,8,2,1,3,20230502,16,2025-11-16 08:20:51
2815,9,6,9,2,1,4,20230502,17,2025-11-16 08:20:51
2816,9,6,8,2,2,5,20230502,20,2025-11-16 08:20:51
2817,9,9,15,2,1,6,20230502,62,2025-11-16 08:20:51
2818,8,8,10,2,2,7,20230502,209,2025-11-16 08:20:51
2819,28,6,7,2,2,8,20230502,371,2025-11-16 08:20:51
2820,30,6,4,2,2,9,20230502,172,2025-11-16 08:20:51
2821,29,6,7,2,2,10,20230502,108,2025-11-16 08:20:51
2822,26,63,5,2,1,11,20230502,130,2025-11-16 08:20:51
2823,33,28,7,2,1,12,20230502,187,2025-11-16 08:20:51
2824,33,28,6,2,2,13,20230502,170,2025-11-16 08:20:51
2825,32,28,7,2,1,14,20230502,181,2025-11-16 08:20:51
2826,31,54,6,2,1,15,20230502,155,2025-11-16 08:20:51
2827,31,54,7,2,1,16,20230502,269,2025-11-16 08:20:51
2828,31,56,6,2,1,17,20230502,537,2025-11-16 08:20:51
2829,32,56,6,2,2,18,20230502,518,2025-11-16 08:20:51
2830,33,28,8,2,2,19,20230502,314,2025-11-16 08:20:51
2831,33,28,8,2,2,20,20230502,218,2025-11-16 08:20:51
2832,27,63,15,2,2,21,20230502,232,2025-11-16 08:20:51
2833,27,63,1,2,2,22,20230502,125,2025-11-16 08:20:51
2834,25,83,6,2,2,23,20230502,64,2025-11-16 08:20:51
2835,25,83,7,2,2,0,20230503,16,2025-11-16 08:20:51
2836,25,84,3,2,2,1,20230503,14,2025-11-16 08:20:51
2837,25,84,3,2,2,2,20230503,5,2025-11-16 08:20:51
2838,29,83,4,2,1,3,20230503,2,2025-11-16 08:20:51
2839,24,9,7,2,1,4,20230503,4,2025-11-16 08:20:51
2840,24,9,8,2,1,5,20230503,14,2025-11-16 08:20:51
2841,24,11,9,2,2,6,20230503,109,2025-11-16 08:20:51
2842,29,9,7,2,2,7,20230503,265,2025-11-16 08:20:51
2843,25,83,4,2,2,8,20230503,459,2025-11-16 08:20:51
2844,27,84,12,2,2,9,20230503,186,2025-11-16 08:20:51
2845,32,28,12,2,2,10,20230503,127,2025-11-16 08:20:51
2846,31,56,10,2,2,11,20230503,140,2025-11-16 08:20:51
2847,34,54,16,2,2,12,20230503,217,2025-11-16 08:20:51
2848,35,53,22,2,2,13,20230503,194,2025-11-16 08:20:51
2849,35,53,19,2,2,14,20230503,158,2025-11-16 08:20:51
2850,35,53,11,2,2,15,20230503,154,2025-11-16 08:20:51
2851,38,48,18,2,1,16,20230503,271,2025-11-16 08:20:51
2852,35,48,18,2,1,17,20230503,517,2025-11-16 08:20:51
2853,35,38,13,2,1,18,20230503,544,2025-11-16 08:20:51
2854,34,15,12,2,1,19,20230503,365,2025-11-16 08:20:51
2855,31,54,6,2,1,20,20230503,290,2025-11-16 08:20:51
2856,32,54,11,2,2,21,20230503,225,2025-11-16 08:20:51
2857,26,55,14,2,2,22,20230503,113,2025-11-16 08:20:51
2858,25,32,10,2,2,23,20230503,62,2025-11-16 08:20:51
2859,24,6,9,2,3,0,20230504,27,2025-11-16 08:20:51
2860,30,8,4,2,3,1,20230504,7,2025-11-16 08:20:51
2861,30,8,4,2,3,2,20230504,4,2025-11-16 08:20:51
2862,7,9,19,2,3,3,20230504,1,2025-11-16 08:20:51
2863,5,11,10,2,3,4,20230504,3,2025-11-16 08:20:51
2864,6,10,10,2,3,5,20230504,9,2025-11-16 08:20:51
2865,11,44,14,2,3,6,20230504,21,2025-11-16 08:20:51
2866,11,44,12,2,3,7,20230504,52,2025-11-16 08:20:51
2867,11,44,14,2,3,8,20230504,79,2025-11-16 08:20:51
2868,11,44,12,2,3,9,20230504,40,2025-11-16 08:20:51
2869,11,44,4,2,2,10,20230504,31,2025-11-16 08:20:51
2870,10,8,10,2,1,11,20230504,72,2025-11-16 08:20:51
2871,9,52,12,2,2,12,20230504,124,2025-11-16 08:20:51
2872,8,30,11,2,2,13,20230504,143,2025-11-16 08:20:51
2873,30,34,14,2,1,14,20230504,107,2025-11-16 08:20:51
2874,28,34,13,2,1,15,20230504,129,2025-11-16 08:20:51
2875,30,50,18,2,1,16,20230504,195,2025-11-16 08:20:51
2876,10,13,3,2,1,17,20230504,410,2025-11-16 08:20:51
2877,7,69,3,2,1,18,20230504,396,2025-11-16 08:20:51
2878,7,53,12,2,1,19,20230504,296,2025-11-16 08:20:51
2879,10,52,10,2,1,20,20230504,191,2025-11-16 08:20:51
2880,10,52,9,2,1,21,20230504,150,2025-11-16 08:20:51
2881,5,52,7,2,1,22,20230504,89,2025-11-16 08:20:51
2882,6,52,7,2,1,23,20230504,57,2025-11-16 08:20:51
2883,6,14,6,2,1,0,20230505,27,2025-11-16 08:20:51
2884,11,13,6,2,1,1,20230505,10,2025-11-16 08:20:51
2885,11,14,7,2,1,2,20230505,5,2025-11-16 08:20:51
2886,11,14,3,2,1,3,20230505,4,2025-11-16 08:20:51
2887,11,14,3,2,1,4,20230505,7,2025-11-16 08:20:51
2888,11,14,3,2,1,5,20230505,30,2025-11-16 08:20:51
2889,11,14,3,2,1,6,20230505,89,2025-11-16 08:20:51
2890,5,53,3,2,1,7,20230505,271,2025-11-16 08:20:51
2891,7,21,3,2,1,8,20230505,440,2025-11-16 08:20:51
2892,8,19,4,2,1,9,20230505,184,2025-11-16 08:20:51
2893,30,18,4,2,1,10,20230505,128,2025-11-16 08:20:51
2894,24,43,11,2,1,11,20230505,148,2025-11-16 08:20:51
2895,24,47,12,2,1,12,20230505,196,2025-11-16 08:20:51
2896,29,25,20,2,1,13,20230505,192,2025-11-16 08:20:51
2897,29,41,11,2,1,14,20230505,154,2025-11-16 08:20:51
2898,25,61,16,2,1,15,20230505,147,2025-11-16 08:20:51
2899,26,64,13,2,1,16,20230505,269,2025-11-16 08:20:51
2900,25,61,14,2,1,17,20230505,533,2025-11-16 08:20:51
2901,25,61,4,2,1,18,20230505,520,2025-11-16 08:20:51
2902,29,41,7,2,1,19,20230505,361,2025-11-16 08:20:51
2903,30,47,9,2,1,20,20230505,258,2025-11-16 08:20:51
2904,30,43,6,2,1,21,20230505,180,2025-11-16 08:20:51
2905,28,18,6,2,1,22,20230505,165,2025-11-16 08:20:51
2906,8,49,6,2,1,23,20230505,115,2025-11-16 08:20:51
2907,9,19,9,2,1,0,20230506,56,2025-11-16 08:20:51
2908,10,52,9,2,1,1,20230506,32,2025-11-16 08:20:51
2909,5,52,15,2,1,2,20230506,16,2025-11-16 08:20:51
2910,6,13,15,2,1,3,20230506,9,2025-11-16 08:20:51
2911,6,13,15,2,1,4,20230506,1,2025-11-16 08:20:51
2912,11,1,15,2,1,5,20230506,16,2025-11-16 08:20:51
2913,6,1,2,2,1,6,20230506,82,2025-11-16 08:20:51
2914,10,8,1,2,1,7,20230506,222,2025-11-16 08:20:51
2915,7,6,3,2,1,8,20230506,450,2025-11-16 08:20:51
2916,8,69,4,2,1,9,20230506,188,2025-11-16 08:20:51
2917,29,37,10,2,2,10,20230506,127,2025-11-16 08:20:51
2918,29,37,10,2,2,11,20230506,165,2025-11-16 08:20:51
2919,25,37,12,2,1,12,20230506,246,2025-11-16 08:20:51
2920,26,23,10,2,1,13,20230506,253,2025-11-16 08:20:51
2921,27,23,11,2,1,14,20230506,213,2025-11-16 08:20:51
2922,27,42,14,2,1,15,20230506,260,2025-11-16 08:20:51
2923,27,23,3,2,1,16,20230506,344,2025-11-16 08:20:51
2924,26,23,12,2,1,17,20230506,553,2025-11-16 08:20:51
2925,29,36,12,2,3,18,20230506,470,2025-11-16 08:20:51
2926,29,36,12,2,3,19,20230506,292,2025-11-16 08:20:51
2927,24,38,15,2,1,20,20230506,190,2025-11-16 08:20:51
2928,28,69,8,2,1,21,20230506,152,2025-11-16 08:20:51
2929,8,7,7,2,1,22,20230506,151,2025-11-16 08:20:51
2930,9,8,8,2,1,23,20230506,120,2025-11-16 08:20:51
2931,7,8,8,2,1,0,20230507,86,2025-11-16 08:20:51
2932,7,8,15,2,1,1,20230507,58,2025-11-16 08:20:51
2933,7,8,2,2,1,2,20230507,52,2025-11-16 08:20:51
2934,7,6,2,2,1,3,20230507,18,2025-11-16 08:20:51
2935,10,8,15,2,1,4,20230507,5,2025-11-16 08:20:51
2936,8,30,8,2,1,5,20230507,7,2025-11-16 08:20:51
2937,7,6,2,2,1,6,20230507,13,2025-11-16 08:20:51
2938,28,30,1,2,1,7,20230507,40,2025-11-16 08:20:51
2939,24,36,6,2,1,8,20230507,115,2025-11-16 08:20:51
2940,29,37,4,2,1,9,20230507,218,2025-11-16 08:20:51
2941,25,37,5,2,1,10,20230507,298,2025-11-16 08:20:51
2942,25,22,1,2,1,11,20230507,347,2025-11-16 08:20:51
2943,27,23,6,2,1,12,20230507,373,2025-11-16 08:20:51
2944,27,24,4,2,1,13,20230507,436,2025-11-16 08:20:51
2945,27,24,9,2,3,14,20230507,378,2025-11-16 08:20:51
2946,27,42,3,2,1,15,20230507,378,2025-11-16 08:20:51
2947,27,42,6,2,1,16,20230507,342,2025-11-16 08:20:51
2948,26,23,7,2,1,17,20230507,354,2025-11-16 08:20:51
2949,26,39,9,2,1,18,20230507,289,2025-11-16 08:20:51
2950,25,22,6,2,1,19,20230507,267,2025-11-16 08:20:51
2951,25,22,8,2,1,20,20230507,219,2025-11-16 08:20:51
2952,29,37,7,2,1,21,20230507,182,2025-11-16 08:20:51
2953,29,37,6,2,1,22,20230507,120,2025-11-16 08:20:51
2954,30,30,15,2,1,23,20230507,119,2025-11-16 08:20:51
2955,30,30,15,2,2,0,20230508,100,2025-11-16 08:20:51
2956,24,29,1,2,2,1,20230508,64,2025-11-16 08:20:51
2957,28,31,1,2,1,2,20230508,59,2025-11-16 08:20:51
2958,8,7,2,2,1,3,20230508,31,2025-11-16 08:20:51
2959,7,8,1,2,1,4,20230508,10,2025-11-16 08:20:51
2960,9,6,1,2,2,5,20230508,5,2025-11-16 08:20:51
2961,9,8,1,2,2,6,20230508,6,2025-11-16 08:20:51
2962,8,8,1,2,2,7,20230508,23,2025-11-16 08:20:51
2963,24,31,8,2,1,8,20230508,86,2025-11-16 08:20:51
2964,25,36,7,2,1,9,20230508,160,2025-11-16 08:20:51
2965,26,37,8,2,1,10,20230508,244,2025-11-16 08:20:51
2966,26,37,2,2,1,11,20230508,340,2025-11-16 08:20:51
2967,27,16,2,2,1,12,20230508,382,2025-11-16 08:20:51
2968,27,37,8,2,1,13,20230508,390,2025-11-16 08:20:51
2969,27,37,1,2,1,14,20230508,366,2025-11-16 08:20:51
2970,27,37,1,2,1,15,20230508,358,2025-11-16 08:20:51
2971,27,16,15,2,1,16,20230508,385,2025-11-16 08:20:51
2972,26,37,4,2,3,17,20230508,351,2025-11-16 08:20:51
2973,26,37,1,2,1,18,20230508,268,2025-11-16 08:20:51
2974,25,27,1,2,1,19,20230508,239,2025-11-16 08:20:51
2975,24,6,8,2,1,20,20230508,174,2025-11-16 08:20:51
2976,24,6,2,2,1,21,20230508,127,2025-11-16 08:20:51
2977,30,9,2,2,1,22,20230508,115,2025-11-16 08:20:51
2978,8,9,2,2,1,23,20230508,50,2025-11-16 08:20:51
2979,8,8,2,2,1,0,20230509,53,2025-11-16 08:20:51
2980,9,9,1,2,1,1,20230509,33,2025-11-16 08:20:51
2981,9,11,1,2,1,2,20230509,8,2025-11-16 08:20:51
2982,8,8,2,2,1,3,20230509,7,2025-11-16 08:20:51
2983,7,8,9,2,1,4,20230509,4,2025-11-16 08:20:51
2984,7,6,9,2,1,5,20230509,23,2025-11-16 08:20:51
2985,9,7,3,2,1,6,20230509,89,2025-11-16 08:20:51
2986,28,31,3,2,1,7,20230509,237,2025-11-16 08:20:51
2987,24,29,7,2,1,8,20230509,374,2025-11-16 08:20:51
2988,29,35,9,2,1,9,20230509,178,2025-11-16 08:20:51
2989,25,36,6,2,1,10,20230509,119,2025-11-16 08:20:51
2990,27,16,7,2,1,11,20230509,125,2025-11-16 08:20:51
2991,27,22,6,2,1,12,20230509,195,2025-11-16 08:20:51
2992,33,42,4,2,1,13,20230509,174,2025-11-16 08:20:51
2993,33,49,7,2,1,14,20230509,162,2025-11-16 08:20:51
2994,33,49,7,2,1,15,20230509,199,2025-11-16 08:20:51
2995,32,42,7,2,1,16,20230509,304,2025-11-16 08:20:51
2996,33,42,3,2,1,17,20230509,598,2025-11-16 08:20:51
2997,33,42,5,2,1,18,20230509,524,2025-11-16 08:20:51
2998,26,22,6,2,1,19,20230509,384,2025-11-16 08:20:51
2999,29,37,6,2,1,20,20230509,239,2025-11-16 08:20:51
3000,24,30,8,2,1,21,20230509,156,2025-11-16 08:20:51
3001,24,32,2,2,1,22,20230509,116,2025-11-16 08:20:51
3002,30,32,2,2,1,23,20230509,61,2025-11-16 08:20:51
3003,28,31,1,2,1,0,20230510,18,2025-11-16 08:20:51
3004,8,30,2,2,1,1,20230510,15,2025-11-16 08:20:51
3005,9,53,8,2,1,2,20230510,5,2025-11-16 08:20:51
3006,9,48,6,2,1,3,20230510,4,2025-11-16 08:20:51
3007,7,52,3,2,1,4,20230510,2,2025-11-16 08:20:51
3008,10,14,7,2,1,5,20230510,29,2025-11-16 08:20:51
3009,7,69,8,2,1,6,20230510,112,2025-11-16 08:20:51
3010,9,52,8,2,2,7,20230510,314,2025-11-16 08:20:51
3011,30,34,15,2,2,8,20230510,425,2025-11-16 08:20:51
3012,24,38,15,2,2,9,20230510,205,2025-11-16 08:20:51
3013,25,39,2,2,2,10,20230510,127,2025-11-16 08:20:51
3014,25,22,8,2,2,11,20230510,125,2025-11-16 08:20:51
3015,27,42,1,2,2,12,20230510,217,2025-11-16 08:20:51
3016,33,42,3,2,2,13,20230510,202,2025-11-16 08:20:51
3017,33,40,1,2,2,14,20230510,176,2025-11-16 08:20:51
3018,32,40,2,2,2,15,20230510,180,2025-11-16 08:20:51
3019,31,62,15,2,1,16,20230510,327,2025-11-16 08:20:51
3020,32,40,1,2,1,17,20230510,611,2025-11-16 08:20:51
3021,32,45,8,2,1,18,20230510,550,2025-11-16 08:20:51
3022,27,22,7,2,1,19,20230510,434,2025-11-16 08:20:51
3023,29,55,8,2,1,20,20230510,291,2025-11-16 08:20:51
3024,29,36,1,2,1,21,20230510,203,2025-11-16 08:20:51
3025,24,29,15,2,1,22,20230510,150,2025-11-16 08:20:51
3026,24,30,8,2,2,23,20230510,81,2025-11-16 08:20:51
3027,24,29,8,2,2,0,20230511,38,2025-11-16 08:20:51
3028,30,30,15,2,2,1,20230511,20,2025-11-16 08:20:51
3029,24,30,1,2,1,2,20230511,10,2025-11-16 08:20:51
3030,30,31,7,2,1,3,20230511,3,2025-11-16 08:20:51
3031,28,9,8,2,2,4,20230511,2,2025-11-16 08:20:51
3032,8,9,8,2,1,5,20230511,20,2025-11-16 08:20:51
3033,8,8,8,2,1,6,20230511,99,2025-11-16 08:20:51
3034,28,7,6,2,1,7,20230511,318,2025-11-16 08:20:51
3035,28,6,3,2,1,8,20230511,442,2025-11-16 08:20:51
3036,24,7,8,2,1,9,20230511,203,2025-11-16 08:20:51
3037,29,32,2,2,1,10,20230511,154,2025-11-16 08:20:51
3038,25,27,2,2,1,11,20230511,141,2025-11-16 08:20:51
3039,27,35,1,2,1,12,20230511,226,2025-11-16 08:20:51
3040,33,21,1,2,1,13,20230511,193,2025-11-16 08:20:51
3041,33,46,2,2,1,14,20230511,177,2025-11-16 08:20:51
3042,32,49,1,2,1,15,20230511,179,2025-11-16 08:20:51
3043,31,18,1,2,1,16,20230511,289,2025-11-16 08:20:51
3044,32,20,15,2,1,17,20230511,259,2025-11-16 08:20:51
3045,33,21,5,2,1,18,20230511,274,2025-11-16 08:20:51
3046,25,36,8,2,1,19,20230511,401,2025-11-16 08:20:51
3047,29,27,8,2,1,20,20230511,273,2025-11-16 08:20:51
3048,29,55,1,2,1,21,20230511,234,2025-11-16 08:20:51
3049,30,7,3,2,1,22,20230511,146,2025-11-16 08:20:51
3050,8,9,3,2,1,23,20230511,81,2025-11-16 08:20:51
3051,8,9,7,2,2,0,20230512,44,2025-11-16 08:20:51
3052,8,9,7,2,1,1,20230512,17,2025-11-16 08:20:51
3053,9,11,6,2,1,2,20230512,15,2025-11-16 08:20:51
3054,9,9,8,2,1,3,20230512,5,2025-11-16 08:20:51
3055,7,11,1,2,1,4,20230512,6,2025-11-16 08:20:51
3056,7,11,8,2,1,5,20230512,29,2025-11-16 08:20:51
3057,9,9,1,2,1,6,20230512,112,2025-11-16 08:20:51
3058,8,9,8,2,1,7,20230512,297,2025-11-16 08:20:51
3059,28,8,6,2,1,8,20230512,421,2025-11-16 08:20:51
3060,30,6,4,2,2,9,20230512,212,2025-11-16 08:20:51
3061,29,32,7,2,2,10,20230512,147,2025-11-16 08:20:51
3062,26,55,7,2,1,11,20230512,179,2025-11-16 08:20:51
3063,26,55,7,2,1,12,20230512,207,2025-11-16 08:20:51
3064,33,15,5,2,2,13,20230512,218,2025-11-16 08:20:51
3065,33,54,7,2,2,14,20230512,191,2025-11-16 08:20:51
3066,32,46,3,2,2,15,20230512,217,2025-11-16 08:20:51
3067,32,15,3,2,2,16,20230512,288,2025-11-16 08:20:51
3068,32,15,6,2,2,17,20230512,594,2025-11-16 08:20:51
3069,33,28,7,2,1,18,20230512,527,2025-11-16 08:20:51
3070,27,27,6,2,2,19,20230512,364,2025-11-16 08:20:51
3071,27,27,6,2,1,20,20230512,276,2025-11-16 08:20:51
3072,25,83,8,2,1,21,20230512,223,2025-11-16 08:20:51
3073,29,83,6,2,1,22,20230512,172,2025-11-16 08:20:51
3074,29,6,6,2,2,23,20230512,103,2025-11-16 08:20:51
3075,24,83,9,2,2,0,20230513,52,2025-11-16 08:20:51
3076,24,83,9,2,1,1,20230513,20,2025-11-16 08:20:51
3077,30,9,8,2,2,2,20230513,11,2025-11-16 08:20:51
3078,30,9,8,2,2,3,20230513,4,2025-11-16 08:20:51
3079,30,9,9,2,3,4,20230513,5,2025-11-16 08:20:51
3080,30,9,6,2,2,5,20230513,25,2025-11-16 08:20:51
3081,30,9,8,2,3,6,20230513,82,2025-11-16 08:20:51
3082,30,9,9,2,3,7,20230513,157,2025-11-16 08:20:51
3083,30,9,6,2,2,8,20230513,387,2025-11-16 08:20:51
3084,30,9,6,2,2,9,20230513,233,2025-11-16 08:20:51
3085,24,83,8,2,2,10,20230513,130,2025-11-16 08:20:51
3086,24,83,9,2,2,11,20230513,146,2025-11-16 08:20:51
3087,24,9,6,2,2,12,20230513,223,2025-11-16 08:20:51
3088,24,9,14,2,2,13,20230513,226,2025-11-16 08:20:51
3089,24,10,4,2,2,14,20230513,190,2025-11-16 08:20:51
3090,24,9,9,2,2,15,20230513,198,2025-11-16 08:20:51
3091,24,9,8,2,2,16,20230513,300,2025-11-16 08:20:51
3092,24,9,9,2,3,17,20230513,491,2025-11-16 08:20:51
3093,24,9,9,2,3,18,20230513,398,2025-11-16 08:20:51
3094,24,83,6,2,2,19,20230513,270,2025-11-16 08:20:51
3095,24,83,8,2,2,20,20230513,152,2025-11-16 08:20:51
3096,24,85,9,2,2,21,20230513,154,2025-11-16 08:20:51
3097,24,83,7,2,2,22,20230513,132,2025-11-16 08:20:51
3098,30,9,9,2,3,23,20230513,119,2025-11-16 08:20:51
3099,30,9,8,2,2,0,20230514,102,2025-11-16 08:20:51
3100,30,9,8,2,2,1,20230514,82,2025-11-16 08:20:51
3101,30,9,8,2,2,2,20230514,52,2025-11-16 08:20:51
3102,30,9,8,2,2,3,20230514,35,2025-11-16 08:20:51
3103,30,8,9,2,2,4,20230514,5,2025-11-16 08:20:51
3104,30,8,15,2,2,5,20230514,14,2025-11-16 08:20:51
3105,30,9,15,2,2,6,20230514,11,2025-11-16 08:20:51
3106,28,12,1,2,3,7,20230514,32,2025-11-16 08:20:51
3107,30,11,1,2,3,8,20230514,88,2025-11-16 08:20:51
3108,24,11,2,2,2,9,20230514,100,2025-11-16 08:20:51
3109,24,11,9,2,2,10,20230514,167,2025-11-16 08:20:51
3110,24,11,8,2,2,11,20230514,279,2025-11-16 08:20:51
3111,24,12,2,2,3,12,20230514,279,2025-11-16 08:20:51
3112,24,12,2,2,3,13,20230514,248,2025-11-16 08:20:51
3113,29,11,8,2,2,14,20230514,216,2025-11-16 08:20:51
3114,29,11,9,2,2,15,20230514,294,2025-11-16 08:20:51
3115,29,11,6,2,2,16,20230514,295,2025-11-16 08:20:51
3116,25,9,6,2,2,17,20230514,272,2025-11-16 08:20:51
3117,25,9,7,2,2,18,20230514,304,2025-11-16 08:20:51
3118,29,11,8,2,3,19,20230514,248,2025-11-16 08:20:51
3119,29,11,8,2,3,20,20230514,157,2025-11-16 08:20:51
3120,29,11,7,2,3,21,20230514,59,2025-11-16 08:20:51
3121,29,11,9,2,3,22,20230514,26,2025-11-16 08:20:51
3122,24,12,6,2,3,23,20230514,44,2025-11-16 08:20:51
3123,24,12,1,2,2,0,20230515,39,2025-11-16 08:20:51
3124,24,12,15,2,2,1,20230515,47,2025-11-16 08:20:51
3125,24,12,8,2,2,2,20230515,50,2025-11-16 08:20:51
3126,24,12,1,2,2,3,20230515,32,2025-11-16 08:20:51
3127,24,12,1,2,2,4,20230515,13,2025-11-16 08:20:51
3128,24,12,15,2,3,5,20230515,14,2025-11-16 08:20:51
3129,24,12,8,2,2,6,20230515,17,2025-11-16 08:20:51
3130,24,12,8,2,2,7,20230515,42,2025-11-16 08:20:51
3131,29,11,8,2,2,8,20230515,70,2025-11-16 08:20:51
3132,26,83,3,2,1,9,20230515,134,2025-11-16 08:20:51
3133,26,83,7,2,1,10,20230515,226,2025-11-16 08:20:51
3134,27,84,7,2,1,11,20230515,322,2025-11-16 08:20:51
3135,33,63,5,2,1,12,20230515,367,2025-11-16 08:20:51
3136,33,63,4,2,1,13,20230515,456,2025-11-16 08:20:51
3137,32,63,6,2,1,14,20230515,437,2025-11-16 08:20:51
3138,31,28,3,2,1,15,20230515,459,2025-11-16 08:20:51
3139,32,28,3,2,1,16,20230515,440,2025-11-16 08:20:51
3140,25,84,12,2,3,17,20230515,392,2025-11-16 08:20:51
3141,25,84,3,2,1,18,20230515,237,2025-11-16 08:20:51
3142,25,83,15,2,1,19,20230515,231,2025-11-16 08:20:51
3143,29,9,1,2,1,20,20230515,191,2025-11-16 08:20:51
3144,29,9,1,2,1,21,20230515,151,2025-11-16 08:20:51
3145,25,83,1,2,1,22,20230515,117,2025-11-16 08:20:51
3146,29,9,7,2,1,23,20230515,69,2025-11-16 08:20:51
3147,24,11,15,2,1,0,20230516,38,2025-11-16 08:20:51
3148,24,11,8,2,1,1,20230516,14,2025-11-16 08:20:51
3149,30,12,2,2,1,2,20230516,13,2025-11-16 08:20:51
3150,30,11,9,2,1,3,20230516,4,2025-11-16 08:20:51
3151,30,12,8,2,1,4,20230516,6,2025-11-16 08:20:51
3152,30,44,6,2,1,5,20230516,21,2025-11-16 08:20:51
3153,24,9,9,2,1,6,20230516,104,2025-11-16 08:20:51
3154,24,83,4,2,1,7,20230516,272,2025-11-16 08:20:51
3155,25,63,5,2,1,8,20230516,394,2025-11-16 08:20:51
3156,27,28,6,2,1,9,20230516,194,2025-11-16 08:20:51
3157,33,56,2,2,1,10,20230516,112,2025-11-16 08:20:51
3158,32,15,1,2,1,11,20230516,185,2025-11-16 08:20:51
3159,31,48,2,2,1,12,20230516,209,2025-11-16 08:20:51
3160,34,34,1,2,1,13,20230516,214,2025-11-16 08:20:51
3161,34,34,1,2,1,14,20230516,193,2025-11-16 08:20:51
3162,38,34,1,2,1,15,20230516,165,2025-11-16 08:20:51
3163,27,84,3,2,3,16,20230516,226,2025-11-16 08:20:51
3164,26,9,7,2,1,17,20230516,274,2025-11-16 08:20:51
3165,26,83,6,2,3,18,20230516,453,2025-11-16 08:20:51
3166,26,83,3,2,1,19,20230516,308,2025-11-16 08:20:51
3167,26,83,1,2,1,20,20230516,198,2025-11-16 08:20:51
3168,26,83,1,2,1,21,20230516,177,2025-11-16 08:20:51
3169,25,9,2,2,1,22,20230516,127,2025-11-16 08:20:51
3170,25,9,2,2,1,23,20230516,57,2025-11-16 08:20:51
3171,25,9,1,2,2,0,20230517,31,2025-11-16 08:20:51
3172,25,9,1,2,3,1,20230517,13,2025-11-16 08:20:51
3173,25,9,1,2,3,2,20230517,8,2025-11-16 08:20:51
3174,29,11,3,2,3,3,20230517,4,2025-11-16 08:20:51
3175,29,11,3,2,3,4,20230517,4,2025-11-16 08:20:51
3176,24,11,3,2,3,5,20230517,22,2025-11-16 08:20:51
3177,24,11,3,2,3,6,20230517,49,2025-11-16 08:20:51
3178,24,11,3,2,2,7,20230517,151,2025-11-16 08:20:51
3179,24,11,5,2,2,8,20230517,347,2025-11-16 08:20:51
3180,29,9,3,2,2,9,20230517,207,2025-11-16 08:20:51
3181,29,9,3,2,3,10,20230517,104,2025-11-16 08:20:51
3182,25,83,13,2,2,11,20230517,130,2025-11-16 08:20:51
3183,25,83,13,2,3,12,20230517,153,2025-11-16 08:20:51
3184,25,9,10,2,2,13,20230517,172,2025-11-16 08:20:51
3185,33,63,18,2,1,14,20230517,184,2025-11-16 08:20:51
3186,33,28,11,2,1,15,20230517,210,2025-11-16 08:20:51
3187,33,54,10,2,1,16,20230517,290,2025-11-16 08:20:51
3188,33,56,13,2,1,17,20230517,604,2025-11-16 08:20:51
3189,27,28,5,2,1,18,20230517,480,2025-11-16 08:20:51
3190,27,28,3,2,1,19,20230517,349,2025-11-16 08:20:51
3191,26,83,13,2,1,20,20230517,283,2025-11-16 08:20:51
3192,29,9,3,2,1,21,20230517,174,2025-11-16 08:20:51
3193,29,9,4,2,2,22,20230517,98,2025-11-16 08:20:51
3194,29,9,3,2,2,23,20230517,56,2025-11-16 08:20:51
3195,29,9,7,2,2,0,20230518,23,2025-11-16 08:20:51
3196,29,9,3,2,2,1,20230518,12,2025-11-16 08:20:51
3197,24,11,7,2,3,2,20230518,6,2025-11-16 08:20:51
3198,24,11,5,2,3,3,20230518,9,2025-11-16 08:20:51
3199,24,11,5,2,3,4,20230518,3,2025-11-16 08:20:51
3200,24,12,7,2,1,5,20230518,9,2025-11-16 08:20:51
3201,24,12,8,2,1,6,20230518,101,2025-11-16 08:20:51
3202,29,9,6,2,1,7,20230518,274,2025-11-16 08:20:51
3203,25,9,4,2,1,8,20230518,453,2025-11-16 08:20:51
3204,25,83,3,2,3,9,20230518,202,2025-11-16 08:20:51
3205,29,9,4,2,3,10,20230518,106,2025-11-16 08:20:51
3206,29,11,2,2,2,11,20230518,23,2025-11-16 08:20:51
3207,25,11,5,2,1,12,20230518,54,2025-11-16 08:20:51
3208,25,83,10,2,2,13,20230518,122,2025-11-16 08:20:51
3209,26,84,4,2,2,14,20230518,138,2025-11-16 08:20:51
3210,27,84,3,2,1,15,20230518,167,2025-11-16 08:20:51
3211,27,63,6,2,1,16,20230518,294,2025-11-16 08:20:51
3212,27,28,8,2,1,17,20230518,565,2025-11-16 08:20:51
3213,27,63,7,2,1,18,20230518,489,2025-11-16 08:20:51
3214,25,9,8,2,3,19,20230518,331,2025-11-16 08:20:51
3215,25,9,8,2,3,20,20230518,213,2025-11-16 08:20:51
3216,24,9,1,2,1,21,20230518,85,2025-11-16 08:20:51
3217,24,83,1,2,1,22,20230518,117,2025-11-16 08:20:51
3218,24,11,2,2,1,23,20230518,59,2025-11-16 08:20:51
3219,24,11,15,2,1,0,20230519,29,2025-11-16 08:20:51
3220,30,11,1,2,1,1,20230519,6,2025-11-16 08:20:51
3221,30,11,1,2,1,2,20230519,15,2025-11-16 08:20:51
3222,28,12,1,2,1,3,20230519,4,2025-11-16 08:20:51
3223,28,11,1,2,1,4,20230519,5,2025-11-16 08:20:51
3224,28,11,1,2,1,5,20230519,26,2025-11-16 08:20:51
3225,30,11,1,2,2,6,20230519,103,2025-11-16 08:20:51
3226,30,12,1,2,2,7,20230519,257,2025-11-16 08:20:51
3227,24,9,1,2,2,8,20230519,487,2025-11-16 08:20:51
3228,29,9,2,2,2,9,20230519,216,2025-11-16 08:20:51
3229,29,83,1,2,2,10,20230519,130,2025-11-16 08:20:51
3230,29,9,9,2,3,11,20230519,164,2025-11-16 08:20:51
3231,26,84,15,2,2,12,20230519,168,2025-11-16 08:20:51
3232,26,27,3,2,3,13,20230519,183,2025-11-16 08:20:51
3233,29,63,6,2,3,14,20230519,180,2025-11-16 08:20:51
3234,25,84,9,2,1,15,20230519,188,2025-11-16 08:20:51
3235,26,27,6,2,1,16,20230519,302,2025-11-16 08:20:51
3236,25,84,9,2,1,17,20230519,547,2025-11-16 08:20:51
3237,27,29,9,2,1,18,20230519,513,2025-11-16 08:20:51
3238,26,55,8,2,1,19,20230519,410,2025-11-16 08:20:51
3239,29,6,4,2,1,20,20230519,282,2025-11-16 08:20:51
3240,29,6,4,2,1,21,20230519,209,2025-11-16 08:20:51
3241,30,8,5,2,3,22,20230519,79,2025-11-16 08:20:51
3242,28,11,1,2,1,23,20230519,72,2025-11-16 08:20:51
3243,8,11,2,2,1,0,20230520,48,2025-11-16 08:20:51
3244,8,12,1,2,1,1,20230520,25,2025-11-16 08:20:51
3245,9,12,2,2,1,2,20230520,8,2025-11-16 08:20:51
3246,9,12,1,2,1,3,20230520,5,2025-11-16 08:20:51
3247,9,11,2,2,1,4,20230520,5,2025-11-16 08:20:51
3248,9,11,15,2,1,5,20230520,28,2025-11-16 08:20:51
3249,8,9,15,2,1,6,20230520,117,2025-11-16 08:20:51
3250,30,6,9,2,1,7,20230520,319,2025-11-16 08:20:51
3251,29,32,1,2,1,8,20230520,517,2025-11-16 08:20:51
3252,29,32,7,2,1,9,20230520,234,2025-11-16 08:20:51
3253,25,27,6,2,1,10,20230520,148,2025-11-16 08:20:51
3254,26,55,6,2,2,11,20230520,196,2025-11-16 08:20:51
3255,27,35,3,2,2,12,20230520,255,2025-11-16 08:20:51
3256,27,35,4,2,3,13,20230520,232,2025-11-16 08:20:51
3257,33,46,7,2,1,14,20230520,197,2025-11-16 08:20:51
3258,27,35,6,2,2,15,20230520,242,2025-11-16 08:20:51
3259,27,46,9,2,2,16,20230520,330,2025-11-16 08:20:51
3260,33,46,1,2,1,17,20230520,554,2025-11-16 08:20:51
3261,27,35,9,2,1,18,20230520,473,2025-11-16 08:20:51
3262,26,27,2,2,1,19,20230520,302,2025-11-16 08:20:51
3263,26,27,15,2,1,20,20230520,220,2025-11-16 08:20:51
3264,25,27,15,2,1,21,20230520,195,2025-11-16 08:20:51
3265,29,63,1,2,1,22,20230520,152,2025-11-16 08:20:51
3266,24,7,9,2,1,23,20230520,115,2025-11-16 08:20:51
3267,24,6,15,2,1,0,20230521,98,2025-11-16 08:20:51
3268,24,7,1,2,1,1,20230521,72,2025-11-16 08:20:51
3269,24,7,15,2,1,2,20230521,40,2025-11-16 08:20:51
3270,28,8,15,2,1,3,20230521,19,2025-11-16 08:20:51
3271,8,9,8,2,1,4,20230521,7,2025-11-16 08:20:51
3272,8,9,15,2,1,5,20230521,5,2025-11-16 08:20:51
3273,30,8,8,2,1,6,20230521,28,2025-11-16 08:20:51
3274,29,63,8,2,1,7,20230521,43,2025-11-16 08:20:51
3275,25,32,4,2,1,8,20230521,126,2025-11-16 08:20:51
3276,27,27,7,2,1,9,20230521,225,2025-11-16 08:20:51
3277,33,54,15,2,1,10,20230521,323,2025-11-16 08:20:51
3278,32,46,8,2,1,11,20230521,418,2025-11-16 08:20:51
3279,31,21,1,2,1,12,20230521,493,2025-11-16 08:20:51
3280,35,50,1,2,1,13,20230521,462,2025-11-16 08:20:51
3281,38,17,1,2,1,14,20230521,456,2025-11-16 08:20:51
3282,38,50,3,2,1,15,20230521,506,2025-11-16 08:20:51
3283,38,18,3,2,2,16,20230521,471,2025-11-16 08:20:51
3284,38,17,9,2,2,17,20230521,444,2025-11-16 08:20:51
3285,35,50,9,2,2,18,20230521,444,2025-11-16 08:20:51
3286,34,20,9,2,1,19,20230521,301,2025-11-16 08:20:51
3287,33,54,1,2,1,20,20230521,248,2025-11-16 08:20:51
3288,33,54,15,2,1,21,20230521,227,2025-11-16 08:20:51
3289,27,28,8,2,1,22,20230521,204,2025-11-16 08:20:51
3290,26,84,2,2,1,23,20230521,145,2025-11-16 08:20:51
3291,29,9,9,2,1,0,20230522,131,2025-11-16 08:20:51
3292,24,11,8,2,1,1,20230522,98,2025-11-16 08:20:51
3293,24,11,15,2,1,2,20230522,68,2025-11-16 08:20:51
3294,30,12,15,2,1,3,20230522,33,2025-11-16 08:20:51
3295,30,12,1,2,1,4,20230522,12,2025-11-16 08:20:51
3296,30,12,15,2,1,5,20230522,6,2025-11-16 08:20:51
3297,24,11,15,2,1,6,20230522,18,2025-11-16 08:20:51
3298,29,9,15,2,1,7,20230522,40,2025-11-16 08:20:51
3299,27,63,2,2,1,8,20230522,94,2025-11-16 08:20:51
3300,33,28,15,2,1,9,20230522,189,2025-11-16 08:20:51
3301,32,56,8,2,1,10,20230522,305,2025-11-16 08:20:51
3302,35,48,6,2,1,11,20230522,373,2025-11-16 08:20:51
3303,38,34,6,2,2,12,20230522,401,2025-11-16 08:20:51
3304,31,48,7,2,2,13,20230522,455,2025-11-16 08:20:51
3305,33,28,6,2,3,14,20230522,316,2025-11-16 08:20:51
3306,31,54,9,2,2,15,20230522,331,2025-11-16 08:20:51
3307,34,54,8,2,1,16,20230522,273,2025-11-16 08:20:51
3308,35,53,3,2,1,17,20230522,306,2025-11-16 08:20:51
3309,31,54,7,2,1,18,20230522,358,2025-11-16 08:20:51
3310,31,54,6,2,1,19,20230522,300,2025-11-16 08:20:51
3311,32,56,9,2,1,20,20230522,231,2025-11-16 08:20:51
3312,33,63,6,2,1,21,20230522,136,2025-11-16 08:20:51
3313,27,83,8,2,1,22,20230522,121,2025-11-16 08:20:51
3314,26,83,8,2,2,23,20230522,65,2025-11-16 08:20:51
3315,25,9,8,2,2,0,20230523,41,2025-11-16 08:20:51
3316,25,9,15,2,1,1,20230523,9,2025-11-16 08:20:51
3317,25,9,9,2,3,2,20230523,5,2025-11-16 08:20:51
3318,29,11,9,2,3,3,20230523,4,2025-11-16 08:20:51
3319,29,11,1,2,2,4,20230523,4,2025-11-16 08:20:51
3320,29,11,1,2,2,5,20230523,11,2025-11-16 08:20:51
3321,29,12,1,2,2,6,20230523,96,2025-11-16 08:20:51
3322,25,11,15,2,2,7,20230523,236,2025-11-16 08:20:51
3323,27,9,6,2,1,8,20230523,409,2025-11-16 08:20:51
3324,27,9,7,2,1,9,20230523,167,2025-11-16 08:20:51
3325,31,33,5,2,1,10,20230523,121,2025-11-16 08:20:51
3326,34,28,14,2,1,11,20230523,180,2025-11-16 08:20:51
3327,34,28,14,2,1,12,20230523,204,2025-11-16 08:20:51
3328,36,53,13,2,2,13,20230523,204,2025-11-16 08:20:51
3329,38,52,19,2,2,14,20230523,187,2025-11-16 08:20:51
3330,38,52,11,2,2,15,20230523,176,2025-11-16 08:20:51
3331,38,52,5,2,2,16,20230523,279,2025-11-16 08:20:51
3332,38,57,14,2,3,17,20230523,429,2025-11-16 08:20:51
3333,35,33,4,2,1,18,20230523,453,2025-11-16 08:20:51
3334,35,33,7,2,1,19,20230523,358,2025-11-16 08:20:51
3335,32,83,7,2,1,20,20230523,310,2025-11-16 08:20:51
3336,32,86,7,2,1,21,20230523,188,2025-11-16 08:20:51
3337,33,11,7,2,1,22,20230523,131,2025-11-16 08:20:51
3338,33,9,6,2,2,23,20230523,72,2025-11-16 08:20:51
3339,27,11,6,2,2,0,20230524,35,2025-11-16 08:20:51
3340,27,11,9,2,2,1,20230524,15,2025-11-16 08:20:51
3341,27,11,6,2,2,2,20230524,10,2025-11-16 08:20:51
3342,26,11,15,2,2,3,20230524,2,2025-11-16 08:20:51
3343,27,9,15,2,1,4,20230524,4,2025-11-16 08:20:51
3344,26,11,3,2,2,5,20230524,24,2025-11-16 08:20:51
3345,26,11,6,2,2,6,20230524,112,2025-11-16 08:20:51
3346,32,84,6,2,3,7,20230524,314,2025-11-16 08:20:51
3347,33,83,7,2,3,8,20230524,434,2025-11-16 08:20:51
3348,32,63,6,2,2,9,20230524,138,2025-11-16 08:20:51
3349,35,54,10,2,1,10,20230524,108,2025-11-16 08:20:51
3350,36,34,7,2,1,11,20230524,175,2025-11-16 08:20:51
3351,37,50,14,2,1,12,20230524,170,2025-11-16 08:20:51
3352,39,16,3,2,1,13,20230524,190,2025-11-16 08:20:51
3353,39,16,4,2,1,14,20230524,153,2025-11-16 08:20:51
3354,36,29,13,2,3,15,20230524,188,2025-11-16 08:20:51
3355,31,28,6,2,1,16,20230524,277,2025-11-16 08:20:51
3356,35,54,15,2,1,17,20230524,548,2025-11-16 08:20:51
3357,35,57,6,2,1,18,20230524,564,2025-11-16 08:20:51
3358,31,33,6,2,1,19,20230524,355,2025-11-16 08:20:51
3359,31,33,2,2,1,20,20230524,280,2025-11-16 08:20:51
3360,32,84,2,2,1,21,20230524,189,2025-11-16 08:20:51
3361,33,9,7,2,3,22,20230524,141,2025-11-16 08:20:51
3362,31,33,9,2,3,23,20230524,66,2025-11-16 08:20:51
3363,27,83,7,2,3,0,20230525,35,2025-11-16 08:20:51
3364,26,83,6,2,3,1,20230525,8,2025-11-16 08:20:51
3365,25,11,1,2,2,2,20230525,8,2025-11-16 08:20:51
3366,29,12,8,2,1,3,20230525,9,2025-11-16 08:20:51
3367,29,12,15,2,1,4,20230525,3,2025-11-16 08:20:51
3368,25,9,2,2,1,5,20230525,25,2025-11-16 08:20:51
3369,25,11,2,2,1,6,20230525,117,2025-11-16 08:20:51
3370,33,63,8,2,1,7,20230525,313,2025-11-16 08:20:51
3371,32,28,7,2,1,8,20230525,531,2025-11-16 08:20:51
3372,34,56,2,2,1,9,20230525,234,2025-11-16 08:20:51
3373,35,54,2,2,1,10,20230525,135,2025-11-16 08:20:51
3374,36,34,2,2,1,11,20230525,140,2025-11-16 08:20:51
3375,36,29,8,2,1,12,20230525,210,2025-11-16 08:20:51
3376,36,29,8,2,1,13,20230525,202,2025-11-16 08:20:51
3377,36,29,9,2,1,14,20230525,168,2025-11-16 08:20:51
3378,37,36,3,2,1,15,20230525,182,2025-11-16 08:20:51
3379,36,34,4,2,1,16,20230525,299,2025-11-16 08:20:51
3380,36,34,7,2,1,17,20230525,601,2025-11-16 08:20:51
3381,38,53,7,2,1,18,20230525,517,2025-11-16 08:20:51
3382,35,54,8,2,1,19,20230525,405,2025-11-16 08:20:51
3383,35,54,9,2,1,20,20230525,340,2025-11-16 08:20:51
3384,31,28,8,2,1,21,20230525,236,2025-11-16 08:20:51
3385,31,28,3,2,1,22,20230525,174,2025-11-16 08:20:51
3386,32,63,8,2,1,23,20230525,86,2025-11-16 08:20:51
3387,32,63,8,2,1,0,20230526,45,2025-11-16 08:20:51
3388,32,63,8,2,1,1,20230526,16,2025-11-16 08:20:51
3389,33,83,15,2,1,2,20230526,14,2025-11-16 08:20:51
3390,27,9,2,2,1,3,20230526,4,2025-11-16 08:20:51
3391,27,9,1,2,1,4,20230526,2,2025-11-16 08:20:51
3392,27,9,2,2,2,5,20230526,27,2025-11-16 08:20:51
3393,27,12,2,2,2,6,20230526,98,2025-11-16 08:20:51
3394,33,11,3,2,2,7,20230526,286,2025-11-16 08:20:51
3395,31,83,9,2,2,8,20230526,489,2025-11-16 08:20:51
3396,38,57,9,2,1,9,20230526,216,2025-11-16 08:20:51
3397,35,33,4,2,1,10,20230526,143,2025-11-16 08:20:51
3398,36,14,7,2,1,11,20230526,160,2025-11-16 08:20:51
3399,39,30,10,2,1,12,20230526,194,2025-11-16 08:20:51
3400,40,36,4,2,1,13,20230526,197,2025-11-16 08:20:51
3401,40,36,4,2,1,14,20230526,189,2025-11-16 08:20:51
3402,40,16,4,2,2,15,20230526,141,2025-11-16 08:20:51
3403,41,37,12,2,2,16,20230526,291,2025-11-16 08:20:51
3404,41,16,4,2,1,17,20230526,494,2025-11-16 08:20:51
3405,41,16,10,2,1,18,20230526,478,2025-11-16 08:20:51
3406,39,16,10,2,1,19,20230526,378,2025-11-16 08:20:51
3407,38,53,9,2,1,20,20230526,322,2025-11-16 08:20:51
3408,38,52,2,2,1,21,20230526,223,2025-11-16 08:20:51
3409,35,56,8,2,1,22,20230526,180,2025-11-16 08:20:51
3410,35,56,6,2,1,23,20230526,90,2025-11-16 08:20:51
3411,34,28,3,2,1,0,20230527,69,2025-11-16 08:20:51
3412,35,53,5,2,1,1,20230527,50,2025-11-16 08:20:51
3413,34,54,7,2,1,2,20230527,18,2025-11-16 08:20:51
3414,31,56,2,2,1,3,20230527,12,2025-11-16 08:20:51
3415,32,28,8,2,1,4,20230527,7,2025-11-16 08:20:51
3416,32,56,4,2,1,5,20230527,31,2025-11-16 08:20:51
3417,32,28,2,2,1,6,20230527,81,2025-11-16 08:20:51
3418,32,63,9,2,1,7,20230527,249,2025-11-16 08:20:51
3419,31,33,4,2,1,8,20230527,418,2025-11-16 08:20:51
3420,35,56,4,2,1,9,20230527,227,2025-11-16 08:20:51
3421,38,48,14,2,1,10,20230527,153,2025-11-16 08:20:51
3422,36,29,10,2,2,11,20230527,166,2025-11-16 08:20:51
3423,37,29,5,2,2,12,20230527,243,2025-11-16 08:20:51
3424,36,53,6,2,1,13,20230527,209,2025-11-16 08:20:51
3425,37,29,3,2,1,14,20230527,239,2025-11-16 08:20:51
3426,39,37,4,2,1,15,20230527,356,2025-11-16 08:20:51
3427,37,29,14,2,2,16,20230527,419,2025-11-16 08:20:51
3428,36,53,14,2,1,17,20230527,491,2025-11-16 08:20:51
3429,38,52,5,2,2,18,20230527,399,2025-11-16 08:20:51
3430,27,84,3,2,3,19,20230527,279,2025-11-16 08:20:51
3431,33,63,7,2,2,20,20230527,144,2025-11-16 08:20:51
3432,27,83,15,2,1,21,20230527,151,2025-11-16 08:20:51
3433,27,84,8,2,1,22,20230527,141,2025-11-16 08:20:51
3434,26,9,8,2,1,23,20230527,127,2025-11-16 08:20:51
3435,26,9,8,2,1,0,20230528,94,2025-11-16 08:20:51
3436,26,9,6,2,1,1,20230528,55,2025-11-16 08:20:51
3437,25,11,6,2,1,2,20230528,48,2025-11-16 08:20:51
3438,25,9,7,2,1,3,20230528,15,2025-11-16 08:20:51
3439,25,9,3,2,1,4,20230528,4,2025-11-16 08:20:51
3440,25,9,7,2,1,5,20230528,7,2025-11-16 08:20:51
3441,26,83,3,2,1,6,20230528,19,2025-11-16 08:20:51
3442,27,83,3,2,1,7,20230528,50,2025-11-16 08:20:51
3443,33,84,6,2,1,8,20230528,102,2025-11-16 08:20:51
3444,32,63,3,2,1,9,20230528,177,2025-11-16 08:20:51
3445,35,56,7,2,1,10,20230528,276,2025-11-16 08:20:51
3446,35,56,7,2,1,11,20230528,349,2025-11-16 08:20:51
3447,38,53,3,2,1,12,20230528,358,2025-11-16 08:20:51
3448,38,52,7,2,1,13,20230528,385,2025-11-16 08:20:51
3449,36,53,7,2,1,14,20230528,382,2025-11-16 08:20:51
3450,36,29,7,2,1,15,20230528,374,2025-11-16 08:20:51
3451,37,29,4,2,1,16,20230528,402,2025-11-16 08:20:51
3452,36,29,5,2,1,17,20230528,341,2025-11-16 08:20:51
3453,38,52,3,2,1,18,20230528,385,2025-11-16 08:20:51
3454,35,56,6,2,1,19,20230528,252,2025-11-16 08:20:51
3455,35,56,7,2,1,20,20230528,196,2025-11-16 08:20:51
3456,31,33,5,2,1,21,20230528,201,2025-11-16 08:20:51
3457,31,84,7,2,1,22,20230528,161,2025-11-16 08:20:51
3458,32,83,6,2,1,23,20230528,125,2025-11-16 08:20:51
3459,32,83,7,2,1,0,20230529,83,2025-11-16 08:20:51
3460,33,9,9,2,1,1,20230529,66,2025-11-16 08:20:51
3461,33,9,15,2,1,2,20230529,61,2025-11-16 08:20:51
3462,33,9,15,2,1,3,20230529,26,2025-11-16 08:20:51
3463,27,9,2,2,1,4,20230529,23,2025-11-16 08:20:51
3464,27,11,9,2,1,5,20230529,6,2025-11-16 08:20:51
3465,33,9,6,2,2,6,20230529,15,2025-11-16 08:20:51
3466,33,9,3,2,2,7,20230529,30,2025-11-16 08:20:51
3467,33,9,7,2,2,8,20230529,96,2025-11-16 08:20:51
3468,33,11,3,2,2,9,20230529,152,2025-11-16 08:20:51
3469,31,83,7,2,2,10,20230529,251,2025-11-16 08:20:51
3470,31,83,4,2,2,11,20230529,319,2025-11-16 08:20:51
3471,35,33,7,2,2,12,20230529,402,2025-11-16 08:20:51
3472,38,57,4,2,1,13,20230529,418,2025-11-16 08:20:51
3473,36,57,4,2,1,14,20230529,351,2025-11-16 08:20:51
3474,36,57,5,2,1,15,20230529,376,2025-11-16 08:20:51
3475,36,57,4,2,1,16,20230529,361,2025-11-16 08:20:51
3476,36,57,4,2,1,17,20230529,383,2025-11-16 08:20:51
3477,38,33,4,2,1,18,20230529,328,2025-11-16 08:20:51
3478,38,33,3,2,1,19,20230529,287,2025-11-16 08:20:51
3479,35,87,6,2,1,20,20230529,219,2025-11-16 08:20:51
3480,34,83,9,2,1,21,20230529,229,2025-11-16 08:20:51
3481,31,86,8,2,1,22,20230529,171,2025-11-16 08:20:51
3482,31,86,9,2,1,23,20230529,135,2025-11-16 08:20:51
3483,32,11,6,2,1,0,20230530,103,2025-11-16 08:20:51
3484,32,11,8,2,1,1,20230530,79,2025-11-16 08:20:51
3485,32,11,6,2,1,2,20230530,45,2025-11-16 08:20:51
3486,32,11,6,2,1,3,20230530,18,2025-11-16 08:20:51
3487,33,11,9,2,1,4,20230530,6,2025-11-16 08:20:51
3488,33,11,15,2,2,5,20230530,7,2025-11-16 08:20:51
3489,32,11,2,2,2,6,20230530,16,2025-11-16 08:20:51
3490,32,11,1,2,2,7,20230530,31,2025-11-16 08:20:51
3491,31,86,15,2,2,8,20230530,94,2025-11-16 08:20:51
3492,38,33,2,2,1,9,20230530,128,2025-11-16 08:20:51
3493,41,29,3,2,1,10,20230530,269,2025-11-16 08:20:51
3494,40,36,1,2,1,11,20230530,321,2025-11-16 08:20:51
3495,42,20,15,2,1,12,20230530,366,2025-11-16 08:20:51
3496,42,19,2,2,1,13,20230530,350,2025-11-16 08:20:51
3497,43,18,1,2,1,14,20230530,327,2025-11-16 08:20:51
3498,43,18,3,2,1,15,20230530,311,2025-11-16 08:20:51
3499,43,39,4,2,1,16,20230530,309,2025-11-16 08:20:51
3500,42,49,7,2,1,17,20230530,304,2025-11-16 08:20:51
3501,42,49,9,2,1,18,20230530,249,2025-11-16 08:20:51
3502,24,38,15,2,2,19,20230530,225,2025-11-16 08:20:51
3503,37,53,1,2,1,20,20230530,237,2025-11-16 08:20:51
3504,36,57,8,2,1,21,20230530,149,2025-11-16 08:20:51
3505,38,33,9,2,1,22,20230530,106,2025-11-16 08:20:51
3506,35,85,15,2,1,23,20230530,48,2025-11-16 08:20:51
3507,35,87,2,2,1,0,20230531,29,2025-11-16 08:20:51
3508,34,86,2,2,1,1,20230531,17,2025-11-16 08:20:51
3509,31,11,8,2,2,2,20230531,12,2025-11-16 08:20:51
3510,32,11,1,2,2,3,20230531,4,2025-11-16 08:20:51
3511,31,83,2,2,1,4,20230531,3,2025-11-16 08:20:51
3512,31,83,2,2,1,5,20230531,26,2025-11-16 08:20:51
3513,34,87,2,2,1,6,20230531,109,2025-11-16 08:20:51
3514,36,14,15,2,1,7,20230531,235,2025-11-16 08:20:51
3515,39,30,8,2,1,8,20230531,406,2025-11-16 08:20:51
3516,41,29,8,2,1,9,20230531,175,2025-11-16 08:20:51
3517,40,35,8,2,1,10,20230531,109,2025-11-16 08:20:51
3518,42,20,1,2,1,11,20230531,106,2025-11-16 08:20:51
3519,42,20,8,2,1,12,20230531,162,2025-11-16 08:20:51
3520,44,18,9,2,1,13,20230531,147,2025-11-16 08:20:51
3521,44,39,1,2,1,14,20230531,140,2025-11-16 08:20:51
3522,44,39,9,2,1,15,20230531,175,2025-11-16 08:20:51
3523,44,18,8,2,1,16,20230531,249,2025-11-16 08:20:51
3524,45,46,7,2,1,17,20230531,495,2025-11-16 08:20:51
3525,45,46,6,2,1,18,20230531,417,2025-11-16 08:20:51
3526,39,52,15,2,1,19,20230531,285,2025-11-16 08:20:51
3527,39,52,15,2,1,20,20230531,251,2025-11-16 08:20:51
3528,37,14,15,2,1,21,20230531,210,2025-11-16 08:20:51
3529,36,57,9,2,1,22,20230531,159,2025-11-16 08:20:51
3530,38,87,2,2,1,23,20230531,61,2025-11-16 08:20:51
3531,35,87,9,2,1,0,20230601,34,2025-11-16 08:20:51
3532,35,85,3,2,1,1,20230601,17,2025-11-16 08:20:51
3533,35,87,9,2,1,2,20230601,3,2025-11-16 08:20:51
3534,34,86,6,2,1,3,20230601,6,2025-11-16 08:20:51
3535,34,86,7,2,2,4,20230601,4,2025-11-16 08:20:51
3536,31,86,2,2,2,5,20230601,21,2025-11-16 08:20:51
3537,34,86,2,2,2,6,20230601,128,2025-11-16 08:20:51
3538,35,87,9,2,2,7,20230601,284,2025-11-16 08:20:51
3539,38,87,6,2,2,8,20230601,454,2025-11-16 08:20:51
3540,36,33,7,2,2,9,20230601,207,2025-11-16 08:20:51
3541,37,3,3,2,2,10,20230601,115,2025-11-16 08:20:51
3542,40,30,7,2,2,11,20230601,112,2025-11-16 08:20:51
3543,42,46,1,2,1,12,20230601,169,2025-11-16 08:20:51
3544,44,39,6,2,1,13,20230601,154,2025-11-16 08:20:51
3545,44,39,3,2,1,14,20230601,145,2025-11-16 08:20:51
3546,44,18,5,2,1,15,20230601,152,2025-11-16 08:20:51
3547,42,20,5,2,1,16,20230601,266,2025-11-16 08:20:51
3548,42,20,5,2,1,17,20230601,486,2025-11-16 08:20:51
3549,40,35,14,2,3,18,20230601,309,2025-11-16 08:20:51
3550,36,87,9,2,2,19,20230601,264,2025-11-16 08:20:51
3551,36,87,3,2,2,20,20230601,256,2025-11-16 08:20:51
3552,36,57,4,2,1,21,20230601,190,2025-11-16 08:20:51
3553,36,14,8,2,1,22,20230601,129,2025-11-16 08:20:51
3554,36,34,9,2,1,23,20230601,69,2025-11-16 08:20:51
3555,36,23,12,2,1,0,20230602,42,2025-11-16 08:20:51
3556,38,42,15,2,1,1,20230602,15,2025-11-16 08:20:51
3557,35,18,1,2,1,2,20230602,6,2025-11-16 08:20:51
3558,31,19,15,2,1,3,20230602,4,2025-11-16 08:20:51
3559,31,49,6,2,1,4,20230602,3,2025-11-16 08:20:51
3560,31,18,7,2,1,5,20230602,31,2025-11-16 08:20:51
3561,31,18,8,2,1,6,20230602,113,2025-11-16 08:20:51
3562,35,47,3,2,1,7,20230602,304,2025-11-16 08:20:51
3563,35,26,5,2,1,8,20230602,467,2025-11-16 08:20:51
3564,38,61,12,2,1,9,20230602,225,2025-11-16 08:20:51
3565,38,41,16,2,1,10,20230602,139,2025-11-16 08:20:51
3566,36,41,14,2,1,11,20230602,165,2025-11-16 08:20:51
3567,37,60,18,2,1,12,20230602,232,2025-11-16 08:20:51
3568,41,64,12,2,1,13,20230602,203,2025-11-16 08:20:51
3569,39,64,10,2,1,14,20230602,185,2025-11-16 08:20:51
3570,41,59,14,2,1,15,20230602,188,2025-11-16 08:20:51
3571,41,66,16,2,1,16,20230602,318,2025-11-16 08:20:51
3572,37,79,19,2,1,17,20230602,572,2025-11-16 08:20:51
3573,36,66,14,2,1,18,20230602,525,2025-11-16 08:20:51
3574,38,65,5,2,1,19,20230602,379,2025-11-16 08:20:51
3575,35,64,6,2,1,20,20230602,337,2025-11-16 08:20:51
3576,31,62,6,2,1,21,20230602,248,2025-11-16 08:20:51
3577,32,40,3,2,1,22,20230602,155,2025-11-16 08:20:51
3578,33,24,7,2,1,23,20230602,112,2025-11-16 08:20:51
3579,33,42,4,2,1,0,20230603,68,2025-11-16 08:20:51
3580,27,42,12,2,1,1,20230603,22,2025-11-16 08:20:51
3581,25,22,7,2,1,2,20230603,12,2025-11-16 08:20:51
3582,29,37,7,2,1,3,20230603,5,2025-11-16 08:20:51
3583,24,38,10,2,1,4,20230603,6,2025-11-16 08:20:51
3584,24,38,12,2,1,5,20230603,28,2025-11-16 08:20:51
3585,29,50,5,2,1,6,20230603,106,2025-11-16 08:20:51
3586,29,50,3,2,1,7,20230603,277,2025-11-16 08:20:51
3587,25,22,10,2,2,8,20230603,502,2025-11-16 08:20:51
3588,26,23,9,2,1,9,20230603,230,2025-11-16 08:20:51
3589,33,40,3,2,1,10,20230603,161,2025-11-16 08:20:51
3590,32,62,10,2,1,11,20230603,192,2025-11-16 08:20:51
3591,31,58,4,2,1,12,20230603,259,2025-11-16 08:20:51
3592,34,61,3,2,1,13,20230603,248,2025-11-16 08:20:51
3593,35,41,4,2,1,14,20230603,240,2025-11-16 08:20:51
3594,35,41,4,2,1,15,20230603,212,2025-11-16 08:20:51
3595,38,61,10,2,1,16,20230603,349,2025-11-16 08:20:51
3596,38,60,4,2,1,17,20230603,558,2025-11-16 08:20:51
3597,35,64,5,2,1,18,20230603,564,2025-11-16 08:20:51
3598,34,61,4,2,1,19,20230603,391,2025-11-16 08:20:51
3599,32,45,9,2,1,20,20230603,293,2025-11-16 08:20:51
3600,32,45,15,2,1,21,20230603,247,2025-11-16 08:20:51
3601,33,24,1,2,1,22,20230603,171,2025-11-16 08:20:51
3602,26,16,15,2,1,23,20230603,171,2025-11-16 08:20:51
3603,25,36,1,2,1,0,20230604,93,2025-11-16 08:20:51
3604,29,27,15,2,1,1,20230604,94,2025-11-16 08:20:51
3605,29,35,6,2,1,2,20230604,59,2025-11-16 08:20:51
3606,24,30,15,2,1,3,20230604,18,2025-11-16 08:20:51
3607,24,30,2,2,1,4,20230604,15,2025-11-16 08:20:51
3608,30,27,1,2,1,5,20230604,8,2025-11-16 08:20:51
3609,29,55,1,2,1,6,20230604,28,2025-11-16 08:20:51
3610,25,35,1,2,1,7,20230604,87,2025-11-16 08:20:51
3611,27,16,2,2,1,8,20230604,125,2025-11-16 08:20:51
3612,33,22,8,2,1,9,20230604,224,2025-11-16 08:20:51
3613,32,42,15,2,1,10,20230604,317,2025-11-16 08:20:51
3614,31,43,8,2,1,11,20230604,369,2025-11-16 08:20:51
3615,35,26,9,2,1,12,20230604,420,2025-11-16 08:20:51
3616,36,41,8,2,1,13,20230604,456,2025-11-16 08:20:51
3617,36,40,7,2,1,14,20230604,451,2025-11-16 08:20:51
3618,36,58,13,2,2,15,20230604,404,2025-11-16 08:20:51
3619,38,25,8,2,2,16,20230604,440,2025-11-16 08:20:51
3620,38,47,3,2,2,17,20230604,344,2025-11-16 08:20:51
3621,36,25,9,2,2,18,20230604,341,2025-11-16 08:20:51
3622,35,18,2,2,2,19,20230604,285,2025-11-16 08:20:51
3623,35,38,2,2,2,20,20230604,239,2025-11-16 08:20:51
3624,31,20,15,2,2,21,20230604,185,2025-11-16 08:20:51
3625,32,15,7,2,1,22,20230604,190,2025-11-16 08:20:51
3626,32,15,1,2,2,23,20230604,150,2025-11-16 08:20:51
3627,32,15,2,2,1,0,20230605,113,2025-11-16 08:20:51
3628,32,54,9,2,2,1,20230605,96,2025-11-16 08:20:51
3629,32,54,9,2,2,2,20230605,64,2025-11-16 08:20:51
3630,33,56,9,2,2,3,20230605,47,2025-11-16 08:20:51
3631,33,56,9,2,2,4,20230605,12,2025-11-16 08:20:51
3632,33,54,8,2,2,5,20230605,6,2025-11-16 08:20:51
3633,33,54,15,2,2,6,20230605,21,2025-11-16 08:20:51
3634,27,63,3,2,2,7,20230605,27,2025-11-16 08:20:51
3635,27,63,3,2,2,8,20230605,98,2025-11-16 08:20:51
3636,27,84,6,2,2,9,20230605,164,2025-11-16 08:20:51
3637,33,63,2,2,2,10,20230605,251,2025-11-16 08:20:51
3638,32,28,15,2,2,11,20230605,335,2025-11-16 08:20:51
3639,32,28,15,2,2,12,20230605,335,2025-11-16 08:20:51
3640,31,56,15,2,1,13,20230605,367,2025-11-16 08:20:51
3641,35,53,9,2,1,14,20230605,385,2025-11-16 08:20:51
3642,35,48,1,2,1,15,20230605,417,2025-11-16 08:20:51
3643,38,34,2,2,1,16,20230605,398,2025-11-16 08:20:51
3644,36,34,1,2,1,17,20230605,390,2025-11-16 08:20:51
3645,35,53,15,2,1,18,20230605,363,2025-11-16 08:20:51
3646,34,56,9,2,1,19,20230605,357,2025-11-16 08:20:51
3647,31,28,6,2,1,20,20230605,279,2025-11-16 08:20:51
3648,32,63,9,2,1,21,20230605,165,2025-11-16 08:20:51
3649,32,84,7,2,1,22,20230605,130,2025-11-16 08:20:51
3650,33,84,8,2,1,23,20230605,86,2025-11-16 08:20:51
3651,33,84,8,2,1,0,20230606,29,2025-11-16 08:20:51
3652,27,83,8,2,1,1,20230606,14,2025-11-16 08:20:51
3653,26,9,15,2,1,2,20230606,8,2025-11-16 08:20:51
3654,26,9,1,2,1,3,20230606,5,2025-11-16 08:20:51
3655,25,11,15,2,1,4,20230606,8,2025-11-16 08:20:51
3656,25,9,2,2,1,5,20230606,31,2025-11-16 08:20:51
3657,26,9,1,2,1,6,20230606,112,2025-11-16 08:20:51
3658,33,84,15,2,1,7,20230606,299,2025-11-16 08:20:51
3659,32,63,2,2,1,8,20230606,438,2025-11-16 08:20:51
3660,35,53,9,2,1,9,20230606,188,2025-11-16 08:20:51
3661,38,34,7,2,1,10,20230606,95,2025-11-16 08:20:51
3662,36,17,8,2,1,11,20230606,111,2025-11-16 08:20:51
3663,37,39,9,2,1,12,20230606,153,2025-11-16 08:20:51
3664,39,24,1,2,1,13,20230606,180,2025-11-16 08:20:51
3665,39,62,8,2,1,14,20230606,145,2025-11-16 08:20:51
3666,41,45,6,2,1,15,20230606,165,2025-11-16 08:20:51
3667,37,40,8,2,1,16,20230606,267,2025-11-16 08:20:51
3668,39,40,4,2,1,17,20230606,579,2025-11-16 08:20:51
3669,37,62,8,2,1,18,20230606,556,2025-11-16 08:20:51
3670,38,48,6,2,1,19,20230606,407,2025-11-16 08:20:51
3671,34,54,8,2,1,20,20230606,336,2025-11-16 08:20:51
3672,31,15,2,2,1,21,20230606,189,2025-11-16 08:20:51
3673,31,54,2,2,1,22,20230606,173,2025-11-16 08:20:51
3674,32,28,2,2,1,23,20230606,60,2025-11-16 08:20:51
3675,32,56,2,2,1,0,20230607,20,2025-11-16 08:20:51
3676,33,28,8,2,1,1,20230607,4,2025-11-16 08:20:51
3677,27,63,2,2,1,2,20230607,5,2025-11-16 08:20:51
3678,27,63,2,2,1,3,20230607,2,2025-11-16 08:20:51
3679,26,83,8,2,1,4,20230607,5,2025-11-16 08:20:51
3680,26,9,9,2,1,5,20230607,32,2025-11-16 08:20:51
3681,27,84,8,2,1,6,20230607,126,2025-11-16 08:20:51
3682,32,28,6,2,2,7,20230607,334,2025-11-16 08:20:51
3683,34,54,8,2,2,8,20230607,477,2025-11-16 08:20:51
3684,38,53,7,2,2,9,20230607,217,2025-11-16 08:20:51
3685,37,38,6,2,2,10,20230607,123,2025-11-16 08:20:51
3686,37,36,3,2,2,11,20230607,151,2025-11-16 08:20:51
3687,41,16,4,2,2,12,20230607,183,2025-11-16 08:20:51
3688,41,22,3,2,2,13,20230607,196,2025-11-16 08:20:51
3689,41,22,4,2,2,14,20230607,146,2025-11-16 08:20:51
3690,40,49,10,2,2,15,20230607,183,2025-11-16 08:20:51
3691,41,42,7,2,1,16,20230607,308,2025-11-16 08:20:51
3692,41,22,3,2,1,17,20230607,539,2025-11-16 08:20:51
3693,39,16,4,2,1,18,20230607,551,2025-11-16 08:20:51
3694,37,38,3,2,1,19,20230607,424,2025-11-16 08:20:51
3695,36,35,8,2,1,20,20230607,346,2025-11-16 08:20:51
3696,38,57,8,2,1,21,20230607,218,2025-11-16 08:20:51
3697,35,56,8,2,1,22,20230607,153,2025-11-16 08:20:51
3698,34,87,15,2,1,23,20230607,90,2025-11-16 08:20:51
3699,31,86,8,2,1,0,20230608,41,2025-11-16 08:20:51
3700,31,84,1,2,1,1,20230608,23,2025-11-16 08:20:51
3701,32,86,2,2,1,2,20230608,7,2025-11-16 08:20:51
3702,32,86,2,2,1,3,20230608,3,2025-11-16 08:20:51
3703,33,83,1,2,1,4,20230608,6,2025-11-16 08:20:51
3704,33,9,1,2,1,5,20230608,21,2025-11-16 08:20:51
3705,32,86,8,2,1,6,20230608,116,2025-11-16 08:20:51
3706,31,33,15,2,1,7,20230608,353,2025-11-16 08:20:51
3707,37,53,9,2,1,8,20230608,481,2025-11-16 08:20:51
3708,37,53,9,2,1,9,20230608,202,2025-11-16 08:20:51
3709,40,22,7,2,1,10,20230608,90,2025-11-16 08:20:51
3710,45,49,6,2,1,11,20230608,134,2025-11-16 08:20:51
3711,43,17,8,2,1,12,20230608,149,2025-11-16 08:20:51
3712,44,17,1,2,1,13,20230608,136,2025-11-16 08:20:51
3713,46,23,3,2,1,14,20230608,155,2025-11-16 08:20:51
3714,46,23,9,2,1,15,20230608,128,2025-11-16 08:20:51
3715,46,23,7,2,1,16,20230608,233,2025-11-16 08:20:51
3716,46,24,7,2,1,17,20230608,506,2025-11-16 08:20:51
3717,44,39,7,2,1,18,20230608,459,2025-11-16 08:20:51
3718,40,30,8,2,1,19,20230608,384,2025-11-16 08:20:51
3719,41,31,8,2,1,20,20230608,280,2025-11-16 08:20:51
3720,41,14,8,2,1,21,20230608,202,2025-11-16 08:20:51
3721,37,3,9,2,1,22,20230608,176,2025-11-16 08:20:51
3722,37,3,6,2,1,23,20230608,116,2025-11-16 08:20:51
3723,36,87,8,2,2,0,20230609,47,2025-11-16 08:20:51
3724,36,87,15,2,1,1,20230609,16,2025-11-16 08:20:51
3725,38,85,9,2,2,2,20230609,6,2025-11-16 08:20:51
3726,38,85,15,2,2,3,20230609,2,2025-11-16 08:20:51
3727,38,87,2,2,2,4,20230609,6,2025-11-16 08:20:51
3728,35,85,1,2,2,5,20230609,20,2025-11-16 08:20:51
3729,38,85,2,2,2,6,20230609,118,2025-11-16 08:20:51
3730,38,87,8,2,2,7,20230609,314,2025-11-16 08:20:51
3731,37,57,15,2,2,8,20230609,432,2025-11-16 08:20:51
3732,45,37,1,2,1,9,20230609,168,2025-11-16 08:20:51
3733,42,21,4,2,1,10,20230609,94,2025-11-16 08:20:51
3734,44,17,7,2,1,11,20230609,118,2025-11-16 08:20:51
3735,46,24,6,2,1,12,20230609,140,2025-11-16 08:20:51
3736,44,39,2,2,1,13,20230609,136,2025-11-16 08:20:51
3737,46,23,6,2,1,14,20230609,118,2025-11-16 08:20:51
3738,47,62,9,2,1,15,20230609,104,2025-11-16 08:20:51
3739,46,40,8,2,1,16,20230609,200,2025-11-16 08:20:51
3740,44,39,3,2,1,17,20230609,409,2025-11-16 08:20:51
3741,43,18,4,2,1,18,20230609,466,2025-11-16 08:20:51
3742,45,18,10,2,2,19,20230609,326,2025-11-16 08:20:51
3743,41,22,6,2,2,20,20230609,254,2025-11-16 08:20:51
3744,37,36,1,2,3,21,20230609,171,2025-11-16 08:20:51
3745,36,53,9,2,2,22,20230609,153,2025-11-16 08:20:51
3746,36,15,9,2,2,23,20230609,97,2025-11-16 08:20:51
3747,35,56,7,2,3,0,20230610,69,2025-11-16 08:20:51
3748,35,56,7,2,3,1,20230610,23,2025-11-16 08:20:51
3749,34,28,9,2,1,2,20230610,13,2025-11-16 08:20:51
3750,34,28,9,2,1,3,20230610,6,2025-11-16 08:20:51
3751,31,84,9,2,1,4,20230610,4,2025-11-16 08:20:51
3752,31,84,9,2,1,5,20230610,28,2025-11-16 08:20:51
3753,31,84,2,2,1,6,20230610,104,2025-11-16 08:20:51
3754,38,14,15,2,1,7,20230610,267,2025-11-16 08:20:51
3755,36,53,8,2,1,8,20230610,452,2025-11-16 08:20:51
3756,37,29,1,2,1,9,20230610,213,2025-11-16 08:20:51
3757,39,36,1,2,1,10,20230610,111,2025-11-16 08:20:51
3758,40,16,1,2,1,11,20230610,153,2025-11-16 08:20:51
3759,45,19,8,2,1,12,20230610,207,2025-11-16 08:20:51
3760,45,19,15,2,1,13,20230610,189,2025-11-16 08:20:51
3761,42,18,1,2,1,14,20230610,165,2025-11-16 08:20:51
3762,45,19,15,2,1,15,20230610,212,2025-11-16 08:20:51
3763,40,35,5,2,1,16,20230610,285,2025-11-16 08:20:51
3764,40,36,7,2,1,17,20230610,517,2025-11-16 08:20:51
3765,41,30,7,2,1,18,20230610,463,2025-11-16 08:20:51
3766,39,30,6,2,1,19,20230610,306,2025-11-16 08:20:51
3767,37,52,15,2,1,20,20230610,250,2025-11-16 08:20:51
3768,37,14,8,2,1,21,20230610,218,2025-11-16 08:20:51
3769,38,33,3,2,1,22,20230610,185,2025-11-16 08:20:51
3770,38,33,9,2,1,23,20230610,146,2025-11-16 08:20:51
3771,35,87,8,2,1,0,20230611,117,2025-11-16 08:20:51
3772,35,87,2,2,1,1,20230611,77,2025-11-16 08:20:51
3773,35,87,15,2,1,2,20230611,60,2025-11-16 08:20:51
3774,34,83,2,2,1,3,20230611,28,2025-11-16 08:20:51
3775,34,87,2,2,1,4,20230611,13,2025-11-16 08:20:51
3776,34,33,8,2,1,5,20230611,16,2025-11-16 08:20:51
3777,35,54,8,2,1,6,20230611,40,2025-11-16 08:20:51
3778,38,53,6,2,1,7,20230611,68,2025-11-16 08:20:51
3779,36,53,6,2,1,8,20230611,143,2025-11-16 08:20:51
3780,36,52,8,2,1,9,20230611,230,2025-11-16 08:20:51
3781,36,53,9,2,1,10,20230611,264,2025-11-16 08:20:51
3782,37,52,8,2,1,11,20230611,325,2025-11-16 08:20:51
3783,41,29,7,2,1,12,20230611,347,2025-11-16 08:20:51
3784,41,29,6,2,1,13,20230611,387,2025-11-16 08:20:51
3785,40,37,15,2,1,14,20230611,380,2025-11-16 08:20:51
3786,40,37,15,2,1,15,20230611,374,2025-11-16 08:20:51
3787,41,16,6,2,2,16,20230611,394,2025-11-16 08:20:51
3788,36,53,9,2,2,17,20230611,337,2025-11-16 08:20:51
3789,38,52,8,2,2,18,20230611,286,2025-11-16 08:20:51
3790,35,56,6,2,1,19,20230611,264,2025-11-16 08:20:51
3791,34,33,3,2,1,20,20230611,275,2025-11-16 08:20:51
3792,31,33,7,2,1,21,20230611,220,2025-11-16 08:20:51
3793,31,84,7,2,1,22,20230611,190,2025-11-16 08:20:51
3794,31,33,15,2,1,23,20230611,131,2025-11-16 08:20:51
3795,31,84,7,2,1,0,20230612,119,2025-11-16 08:20:51
3796,32,83,15,2,1,1,20230612,93,2025-11-16 08:20:51
3797,32,86,3,2,1,2,20230612,66,2025-11-16 08:20:51
3798,32,86,4,2,1,3,20230612,28,2025-11-16 08:20:51
3799,33,9,9,2,1,4,20230612,14,2025-11-16 08:20:51
3800,33,9,7,2,1,5,20230612,10,2025-11-16 08:20:51
3801,33,9,15,2,1,6,20230612,14,2025-11-16 08:20:51
3802,32,84,15,2,1,7,20230612,34,2025-11-16 08:20:51
3803,35,33,1,2,1,8,20230612,92,2025-11-16 08:20:51
3804,38,14,1,2,1,9,20230612,182,2025-11-16 08:20:51
3805,37,53,2,2,1,10,20230612,311,2025-11-16 08:20:51
3806,39,29,15,2,1,11,20230612,367,2025-11-16 08:20:51
3807,40,16,1,2,1,12,20230612,420,2025-11-16 08:20:51
3808,39,30,4,2,1,13,20230612,373,2025-11-16 08:20:51
3809,40,35,3,2,1,14,20230612,315,2025-11-16 08:20:51
3810,41,30,5,2,1,15,20230612,360,2025-11-16 08:20:51
3811,34,83,4,2,3,16,20230612,350,2025-11-16 08:20:51
3812,34,83,4,2,3,17,20230612,252,2025-11-16 08:20:51
3813,35,33,9,2,1,18,20230612,256,2025-11-16 08:20:51
3814,35,33,15,2,1,19,20230612,223,2025-11-16 08:20:51
3815,31,83,9,2,1,20,20230612,206,2025-11-16 08:20:51
3816,31,83,15,2,1,21,20230612,140,2025-11-16 08:20:51
3817,32,83,8,2,1,22,20230612,128,2025-11-16 08:20:51
3818,32,84,6,2,1,23,20230612,107,2025-11-16 08:20:51
3819,32,84,8,2,1,0,20230613,28,2025-11-16 08:20:51
3820,32,63,7,2,1,1,20230613,16,2025-11-16 08:20:51
3821,33,63,4,2,1,2,20230613,10,2025-11-16 08:20:51
3822,27,55,16,2,1,3,20230613,7,2025-11-16 08:20:51
3823,25,27,5,2,1,4,20230613,4,2025-11-16 08:20:51
3824,29,27,14,2,1,5,20230613,29,2025-11-16 08:20:51
3825,29,27,13,2,1,6,20230613,105,2025-11-16 08:20:51
3826,25,35,12,2,1,7,20230613,328,2025-11-16 08:20:51
3827,26,37,11,2,1,8,20230613,476,2025-11-16 08:20:51
3828,33,16,12,2,1,9,20230613,224,2025-11-16 08:20:51
3829,32,49,10,2,1,10,20230613,118,2025-11-16 08:20:51
3830,31,49,5,2,1,11,20230613,159,2025-11-16 08:20:51
3831,31,49,4,2,1,12,20230613,196,2025-11-16 08:20:51
3832,35,39,1,2,1,13,20230613,227,2025-11-16 08:20:51
3833,35,47,3,2,1,14,20230613,200,2025-11-16 08:20:51
3834,35,39,11,2,1,15,20230613,185,2025-11-16 08:20:51
3835,35,39,13,2,1,16,20230613,326,2025-11-16 08:20:51
3836,35,18,10,2,1,17,20230613,601,2025-11-16 08:20:51
3837,35,39,12,2,1,18,20230613,586,2025-11-16 08:20:51
3838,31,18,4,2,1,19,20230613,423,2025-11-16 08:20:51
3839,32,19,3,2,1,20,20230613,331,2025-11-16 08:20:51
3840,32,49,3,2,1,21,20230613,218,2025-11-16 08:20:51
3841,33,16,7,2,1,22,20230613,134,2025-11-16 08:20:51
3842,33,16,6,2,1,23,20230613,89,2025-11-16 08:20:51
3843,27,37,6,2,1,0,20230614,31,2025-11-16 08:20:51
3844,27,37,3,2,1,1,20230614,13,2025-11-16 08:20:51
3845,27,37,4,2,1,2,20230614,10,2025-11-16 08:20:51
3846,26,46,10,2,1,3,20230614,2,2025-11-16 08:20:51
3847,29,55,3,2,1,4,20230614,3,2025-11-16 08:20:51
3848,29,35,10,2,1,5,20230614,26,2025-11-16 08:20:51
3849,29,35,5,2,1,6,20230614,113,2025-11-16 08:20:51
3850,25,36,13,2,1,7,20230614,365,2025-11-16 08:20:51
3851,26,37,14,2,1,8,20230614,486,2025-11-16 08:20:51
3852,33,16,6,2,1,9,20230614,193,2025-11-16 08:20:51
3853,33,16,7,2,1,10,20230614,130,2025-11-16 08:20:51
3854,32,49,4,2,1,11,20230614,143,2025-11-16 08:20:51
3855,32,49,12,2,1,12,20230614,169,2025-11-16 08:20:51
3856,32,19,7,2,1,13,20230614,209,2025-11-16 08:20:51
3857,32,20,6,2,2,14,20230614,159,2025-11-16 08:20:51
3858,32,20,9,2,1,15,20230614,178,2025-11-16 08:20:51
3859,34,49,6,2,1,16,20230614,330,2025-11-16 08:20:51
3860,32,21,4,2,3,17,20230614,569,2025-11-16 08:20:51
3861,33,34,10,2,1,18,20230614,538,2025-11-16 08:20:51
3862,32,21,12,2,1,19,20230614,386,2025-11-16 08:20:51
3863,27,35,9,2,1,20,20230614,297,2025-11-16 08:20:51
3864,27,35,5,2,1,21,20230614,243,2025-11-16 08:20:51
3865,26,55,7,2,1,22,20230614,188,2025-11-16 08:20:51
3866,25,32,7,2,1,23,20230614,110,2025-11-16 08:20:51
3867,25,27,12,2,1,0,20230615,52,2025-11-16 08:20:51
3868,29,27,4,2,1,1,20230615,14,2025-11-16 08:20:51
3869,24,31,7,2,1,2,20230615,9,2025-11-16 08:20:51
3870,30,32,3,2,1,3,20230615,1,2025-11-16 08:20:51
3871,30,31,4,2,1,4,20230615,4,2025-11-16 08:20:51
3872,28,69,4,2,1,5,20230615,21,2025-11-16 08:20:51
3873,30,31,3,2,1,6,20230615,121,2025-11-16 08:20:51
3874,29,55,8,2,1,7,20230615,370,2025-11-16 08:20:51
3875,26,46,8,2,1,8,20230615,498,2025-11-16 08:20:51
3876,27,37,1,2,1,9,20230615,207,2025-11-16 08:20:51
3877,32,20,9,2,1,10,20230615,135,2025-11-16 08:20:51
3878,34,43,1,2,1,11,20230615,164,2025-11-16 08:20:51
3879,35,47,7,2,1,12,20230615,211,2025-11-16 08:20:51
3880,36,41,4,2,1,13,20230615,189,2025-11-16 08:20:51
3881,36,41,1,2,1,14,20230615,178,2025-11-16 08:20:51
3882,37,58,1,2,1,15,20230615,164,2025-11-16 08:20:51
3883,37,58,8,2,1,16,20230615,312,2025-11-16 08:20:51
3884,36,41,15,2,1,17,20230615,638,2025-11-16 08:20:51
3885,38,26,8,2,1,18,20230615,607,2025-11-16 08:20:51
3886,35,39,4,2,1,19,20230615,416,2025-11-16 08:20:51
3887,31,19,9,2,1,20,20230615,330,2025-11-16 08:20:51
3888,32,20,7,2,1,21,20230615,257,2025-11-16 08:20:51
3889,33,21,15,2,1,22,20230615,175,2025-11-16 08:20:51
3890,33,46,1,2,1,23,20230615,107,2025-11-16 08:20:51
3891,27,35,15,2,1,0,20230616,47,2025-11-16 08:20:51
3892,26,55,1,2,1,1,20230616,17,2025-11-16 08:20:51
3893,27,35,2,2,1,2,20230616,5,2025-11-16 08:20:51
3894,25,63,2,2,2,3,20230616,4,2025-11-16 08:20:51
3895,25,32,15,2,2,4,20230616,6,2025-11-16 08:20:51
3896,27,27,6,2,1,5,20230616,25,2025-11-16 08:20:51
3897,26,63,9,2,3,6,20230616,112,2025-11-16 08:20:51
3898,25,84,9,2,3,7,20230616,188,2025-11-16 08:20:51
3899,27,28,8,2,2,8,20230616,388,2025-11-16 08:20:51
3900,33,56,6,2,2,9,20230616,261,2025-11-16 08:20:51
3901,31,54,3,2,2,10,20230616,121,2025-11-16 08:20:51
3902,34,54,5,2,2,11,20230616,150,2025-11-16 08:20:51
3903,38,48,14,2,1,12,20230616,206,2025-11-16 08:20:51
3904,38,48,3,2,2,13,20230616,151,2025-11-16 08:20:51
3905,38,48,10,2,2,14,20230616,153,2025-11-16 08:20:51
3906,35,54,5,2,2,15,20230616,159,2025-11-16 08:20:51
3907,31,28,6,2,3,16,20230616,294,2025-11-16 08:20:51
3908,32,84,15,2,2,17,20230616,272,2025-11-16 08:20:51
3909,32,83,7,2,1,18,20230616,325,2025-11-16 08:20:51
3910,33,83,4,2,1,19,20230616,327,2025-11-16 08:20:51
3911,33,83,10,2,1,20,20230616,201,2025-11-16 08:20:51
3912,33,83,3,2,3,21,20230616,188,2025-11-16 08:20:51
3913,33,83,3,2,3,22,20230616,151,2025-11-16 08:20:51
3914,27,83,3,2,3,23,20230616,16,2025-11-16 08:20:51
3915,25,9,2,2,1,0,20230617,24,2025-11-16 08:20:51
3916,25,11,8,2,1,1,20230617,23,2025-11-16 08:20:51
3917,25,11,15,2,1,2,20230617,13,2025-11-16 08:20:51
3918,25,11,15,2,1,3,20230617,6,2025-11-16 08:20:51
3919,29,11,8,2,1,4,20230617,6,2025-11-16 08:20:51
3920,29,12,1,2,1,5,20230617,13,2025-11-16 08:20:51
3921,25,11,1,2,1,6,20230617,97,2025-11-16 08:20:51
3922,27,83,1,2,1,7,20230617,250,2025-11-16 08:20:51
3923,27,83,1,2,2,8,20230617,454,2025-11-16 08:20:51
3924,35,53,6,2,1,9,20230617,224,2025-11-16 08:20:51
3925,35,53,6,2,1,10,20230617,170,2025-11-16 08:20:51
3926,34,28,3,2,1,11,20230617,181,2025-11-16 08:20:51
3927,35,56,3,2,1,12,20230617,243,2025-11-16 08:20:51
3928,36,52,4,2,1,13,20230617,204,2025-11-16 08:20:51
3929,37,36,6,2,1,14,20230617,215,2025-11-16 08:20:51
3930,39,22,7,2,1,15,20230617,243,2025-11-16 08:20:51
3931,37,50,9,2,1,16,20230617,355,2025-11-16 08:20:51
3932,37,23,6,2,3,17,20230617,552,2025-11-16 08:20:51
3933,37,23,6,2,3,18,20230617,450,2025-11-16 08:20:51
3934,32,83,3,2,3,19,20230617,328,2025-11-16 08:20:51
3935,32,84,15,2,1,20,20230617,232,2025-11-16 08:20:51
3936,32,84,2,2,1,21,20230617,208,2025-11-16 08:20:51
3937,33,9,8,2,1,22,20230617,175,2025-11-16 08:20:51
3938,33,83,8,2,1,23,20230617,178,2025-11-16 08:20:51
3939,33,9,8,2,1,0,20230618,104,2025-11-16 08:20:51
3940,33,83,15,2,1,1,20230618,95,2025-11-16 08:20:51
3941,27,9,1,2,1,2,20230618,53,2025-11-16 08:20:51
3942,27,9,2,2,1,3,20230618,20,2025-11-16 08:20:51
3943,27,9,2,2,1,4,20230618,5,2025-11-16 08:20:51
3944,33,83,1,2,1,5,20230618,7,2025-11-16 08:20:51
3945,33,83,15,2,1,6,20230618,27,2025-11-16 08:20:51
3946,32,84,8,2,1,7,20230618,57,2025-11-16 08:20:51
3947,31,84,2,2,1,8,20230618,131,2025-11-16 08:20:51
3948,35,54,7,2,1,9,20230618,218,2025-11-16 08:20:51
3949,38,52,6,2,1,10,20230618,244,2025-11-16 08:20:51
3950,38,52,8,2,1,11,20230618,404,2025-11-16 08:20:51
3951,36,14,2,2,1,12,20230618,420,2025-11-16 08:20:51
3952,37,29,1,2,1,13,20230618,327,2025-11-16 08:20:51
3953,41,16,4,2,2,14,20230618,334,2025-11-16 08:20:51
3954,40,16,8,2,2,15,20230618,367,2025-11-16 08:20:51
3955,37,36,7,2,2,16,20230618,468,2025-11-16 08:20:51
3956,37,38,9,2,2,17,20230618,449,2025-11-16 08:20:51
3957,36,29,6,2,2,18,20230618,381,2025-11-16 08:20:51
3958,36,34,15,2,2,19,20230618,326,2025-11-16 08:20:51
3959,38,53,8,2,2,20,20230618,188,2025-11-16 08:20:51
3960,38,14,15,2,2,21,20230618,183,2025-11-16 08:20:51
3961,38,52,8,2,2,22,20230618,161,2025-11-16 08:20:51
3962,38,52,1,2,2,23,20230618,150,2025-11-16 08:20:51
3963,35,56,1,2,1,0,20230619,89,2025-11-16 08:20:51
3964,35,56,2,2,2,1,20230619,76,2025-11-16 08:20:51
3965,34,33,2,2,1,2,20230619,72,2025-11-16 08:20:51
3966,31,84,8,2,2,3,20230619,30,2025-11-16 08:20:51
3967,31,33,8,2,2,4,20230619,17,2025-11-16 08:20:51
3968,31,84,1,2,2,5,20230619,19,2025-11-16 08:20:51
3969,31,84,9,2,2,6,20230619,33,2025-11-16 08:20:51
3970,31,84,9,2,2,7,20230619,71,2025-11-16 08:20:51
3971,34,33,15,2,3,8,20230619,84,2025-11-16 08:20:51
3972,34,33,15,2,2,9,20230619,169,2025-11-16 08:20:51
3973,35,54,15,2,2,10,20230619,244,2025-11-16 08:20:51
3974,38,53,2,2,2,11,20230619,377,2025-11-16 08:20:51
3975,36,29,2,2,2,12,20230619,396,2025-11-16 08:20:51
3976,36,34,1,2,2,13,20230619,363,2025-11-16 08:20:51
3977,36,53,15,2,3,14,20230619,317,2025-11-16 08:20:51
3978,36,29,15,2,2,15,20230619,362,2025-11-16 08:20:51
3979,37,38,1,2,2,16,20230619,378,2025-11-16 08:20:51
3980,36,34,1,2,1,17,20230619,397,2025-11-16 08:20:51
3981,36,53,2,2,2,18,20230619,296,2025-11-16 08:20:51
3982,38,52,8,2,1,19,20230619,311,2025-11-16 08:20:51
3983,35,57,6,2,1,20,20230619,232,2025-11-16 08:20:51
3984,34,87,8,2,1,21,20230619,167,2025-11-16 08:20:51
3985,31,84,7,2,1,22,20230619,152,2025-11-16 08:20:51
3986,31,84,6,2,1,23,20230619,92,2025-11-16 08:20:51
3987,31,83,9,2,1,0,20230620,26,2025-11-16 08:20:51
3988,32,86,2,2,1,1,20230620,12,2025-11-16 08:20:51
3989,32,86,2,2,1,2,20230620,2,2025-11-16 08:20:51
3990,32,86,1,2,3,3,20230620,1,2025-11-16 08:20:51
3991,33,9,9,2,3,4,20230620,3,2025-11-16 08:20:51
3992,33,83,8,2,3,5,20230620,3,2025-11-16 08:20:51
3993,27,84,8,2,3,6,20230620,26,2025-11-16 08:20:51
3994,25,9,6,2,3,7,20230620,46,2025-11-16 08:20:51
3995,25,83,6,2,3,8,20230620,221,2025-11-16 08:20:51
3996,27,84,3,2,2,9,20230620,219,2025-11-16 08:20:51
3997,27,84,3,2,2,10,20230620,91,2025-11-16 08:20:51
3998,27,84,15,2,2,11,20230620,94,2025-11-16 08:20:51
3999,33,28,15,2,2,12,20230620,162,2025-11-16 08:20:51
4000,32,56,15,2,1,13,20230620,179,2025-11-16 08:20:51
4001,31,54,15,2,1,14,20230620,175,2025-11-16 08:20:51
4002,31,54,8,2,1,15,20230620,205,2025-11-16 08:20:51
4003,35,53,9,2,1,16,20230620,299,2025-11-16 08:20:51
4004,35,48,1,2,1,17,20230620,565,2025-11-16 08:20:51
4005,35,54,3,2,1,18,20230620,538,2025-11-16 08:20:51
4006,31,56,7,2,1,19,20230620,431,2025-11-16 08:20:51
4007,31,28,7,2,1,20,20230620,316,2025-11-16 08:20:51
4008,32,63,9,2,1,21,20230620,206,2025-11-16 08:20:51
4009,32,63,7,2,2,22,20230620,130,2025-11-16 08:20:51
4010,33,84,3,2,1,23,20230620,60,2025-11-16 08:20:51
4011,33,84,9,3,1,0,20230621,33,2025-11-16 08:20:51
4012,33,84,9,3,3,1,20230621,14,2025-11-16 08:20:51
4013,33,83,9,3,3,2,20230621,6,2025-11-16 08:20:51
4014,33,83,9,3,3,3,20230621,2,2025-11-16 08:20:51
4015,27,9,15,3,2,4,20230621,9,2025-11-16 08:20:51
4016,27,9,8,3,2,5,20230621,25,2025-11-16 08:20:51
4017,27,9,8,3,2,6,20230621,115,2025-11-16 08:20:51
4018,27,11,1,3,2,7,20230621,309,2025-11-16 08:20:51
4019,33,9,15,3,2,8,20230621,401,2025-11-16 08:20:51
4020,33,9,3,3,2,9,20230621,275,2025-11-16 08:20:51
4021,32,83,6,3,2,10,20230621,161,2025-11-16 08:20:51
4022,31,83,9,3,1,11,20230621,171,2025-11-16 08:20:51
4023,35,33,9,3,1,12,20230621,189,2025-11-16 08:20:51
4024,36,14,9,3,1,13,20230621,207,2025-11-16 08:20:51
4025,37,52,7,3,1,14,20230621,152,2025-11-16 08:20:51
4026,39,30,3,3,1,15,20230621,170,2025-11-16 08:20:51
4027,41,30,7,3,1,16,20230621,335,2025-11-16 08:20:51
4028,39,14,7,3,1,17,20230621,572,2025-11-16 08:20:51
4029,37,57,3,3,2,18,20230621,536,2025-11-16 08:20:51
4030,36,33,7,3,2,19,20230621,425,2025-11-16 08:20:51
4031,36,57,7,3,3,20,20230621,326,2025-11-16 08:20:51
4032,38,33,6,3,1,21,20230621,229,2025-11-16 08:20:51
4033,35,87,15,3,1,22,20230621,109,2025-11-16 08:20:51
4034,35,33,15,3,1,23,20230621,64,2025-11-16 08:20:51
4035,31,84,6,3,1,0,20230622,33,2025-11-16 08:20:51
4036,31,84,8,3,1,1,20230622,21,2025-11-16 08:20:51
4037,31,84,1,3,1,2,20230622,7,2025-11-16 08:20:51
4038,31,84,8,3,1,3,20230622,7,2025-11-16 08:20:51
4039,32,83,1,3,1,4,20230622,11,2025-11-16 08:20:51
4040,32,86,1,3,1,5,20230622,23,2025-11-16 08:20:51
4041,31,83,1,3,1,6,20230622,122,2025-11-16 08:20:51
4042,35,87,1,3,1,7,20230622,311,2025-11-16 08:20:51
4043,38,33,15,3,1,8,20230622,423,2025-11-16 08:20:51
4044,38,87,9,3,1,9,20230622,219,2025-11-16 08:20:51
4045,36,57,3,3,1,10,20230622,135,2025-11-16 08:20:51
4046,36,57,9,3,1,11,20230622,145,2025-11-16 08:20:51
4047,41,30,7,3,2,12,20230622,188,2025-11-16 08:20:51
4048,40,35,3,3,2,13,20230622,147,2025-11-16 08:20:51
4049,40,36,4,3,2,14,20230622,145,2025-11-16 08:20:51
4050,40,35,4,3,2,15,20230622,146,2025-11-16 08:20:51
4051,40,30,10,3,2,16,20230622,258,2025-11-16 08:20:51
4052,41,29,14,3,2,17,20230622,529,2025-11-16 08:20:51
4053,41,30,3,3,2,18,20230622,513,2025-11-16 08:20:51
4054,41,36,3,3,2,19,20230622,342,2025-11-16 08:20:51
4055,36,33,8,3,1,20,20230622,282,2025-11-16 08:20:51
4056,36,87,9,3,1,21,20230622,247,2025-11-16 08:20:51
4057,38,87,6,3,2,22,20230622,148,2025-11-16 08:20:51
4058,38,87,7,3,2,23,20230622,105,2025-11-16 08:20:51
4059,38,87,7,3,1,0,20230623,49,2025-11-16 08:20:51
4060,38,33,7,3,1,1,20230623,31,2025-11-16 08:20:51
4061,38,33,7,3,1,2,20230623,4,2025-11-16 08:20:51
4062,38,33,9,3,2,3,20230623,5,2025-11-16 08:20:51
4063,35,87,8,3,2,4,20230623,7,2025-11-16 08:20:51
4064,38,33,9,3,1,5,20230623,24,2025-11-16 08:20:51
4065,38,33,9,3,1,6,20230623,100,2025-11-16 08:20:51
4066,38,33,8,3,2,7,20230623,327,2025-11-16 08:20:51
4067,36,57,6,3,2,8,20230623,432,2025-11-16 08:20:51
4068,36,57,8,3,2,9,20230623,227,2025-11-16 08:20:51
4069,37,14,8,3,2,10,20230623,127,2025-11-16 08:20:51
4070,37,14,3,3,3,11,20230623,136,2025-11-16 08:20:51
4071,37,14,4,3,2,12,20230623,160,2025-11-16 08:20:51
4072,37,52,4,3,2,13,20230623,186,2025-11-16 08:20:51
4073,37,14,5,3,2,14,20230623,149,2025-11-16 08:20:51
4074,37,36,12,3,2,15,20230623,189,2025-11-16 08:20:51
4075,36,52,5,3,2,16,20230623,275,2025-11-16 08:20:51
4076,38,57,12,3,2,17,20230623,569,2025-11-16 08:20:51
4077,38,57,13,3,1,18,20230623,540,2025-11-16 08:20:51
4078,38,57,12,3,1,19,20230623,400,2025-11-16 08:20:51
4079,35,33,7,3,1,20,20230623,352,2025-11-16 08:20:51
4080,35,33,6,3,1,21,20230623,234,2025-11-16 08:20:51
4081,35,33,7,3,2,22,20230623,162,2025-11-16 08:20:51
4082,35,33,4,3,1,23,20230623,105,2025-11-16 08:20:51
4083,34,87,6,3,1,0,20230624,63,2025-11-16 08:20:51
4084,31,83,10,3,1,1,20230624,28,2025-11-16 08:20:51
4085,31,83,10,3,1,2,20230624,14,2025-11-16 08:20:51
4086,31,83,9,3,1,3,20230624,5,2025-11-16 08:20:51
4087,31,83,2,3,1,4,20230624,9,2025-11-16 08:20:51
4088,32,86,2,3,1,5,20230624,20,2025-11-16 08:20:51
4089,31,83,8,3,1,6,20230624,91,2025-11-16 08:20:51
4090,31,83,7,3,2,7,20230624,268,2025-11-16 08:20:51
4091,35,33,7,3,1,8,20230624,466,2025-11-16 08:20:51
4092,36,52,8,3,1,9,20230624,231,2025-11-16 08:20:51
4093,41,22,4,3,1,10,20230624,145,2025-11-16 08:20:51
4094,41,42,10,3,1,11,20230624,203,2025-11-16 08:20:51
4095,41,49,4,3,1,12,20230624,201,2025-11-16 08:20:51
4096,41,43,7,3,1,13,20230624,221,2025-11-16 08:20:51
4097,39,22,4,3,1,14,20230624,229,2025-11-16 08:20:51
4098,40,47,14,3,1,15,20230624,216,2025-11-16 08:20:51
4099,41,40,13,3,1,16,20230624,327,2025-11-16 08:20:51
4100,37,39,3,3,1,17,20230624,557,2025-11-16 08:20:51
4101,37,39,5,3,1,18,20230624,452,2025-11-16 08:20:51
4102,36,23,7,3,1,19,20230624,385,2025-11-16 08:20:51
4103,38,50,9,3,1,20,20230624,288,2025-11-16 08:20:51
4104,35,38,8,3,1,21,20230624,233,2025-11-16 08:20:51
4105,35,38,1,3,1,22,20230624,167,2025-11-16 08:20:51
4106,34,34,8,3,1,23,20230624,172,2025-11-16 08:20:51
4107,34,20,9,3,1,0,20230625,116,2025-11-16 08:20:51
4108,31,21,9,3,1,1,20230625,95,2025-11-16 08:20:51
4109,31,21,6,3,2,2,20230625,59,2025-11-16 08:20:51
4110,32,15,6,3,1,3,20230625,39,2025-11-16 08:20:51
4111,32,15,6,3,1,4,20230625,11,2025-11-16 08:20:51
4112,33,54,8,3,1,5,20230625,14,2025-11-16 08:20:51
4113,32,15,7,3,1,6,20230625,29,2025-11-16 08:20:51
4114,32,15,4,3,1,7,20230625,42,2025-11-16 08:20:51
4115,35,38,3,3,1,8,20230625,112,2025-11-16 08:20:51
4116,38,50,3,3,1,9,20230625,186,2025-11-16 08:20:51
4117,38,50,6,3,1,10,20230625,302,2025-11-16 08:20:51
4118,36,17,1,3,1,11,20230625,331,2025-11-16 08:20:51
4119,36,23,4,3,1,12,20230625,392,2025-11-16 08:20:51
4120,36,23,4,3,1,13,20230625,371,2025-11-16 08:20:51
4121,36,50,5,3,1,14,20230625,383,2025-11-16 08:20:51
4122,36,50,1,3,1,15,20230625,392,2025-11-16 08:20:51
4123,37,22,5,3,1,16,20230625,410,2025-11-16 08:20:51
4124,36,17,7,3,1,17,20230625,399,2025-11-16 08:20:51
4125,38,50,3,3,1,18,20230625,307,2025-11-16 08:20:51
4126,38,38,4,3,1,19,20230625,375,2025-11-16 08:20:51
4127,35,38,6,3,1,20,20230625,269,2025-11-16 08:20:51
4128,34,34,9,3,1,21,20230625,202,2025-11-16 08:20:51
4129,34,20,6,3,1,22,20230625,187,2025-11-16 08:20:51
4130,31,21,5,3,2,23,20230625,179,2025-11-16 08:20:51
4131,32,46,1,3,1,0,20230626,115,2025-11-16 08:20:51
4132,32,46,15,3,1,1,20230626,90,2025-11-16 08:20:51
4133,33,15,15,3,1,2,20230626,87,2025-11-16 08:20:51
4134,27,27,15,3,1,3,20230626,34,2025-11-16 08:20:51
4135,27,27,2,3,1,4,20230626,11,2025-11-16 08:20:51
4136,27,27,1,3,1,5,20230626,12,2025-11-16 08:20:51
4137,27,27,1,3,1,6,20230626,20,2025-11-16 08:20:51
4138,33,54,1,3,1,7,20230626,51,2025-11-16 08:20:51
4139,32,54,6,3,1,8,20230626,107,2025-11-16 08:20:51
4140,31,48,2,3,1,9,20230626,206,2025-11-16 08:20:51
4141,38,38,15,3,1,10,20230626,332,2025-11-16 08:20:51
4142,38,50,8,3,1,11,20230626,346,2025-11-16 08:20:51
4143,36,23,9,3,1,12,20230626,443,2025-11-16 08:20:51
4144,36,23,1,3,1,13,20230626,442,2025-11-16 08:20:51
4145,36,23,8,3,1,14,20230626,443,2025-11-16 08:20:51
4146,36,23,1,3,1,15,20230626,403,2025-11-16 08:20:51
4147,36,17,6,3,1,16,20230626,455,2025-11-16 08:20:51
4148,38,17,9,3,2,17,20230626,421,2025-11-16 08:20:51
4149,38,50,3,3,2,18,20230626,382,2025-11-16 08:20:51
4150,38,38,8,3,2,19,20230626,317,2025-11-16 08:20:51
4151,35,38,15,3,2,20,20230626,213,2025-11-16 08:20:51
4152,35,48,15,3,2,21,20230626,183,2025-11-16 08:20:51
4153,35,34,1,3,1,22,20230626,114,2025-11-16 08:20:51
4154,35,48,2,3,1,23,20230626,78,2025-11-16 08:20:51
4155,32,63,4,3,3,0,20230627,32,2025-11-16 08:20:51
4156,33,84,8,3,2,1,20230627,15,2025-11-16 08:20:51
4157,33,84,8,3,3,2,20230627,6,2025-11-16 08:20:51
4158,33,84,8,3,3,3,20230627,2,2025-11-16 08:20:51
4159,27,83,9,3,2,4,20230627,9,2025-11-16 08:20:51
4160,33,83,9,3,2,5,20230627,22,2025-11-16 08:20:51
4161,33,84,9,3,2,6,20230627,94,2025-11-16 08:20:51
4162,32,63,7,3,2,7,20230627,261,2025-11-16 08:20:51
4163,31,33,6,3,1,8,20230627,447,2025-11-16 08:20:51
4164,38,48,1,3,2,9,20230627,187,2025-11-16 08:20:51
4165,38,48,8,3,2,10,20230627,150,2025-11-16 08:20:51
4166,35,53,1,3,2,11,20230627,150,2025-11-16 08:20:51
4167,38,48,1,3,2,12,20230627,170,2025-11-16 08:20:51
4168,38,53,7,3,2,13,20230627,164,2025-11-16 08:20:51
4169,38,53,2,3,2,14,20230627,158,2025-11-16 08:20:51
4170,36,29,1,3,2,15,20230627,202,2025-11-16 08:20:51
4171,36,29,15,3,1,16,20230627,275,2025-11-16 08:20:51
4172,36,29,8,3,1,17,20230627,604,2025-11-16 08:20:51
4173,36,34,1,3,1,18,20230627,591,2025-11-16 08:20:51
4174,38,52,6,3,1,19,20230627,396,2025-11-16 08:20:51
4175,35,56,15,3,1,20,20230627,305,2025-11-16 08:20:51
4176,35,56,1,3,1,21,20230627,242,2025-11-16 08:20:51
4177,34,28,1,3,1,22,20230627,145,2025-11-16 08:20:51
4178,34,28,1,3,1,23,20230627,81,2025-11-16 08:20:51
4179,31,84,8,3,2,0,20230628,30,2025-11-16 08:20:51
4180,31,33,1,3,1,1,20230628,13,2025-11-16 08:20:51
4181,31,33,1,3,2,2,20230628,11,2025-11-16 08:20:51
4182,31,33,1,3,2,3,20230628,2,2025-11-16 08:20:51
4183,31,33,1,3,1,4,20230628,8,2025-11-16 08:20:51
4184,31,84,1,3,1,5,20230628,21,2025-11-16 08:20:51
4185,31,83,9,3,1,6,20230628,124,2025-11-16 08:20:51
4186,34,83,6,3,1,7,20230628,347,2025-11-16 08:20:51
4187,35,87,9,3,1,8,20230628,456,2025-11-16 08:20:51
4188,36,57,1,3,1,9,20230628,246,2025-11-16 08:20:51
4189,41,37,9,3,1,10,20230628,157,2025-11-16 08:20:51
4190,40,16,1,3,1,11,20230628,167,2025-11-16 08:20:51
4191,45,20,7,3,1,12,20230628,202,2025-11-16 08:20:51
4192,45,19,1,3,1,13,20230628,189,2025-11-16 08:20:51
4193,42,19,7,3,1,14,20230628,160,2025-11-16 08:20:51
4194,42,49,1,3,1,15,20230628,166,2025-11-16 08:20:51
4195,42,20,4,3,1,16,20230628,261,2025-11-16 08:20:51
4196,40,35,4,3,3,17,20230628,579,2025-11-16 08:20:51
4197,41,29,5,3,3,18,20230628,504,2025-11-16 08:20:51
4198,36,53,18,3,2,19,20230628,299,2025-11-16 08:20:51
4199,36,52,1,3,1,20,20230628,296,2025-11-16 08:20:51
4200,36,14,4,3,1,21,20230628,195,2025-11-16 08:20:51
4201,35,57,5,3,1,22,20230628,134,2025-11-16 08:20:51
4202,35,57,4,3,1,23,20230628,81,2025-11-16 08:20:51
4203,34,87,4,3,2,0,20230629,36,2025-11-16 08:20:51
4204,34,87,5,3,1,1,20230629,28,2025-11-16 08:20:51
4205,31,83,7,3,1,2,20230629,16,2025-11-16 08:20:51
4206,31,83,15,3,2,3,20230629,5,2025-11-16 08:20:51
4207,31,83,15,3,1,4,20230629,5,2025-11-16 08:20:51
4208,32,83,6,3,1,5,20230629,22,2025-11-16 08:20:51
4209,31,28,5,3,1,6,20230629,116,2025-11-16 08:20:51
4210,35,48,7,3,1,7,20230629,336,2025-11-16 08:20:51
4211,35,38,4,3,1,8,20230629,540,2025-11-16 08:20:51
4212,38,50,14,3,1,9,20230629,221,2025-11-16 08:20:51
4213,36,17,4,3,1,10,20230629,126,2025-11-16 08:20:51
4214,37,24,7,3,1,11,20230629,170,2025-11-16 08:20:51
4215,37,24,3,3,1,12,20230629,243,2025-11-16 08:20:51
4216,41,62,10,3,1,13,20230629,231,2025-11-16 08:20:51
4217,41,62,6,3,1,14,20230629,188,2025-11-16 08:20:51
4218,40,25,9,3,1,15,20230629,189,2025-11-16 08:20:51
4219,40,25,13,3,1,16,20230629,328,2025-11-16 08:20:51
4220,40,61,13,3,1,17,20230629,570,2025-11-16 08:20:51
4221,41,45,5,3,1,18,20230629,588,2025-11-16 08:20:51
4222,37,24,14,3,1,19,20230629,401,2025-11-16 08:20:51
4223,36,39,5,3,1,20,20230629,333,2025-11-16 08:20:51
4224,38,18,7,3,1,21,20230629,221,2025-11-16 08:20:51
4225,35,17,6,3,1,22,20230629,183,2025-11-16 08:20:51
4226,34,20,6,3,1,23,20230629,129,2025-11-16 08:20:51
4227,31,21,9,3,1,0,20230630,54,2025-11-16 08:20:51
4228,32,46,8,3,1,1,20230630,32,2025-11-16 08:20:51
4229,33,15,8,3,1,2,20230630,8,2025-11-16 08:20:51
4230,27,55,9,3,1,3,20230630,9,2025-11-16 08:20:51
4231,26,27,8,3,1,4,20230630,6,2025-11-16 08:20:51
4232,26,27,3,3,1,5,20230630,25,2025-11-16 08:20:51
4233,27,27,3,3,1,6,20230630,123,2025-11-16 08:20:51
4234,33,54,7,3,1,7,20230630,320,2025-11-16 08:20:51
4235,34,20,7,3,1,8,20230630,555,2025-11-16 08:20:51
4236,35,17,7,3,1,9,20230630,260,2025-11-16 08:20:51
4237,38,17,6,3,1,10,20230630,132,2025-11-16 08:20:51
4238,36,39,8,3,1,11,20230630,169,2025-11-16 08:20:51
4239,37,24,9,3,1,12,20230630,233,2025-11-16 08:20:51
4240,37,40,6,3,1,13,20230630,232,2025-11-16 08:20:51
4241,39,62,6,3,1,14,20230630,163,2025-11-16 08:20:51
4242,39,60,3,3,1,15,20230630,240,2025-11-16 08:20:51
4243,41,61,8,3,1,16,20230630,323,2025-11-16 08:20:51
4244,39,58,12,3,1,17,20230630,594,2025-11-16 08:20:51
4245,37,45,3,3,1,18,20230630,586,2025-11-16 08:20:51
4246,36,40,6,3,1,19,20230630,455,2025-11-16 08:20:51
4247,36,40,6,3,1,20,20230630,340,2025-11-16 08:20:51
4248,38,39,15,3,1,21,20230630,323,2025-11-16 08:20:51
4249,35,17,9,3,1,22,20230630,207,2025-11-16 08:20:51
4250,31,21,1,3,1,23,20230630,126,2025-11-16 08:20:51
4251,31,21,1,3,1,0,20230701,68,2025-11-16 08:20:51
4252,31,21,1,3,1,1,20230701,31,2025-11-16 08:20:51
4253,33,28,1,3,1,2,20230701,13,2025-11-16 08:20:51
4254,32,46,1,3,1,3,20230701,11,2025-11-16 08:20:51
4255,33,15,1,3,1,4,20230701,6,2025-11-16 08:20:51
4256,27,27,8,3,1,5,20230701,30,2025-11-16 08:20:51
4257,33,54,8,3,1,6,20230701,108,2025-11-16 08:20:51
4258,31,48,15,3,1,7,20230701,243,2025-11-16 08:20:51
4259,35,17,9,3,1,8,20230701,492,2025-11-16 08:20:51
4260,36,24,9,3,1,9,20230701,260,2025-11-16 08:20:51
4261,37,40,9,3,1,10,20230701,170,2025-11-16 08:20:51
4262,41,61,1,3,1,11,20230701,214,2025-11-16 08:20:51
4263,41,61,1,3,1,12,20230701,263,2025-11-16 08:20:51
4264,41,64,1,3,1,13,20230701,292,2025-11-16 08:20:51
4265,40,65,6,3,1,14,20230701,303,2025-11-16 08:20:51
4266,40,59,3,3,1,15,20230701,381,2025-11-16 08:20:51
4267,40,75,1,3,1,16,20230701,427,2025-11-16 08:20:51
4268,40,59,6,3,1,17,20230701,461,2025-11-16 08:20:51
4269,41,64,3,3,1,18,20230701,422,2025-11-16 08:20:51
4270,39,60,6,3,1,19,20230701,318,2025-11-16 08:20:51
4271,38,17,7,3,1,20,20230701,269,2025-11-16 08:20:51
4272,35,50,6,3,1,21,20230701,218,2025-11-16 08:20:51
4273,35,17,1,3,1,22,20230701,222,2025-11-16 08:20:51
4274,34,20,2,3,1,23,20230701,140,2025-11-16 08:20:51
4275,34,20,2,3,1,0,20230702,115,2025-11-16 08:20:51
4276,31,48,1,3,1,1,20230702,78,2025-11-16 08:20:51
4277,32,46,1,3,1,2,20230702,52,2025-11-16 08:20:51
4278,32,46,1,3,1,3,20230702,26,2025-11-16 08:20:51
4279,33,54,1,3,1,4,20230702,11,2025-11-16 08:20:51
4280,26,63,15,3,1,5,20230702,14,2025-11-16 08:20:51
4281,33,28,15,3,1,6,20230702,32,2025-11-16 08:20:51
4282,32,56,1,3,1,7,20230702,45,2025-11-16 08:20:51
4283,34,15,1,3,1,8,20230702,132,2025-11-16 08:20:51
4284,36,34,2,3,1,9,20230702,179,2025-11-16 08:20:51
4285,41,43,1,3,1,10,20230702,271,2025-11-16 08:20:51
4286,41,43,2,3,1,11,20230702,357,2025-11-16 08:20:51
4287,40,25,8,3,1,12,20230702,374,2025-11-16 08:20:51
4288,40,25,15,3,1,13,20230702,404,2025-11-16 08:20:51
4289,45,79,1,3,1,14,20230702,392,2025-11-16 08:20:51
4290,42,67,9,3,1,15,20230702,331,2025-11-16 08:20:51
4291,43,66,7,3,1,16,20230702,398,2025-11-16 08:20:51
4292,45,25,7,3,1,17,20230702,349,2025-11-16 08:20:51
4293,40,25,4,3,1,18,20230702,383,2025-11-16 08:20:51
4294,41,40,7,3,1,19,20230702,305,2025-11-16 08:20:51
4295,37,50,4,3,1,20,20230702,284,2025-11-16 08:20:51
4296,36,38,6,3,1,21,20230702,232,2025-11-16 08:20:51
4297,38,34,9,3,1,22,20230702,201,2025-11-16 08:20:51
4298,38,48,4,3,1,23,20230702,154,2025-11-16 08:20:51
4299,35,53,7,3,1,0,20230703,144,2025-11-16 08:20:51
4300,35,54,9,3,2,1,20230703,78,2025-11-16 08:20:51
4301,35,53,6,3,1,2,20230703,69,2025-11-16 08:20:51
4302,34,56,2,3,3,3,20230703,33,2025-11-16 08:20:51
4303,34,56,2,3,3,4,20230703,5,2025-11-16 08:20:51
4304,33,83,6,3,3,5,20230703,1,2025-11-16 08:20:51
4305,33,11,2,3,2,6,20230703,3,2025-11-16 08:20:51
4306,32,86,6,3,2,7,20230703,25,2025-11-16 08:20:51
4307,34,87,7,3,1,8,20230703,92,2025-11-16 08:20:51
4308,35,33,3,3,1,9,20230703,181,2025-11-16 08:20:51
4309,36,14,9,3,1,10,20230703,264,2025-11-16 08:20:51
4310,37,52,15,3,1,11,20230703,390,2025-11-16 08:20:51
4311,41,29,15,3,1,12,20230703,404,2025-11-16 08:20:51
4312,41,30,7,3,1,13,20230703,421,2025-11-16 08:20:51
4313,40,35,3,3,1,14,20230703,375,2025-11-16 08:20:51
4314,45,46,5,3,1,15,20230703,376,2025-11-16 08:20:51
4315,45,46,5,3,1,16,20230703,414,2025-11-16 08:20:51
4316,41,37,28,3,3,17,20230703,358,2025-11-16 08:20:51
4317,41,37,28,3,3,18,20230703,181,2025-11-16 08:20:51
4318,31,83,6,3,2,19,20230703,183,2025-11-16 08:20:51
4319,31,83,1,3,3,20,20230703,176,2025-11-16 08:20:51
4320,31,83,9,3,2,21,20230703,167,2025-11-16 08:20:51
4321,31,84,15,3,2,22,20230703,162,2025-11-16 08:20:51
4322,32,83,9,3,1,23,20230703,147,2025-11-16 08:20:51
4323,32,83,8,3,1,0,20230704,140,2025-11-16 08:20:51
4324,32,83,2,3,1,1,20230704,119,2025-11-16 08:20:51
4325,32,83,1,3,1,2,20230704,63,2025-11-16 08:20:51
4326,32,84,1,3,1,3,20230704,26,2025-11-16 08:20:51
4327,31,84,2,3,2,4,20230704,12,2025-11-16 08:20:51
4328,32,83,8,3,2,5,20230704,4,2025-11-16 08:20:51
4329,32,86,9,3,1,6,20230704,16,2025-11-16 08:20:51
4330,31,83,8,3,1,7,20230704,36,2025-11-16 08:20:51
4331,35,33,15,3,1,8,20230704,86,2025-11-16 08:20:51
4332,38,14,2,3,2,9,20230704,238,2025-11-16 08:20:51
4333,37,29,2,3,2,10,20230704,280,2025-11-16 08:20:51
4334,37,29,2,3,2,11,20230704,349,2025-11-16 08:20:51
4335,39,36,1,3,2,12,20230704,447,2025-11-16 08:20:51
4336,39,37,1,3,2,13,20230704,423,2025-11-16 08:20:51
4337,41,16,1,3,1,14,20230704,408,2025-11-16 08:20:51
4338,40,22,2,3,1,15,20230704,408,2025-11-16 08:20:51
4339,40,49,1,3,1,16,20230704,452,2025-11-16 08:20:51
4340,41,16,1,3,1,17,20230704,436,2025-11-16 08:20:51
4341,41,16,8,3,1,18,20230704,418,2025-11-16 08:20:51
4342,39,37,9,3,2,19,20230704,375,2025-11-16 08:20:51
4343,37,29,15,3,2,20,20230704,386,2025-11-16 08:20:51
4344,36,52,15,3,2,21,20230704,457,2025-11-16 08:20:51
4345,36,52,8,3,2,22,20230704,326,2025-11-16 08:20:51
4346,38,57,15,3,2,23,20230704,138,2025-11-16 08:20:51
4347,35,56,9,3,2,0,20230705,55,2025-11-16 08:20:51
4348,35,56,15,3,1,1,20230705,39,2025-11-16 08:20:51
4349,31,33,2,3,1,2,20230705,13,2025-11-16 08:20:51
4350,31,33,7,3,1,3,20230705,8,2025-11-16 08:20:51
4351,31,28,9,3,1,4,20230705,5,2025-11-16 08:20:51
4352,31,28,1,3,1,5,20230705,20,2025-11-16 08:20:51
4353,31,33,2,3,1,6,20230705,94,2025-11-16 08:20:51
4354,35,56,2,3,1,7,20230705,270,2025-11-16 08:20:51
4355,38,52,8,3,1,8,20230705,432,2025-11-16 08:20:51
4356,36,53,8,3,1,9,20230705,227,2025-11-16 08:20:51
4357,37,36,15,3,1,10,20230705,139,2025-11-16 08:20:51
4358,39,16,15,3,1,11,20230705,172,2025-11-16 08:20:51
4359,41,22,15,3,1,12,20230705,201,2025-11-16 08:20:51
4360,40,22,15,3,1,13,20230705,203,2025-11-16 08:20:51
4361,41,37,9,3,1,14,20230705,178,2025-11-16 08:20:51
4362,40,22,1,3,1,15,20230705,162,2025-11-16 08:20:51
4363,40,16,15,3,1,16,20230705,281,2025-11-16 08:20:51
4364,40,16,15,3,1,17,20230705,545,2025-11-16 08:20:51
4365,41,29,9,3,1,18,20230705,496,2025-11-16 08:20:51
4366,41,30,8,3,1,19,20230705,368,2025-11-16 08:20:51
4367,37,14,15,3,1,20,20230705,284,2025-11-16 08:20:51
4368,39,52,3,3,1,21,20230705,245,2025-11-16 08:20:51
4369,37,14,7,3,1,22,20230705,155,2025-11-16 08:20:51
4370,36,14,9,3,1,23,20230705,73,2025-11-16 08:20:51
4371,38,33,6,3,1,0,20230706,37,2025-11-16 08:20:51
4372,35,33,8,3,1,1,20230706,15,2025-11-16 08:20:51
4373,35,87,2,3,1,2,20230706,5,2025-11-16 08:20:51
4374,35,87,1,3,1,3,20230706,6,2025-11-16 08:20:51
4375,34,83,2,3,2,4,20230706,6,2025-11-16 08:20:51
4376,34,83,2,3,1,5,20230706,35,2025-11-16 08:20:51
4377,35,87,2,3,1,6,20230706,121,2025-11-16 08:20:51
4378,38,87,1,3,2,7,20230706,312,2025-11-16 08:20:51
4379,38,33,15,3,2,8,20230706,428,2025-11-16 08:20:51
4380,35,87,6,3,3,9,20230706,189,2025-11-16 08:20:51
4381,35,87,2,3,3,10,20230706,43,2025-11-16 08:20:51
4382,38,33,1,3,2,11,20230706,127,2025-11-16 08:20:51
4383,36,14,2,3,2,12,20230706,152,2025-11-16 08:20:51
4384,36,57,15,3,2,13,20230706,140,2025-11-16 08:20:51
4385,37,14,4,3,1,14,20230706,163,2025-11-16 08:20:51
4386,37,57,4,3,1,15,20230706,185,2025-11-16 08:20:51
4387,37,57,3,3,1,16,20230706,275,2025-11-16 08:20:51
4388,39,30,7,3,1,17,20230706,596,2025-11-16 08:20:51
4389,37,52,6,3,1,18,20230706,563,2025-11-16 08:20:51
4390,36,57,7,3,1,19,20230706,394,2025-11-16 08:20:51
4391,38,33,3,3,1,20,20230706,312,2025-11-16 08:20:51
4392,35,87,6,3,1,21,20230706,241,2025-11-16 08:20:51
4393,35,87,6,3,1,22,20230706,186,2025-11-16 08:20:51
4394,34,83,7,3,1,23,20230706,98,2025-11-16 08:20:51
4395,31,86,8,3,1,0,20230707,35,2025-11-16 08:20:51
4396,31,86,6,3,1,1,20230707,16,2025-11-16 08:20:51
4397,31,86,6,3,1,2,20230707,8,2025-11-16 08:20:51
4398,32,11,15,3,1,3,20230707,4,2025-11-16 08:20:51
4399,32,86,15,3,1,4,20230707,4,2025-11-16 08:20:51
4400,32,86,15,3,1,5,20230707,32,2025-11-16 08:20:51
4401,32,86,8,3,2,6,20230707,118,2025-11-16 08:20:51
4402,31,86,15,3,2,7,20230707,292,2025-11-16 08:20:51
4403,35,87,6,3,2,8,20230707,443,2025-11-16 08:20:51
4404,36,57,9,3,1,9,20230707,179,2025-11-16 08:20:51
4405,39,52,1,3,1,10,20230707,101,2025-11-16 08:20:51
4406,40,36,8,3,1,11,20230707,142,2025-11-16 08:20:51
4407,45,49,1,3,1,12,20230707,171,2025-11-16 08:20:51
4408,42,49,1,3,1,13,20230707,155,2025-11-16 08:20:51
4409,42,49,3,3,1,14,20230707,160,2025-11-16 08:20:51
4410,42,49,3,3,1,15,20230707,166,2025-11-16 08:20:51
4411,42,18,7,3,1,16,20230707,265,2025-11-16 08:20:51
4412,42,43,3,3,1,17,20230707,569,2025-11-16 08:20:51
4413,45,19,5,3,1,18,20230707,562,2025-11-16 08:20:51
4414,40,36,4,3,1,19,20230707,365,2025-11-16 08:20:51
4415,37,53,12,3,1,20,20230707,285,2025-11-16 08:20:51
4416,36,52,9,3,1,21,20230707,209,2025-11-16 08:20:51
4417,36,52,9,3,1,22,20230707,182,2025-11-16 08:20:51
4418,38,14,1,3,1,23,20230707,129,2025-11-16 08:20:51
4419,36,14,15,3,1,0,20230708,47,2025-11-16 08:20:51
4420,38,87,1,3,1,1,20230708,34,2025-11-16 08:20:51
4421,35,33,9,3,2,2,20230708,22,2025-11-16 08:20:51
4422,34,87,15,3,1,3,20230708,6,2025-11-16 08:20:51
4423,35,87,3,3,1,4,20230708,11,2025-11-16 08:20:51
4424,34,87,3,3,1,5,20230708,27,2025-11-16 08:20:51
4425,35,33,15,3,1,6,20230708,102,2025-11-16 08:20:51
4426,35,87,6,3,2,7,20230708,332,2025-11-16 08:20:51
4427,38,33,3,3,2,8,20230708,457,2025-11-16 08:20:51
4428,37,57,5,3,2,9,20230708,241,2025-11-16 08:20:51
4429,36,57,12,3,2,10,20230708,138,2025-11-16 08:20:51
4430,36,33,3,3,2,11,20230708,165,2025-11-16 08:20:51
4431,37,57,4,3,2,12,20230708,213,2025-11-16 08:20:51
4432,39,14,4,3,2,13,20230708,229,2025-11-16 08:20:51
4433,41,31,12,3,2,14,20230708,216,2025-11-16 08:20:51
4434,41,31,12,3,2,15,20230708,141,2025-11-16 08:20:51
4435,34,83,11,3,3,16,20230708,132,2025-11-16 08:20:51
4436,31,86,11,3,3,17,20230708,167,2025-11-16 08:20:51
4437,31,83,2,3,1,18,20230708,316,2025-11-16 08:20:51
4438,31,83,2,3,1,19,20230708,270,2025-11-16 08:20:51
4439,31,83,9,3,1,20,20230708,250,2025-11-16 08:20:51
4440,31,83,3,3,2,21,20230708,204,2025-11-16 08:20:51
4441,31,84,6,3,2,22,20230708,169,2025-11-16 08:20:51
4442,31,84,2,3,2,23,20230708,151,2025-11-16 08:20:51
4443,31,83,8,3,2,0,20230709,121,2025-11-16 08:20:51
4444,32,86,15,3,2,1,20230709,53,2025-11-16 08:20:51
4445,32,86,9,3,1,2,20230709,55,2025-11-16 08:20:51
4446,32,86,8,3,1,3,20230709,30,2025-11-16 08:20:51
4447,32,83,7,3,1,4,20230709,6,2025-11-16 08:20:51
4448,33,9,9,3,2,5,20230709,15,2025-11-16 08:20:51
4449,32,83,6,3,2,6,20230709,38,2025-11-16 08:20:51
4450,31,84,6,3,1,7,20230709,71,2025-11-16 08:20:51
4451,35,57,3,3,1,8,20230709,182,2025-11-16 08:20:51
4452,36,53,4,3,1,9,20230709,247,2025-11-16 08:20:51
4453,37,36,9,3,1,10,20230709,264,2025-11-16 08:20:51
4454,39,16,5,3,1,11,20230709,290,2025-11-16 08:20:51
4455,41,16,3,3,1,12,20230709,366,2025-11-16 08:20:51
4456,40,49,7,3,1,13,20230709,416,2025-11-16 08:20:51
4457,45,43,8,3,1,14,20230709,373,2025-11-16 08:20:51
4458,45,47,2,3,1,15,20230709,402,2025-11-16 08:20:51
4459,40,42,1,3,1,16,20230709,416,2025-11-16 08:20:51
4460,45,26,1,3,1,17,20230709,401,2025-11-16 08:20:51
4461,40,43,15,3,1,18,20230709,378,2025-11-16 08:20:51
4462,37,29,9,3,1,19,20230709,306,2025-11-16 08:20:51
4463,37,53,7,3,1,20,20230709,314,2025-11-16 08:20:51
4464,36,53,9,3,1,21,20230709,238,2025-11-16 08:20:51
4465,38,52,9,3,1,22,20230709,214,2025-11-16 08:20:51
4466,38,53,6,3,1,23,20230709,140,2025-11-16 08:20:51
4467,35,54,9,3,1,0,20230710,154,2025-11-16 08:20:51
4468,35,54,8,3,1,1,20230710,113,2025-11-16 08:20:51
4469,34,28,2,3,1,2,20230710,96,2025-11-16 08:20:51
4470,31,33,2,3,1,3,20230710,25,2025-11-16 08:20:51
4471,31,28,2,3,1,4,20230710,5,2025-11-16 08:20:51
4472,31,33,1,3,1,5,20230710,17,2025-11-16 08:20:51
4473,32,84,2,3,1,6,20230710,25,2025-11-16 08:20:51
4474,35,57,2,3,1,7,20230710,65,2025-11-16 08:20:51
4475,38,14,1,3,1,8,20230710,92,2025-11-16 08:20:51
4476,36,14,2,3,1,9,20230710,169,2025-11-16 08:20:51
4477,37,29,8,3,1,10,20230710,268,2025-11-16 08:20:51
4478,39,29,6,3,1,11,20230710,287,2025-11-16 08:20:51
4479,40,16,4,3,1,12,20230710,377,2025-11-16 08:20:51
4480,41,16,5,3,1,13,20230710,367,2025-11-16 08:20:51
4481,40,49,10,3,1,14,20230710,349,2025-11-16 08:20:51
4482,45,18,4,3,1,15,20230710,361,2025-11-16 08:20:51
4483,45,49,4,3,1,16,20230710,372,2025-11-16 08:20:51
4484,45,43,7,3,1,17,20230710,363,2025-11-16 08:20:51
4485,40,22,4,3,1,18,20230710,363,2025-11-16 08:20:51
4486,41,37,10,3,1,19,20230710,303,2025-11-16 08:20:51
4487,37,29,6,3,1,20,20230710,268,2025-11-16 08:20:51
4488,36,52,3,3,1,21,20230710,227,2025-11-16 08:20:51
4489,36,14,7,3,1,22,20230710,143,2025-11-16 08:20:51
4490,38,14,3,3,1,23,20230710,72,2025-11-16 08:20:51
4491,35,56,6,3,1,0,20230711,35,2025-11-16 08:20:51
4492,35,54,4,3,1,1,20230711,10,2025-11-16 08:20:51
4493,35,54,7,3,1,2,20230711,12,2025-11-16 08:20:51
4494,34,56,9,3,1,3,20230711,10,2025-11-16 08:20:51
4495,31,33,7,3,1,4,20230711,4,2025-11-16 08:20:51
4496,31,33,8,3,1,5,20230711,26,2025-11-16 08:20:51
4497,34,33,6,3,1,6,20230711,121,2025-11-16 08:20:51
4498,35,33,3,3,1,7,20230711,317,2025-11-16 08:20:51
4499,36,14,4,3,1,8,20230711,420,2025-11-16 08:20:51
4500,39,30,5,3,1,9,20230711,208,2025-11-16 08:20:51
4501,41,29,12,3,1,10,20230711,117,2025-11-16 08:20:51
4502,40,35,5,3,1,11,20230711,128,2025-11-16 08:20:51
4503,45,46,4,3,1,12,20230711,148,2025-11-16 08:20:51
4504,42,21,3,3,1,13,20230711,141,2025-11-16 08:20:51
4505,42,46,4,3,1,14,20230711,134,2025-11-16 08:20:51
4506,42,35,13,3,1,15,20230711,146,2025-11-16 08:20:51
4507,42,35,14,3,1,16,20230711,239,2025-11-16 08:20:51
4508,42,35,13,3,1,17,20230711,514,2025-11-16 08:20:51
4509,42,46,14,3,1,18,20230711,472,2025-11-16 08:20:51
4510,45,30,10,3,1,19,20230711,373,2025-11-16 08:20:51
4511,38,33,13,3,1,20,20230711,236,2025-11-16 08:20:51
4512,35,87,13,3,1,21,20230711,130,2025-11-16 08:20:51
4513,38,33,8,3,1,22,20230711,90,2025-11-16 08:20:51
4514,35,87,8,3,1,23,20230711,55,2025-11-16 08:20:51
4515,35,87,8,3,1,0,20230712,22,2025-11-16 08:20:51
4516,35,87,2,3,1,1,20230712,14,2025-11-16 08:20:51
4517,35,87,15,3,1,2,20230712,9,2025-11-16 08:20:51
4518,35,87,1,3,2,3,20230712,8,2025-11-16 08:20:51
4519,35,87,9,3,1,4,20230712,6,2025-11-16 08:20:51
4520,35,87,2,3,1,5,20230712,25,2025-11-16 08:20:51
4521,36,53,7,3,1,6,20230712,115,2025-11-16 08:20:51
4522,37,29,6,3,1,7,20230712,330,2025-11-16 08:20:51
4523,37,53,7,3,1,8,20230712,417,2025-11-16 08:20:51
4524,39,29,16,3,1,9,20230712,176,2025-11-16 08:20:51
4525,40,36,9,3,1,10,20230712,123,2025-11-16 08:20:51
4526,40,36,9,3,1,11,20230712,125,2025-11-16 08:20:51
4527,42,19,5,3,1,12,20230712,163,2025-11-16 08:20:51
4528,42,20,7,3,1,13,20230712,136,2025-11-16 08:20:51
4529,44,17,5,3,1,14,20230712,124,2025-11-16 08:20:51
4530,44,17,12,3,1,15,20230712,148,2025-11-16 08:20:51
4531,42,19,4,3,1,16,20230712,202,2025-11-16 08:20:51
4532,43,19,4,3,1,17,20230712,428,2025-11-16 08:20:51
4533,42,20,5,3,1,18,20230712,511,2025-11-16 08:20:51
4534,45,19,4,3,1,19,20230712,337,2025-11-16 08:20:51
4535,40,22,6,3,1,20,20230712,308,2025-11-16 08:20:51
4536,40,22,15,3,1,21,20230712,258,2025-11-16 08:20:51
4537,41,16,8,3,1,22,20230712,194,2025-11-16 08:20:51
4538,39,36,1,3,1,23,20230712,79,2025-11-16 08:20:51
4539,37,52,1,3,1,0,20230713,46,2025-11-16 08:20:51
4540,37,29,1,3,1,1,20230713,12,2025-11-16 08:20:51
4541,37,29,1,3,1,2,20230713,5,2025-11-16 08:20:51
4542,36,53,6,3,1,3,20230713,4,2025-11-16 08:20:51
4543,36,53,3,3,1,4,20230713,5,2025-11-16 08:20:51
4544,36,53,6,3,1,5,20230713,26,2025-11-16 08:20:51
4545,36,53,9,3,1,6,20230713,121,2025-11-16 08:20:51
4546,37,29,3,3,1,7,20230713,313,2025-11-16 08:20:51
4547,41,37,3,3,1,8,20230713,449,2025-11-16 08:20:51
4548,40,49,6,3,1,9,20230713,186,2025-11-16 08:20:51
4549,40,16,6,3,1,10,20230713,113,2025-11-16 08:20:51
4550,45,18,9,3,1,11,20230713,165,2025-11-16 08:20:51
4551,45,49,4,3,1,12,20230713,174,2025-11-16 08:20:51
4552,40,16,8,3,3,13,20230713,158,2025-11-16 08:20:51
4553,40,16,8,3,3,14,20230713,116,2025-11-16 08:20:51
4554,32,11,8,3,3,15,20230713,46,2025-11-16 08:20:51
4555,31,86,1,3,2,16,20230713,141,2025-11-16 08:20:51
4556,35,87,1,3,1,17,20230713,488,2025-11-16 08:20:51
4557,38,87,8,3,1,18,20230713,463,2025-11-16 08:20:51
4558,35,87,15,3,1,19,20230713,419,2025-11-16 08:20:51
4559,35,85,9,3,1,20,20230713,342,2025-11-16 08:20:51
4560,35,87,15,3,1,21,20230713,250,2025-11-16 08:20:51
4561,34,83,6,3,1,22,20230713,184,2025-11-16 08:20:51
4562,31,83,3,3,1,23,20230713,116,2025-11-16 08:20:51
4563,31,28,5,3,1,0,20230714,46,2025-11-16 08:20:51
4564,31,54,3,3,1,1,20230714,25,2025-11-16 08:20:51
4565,32,15,5,3,1,2,20230714,10,2025-11-16 08:20:51
4566,33,15,5,3,1,3,20230714,6,2025-11-16 08:20:51
4567,33,46,3,3,1,4,20230714,6,2025-11-16 08:20:51
4568,27,35,7,3,1,5,20230714,28,2025-11-16 08:20:51
4569,27,55,7,3,1,6,20230714,130,2025-11-16 08:20:51
4570,33,46,3,3,1,7,20230714,334,2025-11-16 08:20:51
4571,32,21,12,3,1,8,20230714,486,2025-11-16 08:20:51
4572,34,20,4,3,1,9,20230714,224,2025-11-16 08:20:51
4573,35,17,3,3,1,10,20230714,127,2025-11-16 08:20:51
4574,38,39,7,3,1,11,20230714,148,2025-11-16 08:20:51
4575,36,24,3,3,1,12,20230714,223,2025-11-16 08:20:51
4576,37,40,10,3,1,13,20230714,177,2025-11-16 08:20:51
4577,36,24,4,3,1,14,20230714,178,2025-11-16 08:20:51
4578,37,40,5,3,1,15,20230714,180,2025-11-16 08:20:51
4579,37,40,8,3,1,16,20230714,274,2025-11-16 08:20:51
4580,36,39,8,3,1,17,20230714,595,2025-11-16 08:20:51
4581,38,17,6,3,1,18,20230714,578,2025-11-16 08:20:51
4582,38,18,7,3,1,19,20230714,400,2025-11-16 08:20:51
4583,35,17,7,3,1,20,20230714,348,2025-11-16 08:20:51
4584,31,21,8,3,1,21,20230714,261,2025-11-16 08:20:51
4585,32,15,2,3,1,22,20230714,176,2025-11-16 08:20:51
4586,32,56,3,3,1,23,20230714,124,2025-11-16 08:20:51
4587,33,63,7,3,1,0,20230715,80,2025-11-16 08:20:51
4588,33,63,6,3,1,1,20230715,20,2025-11-16 08:20:51
4589,27,84,9,3,1,2,20230715,38,2025-11-16 08:20:51
4590,27,63,6,3,1,3,20230715,7,2025-11-16 08:20:51
4591,27,63,9,3,1,4,20230715,10,2025-11-16 08:20:51
4592,27,63,8,3,1,5,20230715,23,2025-11-16 08:20:51
4593,27,63,15,3,2,6,20230715,120,2025-11-16 08:20:51
4594,32,56,15,3,1,7,20230715,274,2025-11-16 08:20:51
4595,32,56,3,3,1,8,20230715,564,2025-11-16 08:20:51
4596,34,48,6,3,1,9,20230715,207,2025-11-16 08:20:51
4597,31,54,9,3,2,10,20230715,166,2025-11-16 08:20:51
4598,35,48,8,3,1,11,20230715,210,2025-11-16 08:20:51
4599,35,38,6,3,1,12,20230715,238,2025-11-16 08:20:51
4600,35,48,6,3,1,13,20230715,247,2025-11-16 08:20:51
4601,35,34,6,3,1,14,20230715,265,2025-11-16 08:20:51
4602,38,50,9,3,1,15,20230715,237,2025-11-16 08:20:51
4603,38,34,6,3,1,16,20230715,361,2025-11-16 08:20:51
4604,36,17,3,3,1,17,20230715,587,2025-11-16 08:20:51
4605,38,50,7,3,1,18,20230715,496,2025-11-16 08:20:51
4606,35,50,7,3,1,19,20230715,394,2025-11-16 08:20:51
4607,35,34,7,3,1,20,20230715,343,2025-11-16 08:20:51
4608,31,48,15,3,1,21,20230715,261,2025-11-16 08:20:51
4609,31,15,7,3,1,22,20230715,223,2025-11-16 08:20:51
4610,32,54,9,3,1,23,20230715,167,2025-11-16 08:20:51
4611,33,56,6,3,1,0,20230716,110,2025-11-16 08:20:51
4612,27,28,15,3,1,1,20230716,75,2025-11-16 08:20:51
4613,27,63,8,3,1,2,20230716,58,2025-11-16 08:20:51
4614,27,84,8,3,1,3,20230716,26,2025-11-16 08:20:51
4615,27,63,2,3,1,4,20230716,16,2025-11-16 08:20:51
4616,26,84,2,3,1,5,20230716,10,2025-11-16 08:20:51
4617,27,84,9,3,1,6,20230716,37,2025-11-16 08:20:51
4618,33,63,8,3,1,7,20230716,52,2025-11-16 08:20:51
4619,31,56,9,3,1,8,20230716,127,2025-11-16 08:20:51
4620,35,48,7,3,1,9,20230716,222,2025-11-16 08:20:51
4621,38,48,6,3,1,10,20230716,322,2025-11-16 08:20:51
4622,36,38,7,3,1,11,20230716,396,2025-11-16 08:20:51
4623,37,22,4,3,1,12,20230716,463,2025-11-16 08:20:51
4624,37,50,5,3,1,13,20230716,497,2025-11-16 08:20:51
4625,36,50,5,3,1,14,20230716,433,2025-11-16 08:20:51
4626,37,50,10,3,1,15,20230716,428,2025-11-16 08:20:51
4627,37,50,4,3,1,16,20230716,425,2025-11-16 08:20:51
4628,37,50,7,3,1,17,20230716,475,2025-11-16 08:20:51
4629,37,50,4,3,1,18,20230716,428,2025-11-16 08:20:51
4630,36,38,6,3,1,19,20230716,406,2025-11-16 08:20:51
4631,38,34,7,3,1,20,20230716,296,2025-11-16 08:20:51
4632,35,53,7,3,1,21,20230716,252,2025-11-16 08:20:51
4633,35,56,4,3,1,22,20230716,201,2025-11-16 08:20:51
4634,34,54,7,3,1,23,20230716,168,2025-11-16 08:20:51
4635,31,56,7,3,1,0,20230717,125,2025-11-16 08:20:51
4636,32,28,6,3,1,1,20230717,102,2025-11-16 08:20:51
4637,32,28,7,3,1,2,20230717,94,2025-11-16 08:20:51
4638,32,28,7,3,1,3,20230717,47,2025-11-16 08:20:51
4639,33,63,9,3,1,4,20230717,10,2025-11-16 08:20:51
4640,32,28,7,3,1,5,20230717,12,2025-11-16 08:20:51
4641,33,63,9,3,1,6,20230717,21,2025-11-16 08:20:51
4642,32,63,9,3,1,7,20230717,50,2025-11-16 08:20:51
4643,34,56,7,3,1,8,20230717,118,2025-11-16 08:20:51
4644,38,53,7,3,1,9,20230717,184,2025-11-16 08:20:51
4645,36,55,7,3,1,10,20230717,304,2025-11-16 08:20:51
4646,37,29,4,3,1,11,20230717,391,2025-11-16 08:20:51
4647,37,29,4,3,1,12,20230717,420,2025-11-16 08:20:51
4648,41,37,5,3,1,13,20230717,472,2025-11-16 08:20:51
4649,41,37,12,3,1,14,20230717,430,2025-11-16 08:20:51
4650,40,22,5,3,1,15,20230717,324,2025-11-16 08:20:51
4651,41,16,5,3,1,16,20230717,317,2025-11-16 08:20:51
4652,41,37,14,3,1,17,20230717,369,2025-11-16 08:20:51
4653,41,16,5,3,1,18,20230717,390,2025-11-16 08:20:51
4654,37,29,4,3,1,19,20230717,379,2025-11-16 08:20:51
4655,37,53,3,3,1,20,20230717,262,2025-11-16 08:20:51
4656,36,52,7,3,1,21,20230717,207,2025-11-16 08:20:51
4657,38,14,7,3,1,22,20230717,181,2025-11-16 08:20:51
4658,35,33,8,3,1,23,20230717,93,2025-11-16 08:20:51
4659,35,33,8,3,1,0,20230718,51,2025-11-16 08:20:51
4660,35,33,7,3,1,1,20230718,25,2025-11-16 08:20:51
4661,31,83,7,3,1,2,20230718,10,2025-11-16 08:20:51
4662,31,84,6,3,1,3,20230718,7,2025-11-16 08:20:51
4663,32,84,9,3,1,4,20230718,4,2025-11-16 08:20:51
4664,32,84,15,3,1,5,20230718,17,2025-11-16 08:20:51
4665,32,83,15,3,1,6,20230718,105,2025-11-16 08:20:51
4666,34,33,7,3,1,7,20230718,277,2025-11-16 08:20:51
4667,35,57,6,3,1,8,20230718,347,2025-11-16 08:20:51
4668,36,69,7,3,1,9,20230718,203,2025-11-16 08:20:51
4669,37,52,6,3,1,10,20230718,130,2025-11-16 08:20:51
4670,41,29,2,3,1,11,20230718,141,2025-11-16 08:20:51
4671,41,30,6,3,1,12,20230718,165,2025-11-16 08:20:51
4672,40,35,3,3,1,13,20230718,152,2025-11-16 08:20:51
4673,40,35,10,3,1,14,20230718,138,2025-11-16 08:20:51
4674,45,46,10,3,1,15,20230718,164,2025-11-16 08:20:51
4675,45,46,4,3,1,16,20230718,265,2025-11-16 08:20:51
4676,45,37,10,3,1,17,20230718,545,2025-11-16 08:20:51
4677,40,37,12,3,1,18,20230718,558,2025-11-16 08:20:51
4678,41,29,7,3,1,19,20230718,398,2025-11-16 08:20:51
4679,39,30,7,3,1,20,20230718,323,2025-11-16 08:20:51
4680,36,14,6,3,1,21,20230718,202,2025-11-16 08:20:51
4681,37,14,7,3,1,22,20230718,140,2025-11-16 08:20:51
4682,36,14,9,3,1,23,20230718,91,2025-11-16 08:20:51
4683,36,14,15,3,1,0,20230719,51,2025-11-16 08:20:51
4684,36,14,8,3,2,1,20230719,13,2025-11-16 08:20:51
4685,38,57,9,3,1,2,20230719,13,2025-11-16 08:20:51
4686,38,57,9,3,1,3,20230719,3,2025-11-16 08:20:51
4687,38,57,8,3,1,4,20230719,5,2025-11-16 08:20:51
4688,35,33,15,3,2,5,20230719,19,2025-11-16 08:20:51
4689,38,33,15,3,2,6,20230719,134,2025-11-16 08:20:51
4690,36,57,9,3,2,7,20230719,315,2025-11-16 08:20:51
4691,37,57,9,3,2,8,20230719,412,2025-11-16 08:20:51
4692,41,31,8,3,2,9,20230719,199,2025-11-16 08:20:51
4693,40,35,9,3,2,10,20230719,141,2025-11-16 08:20:51
4694,40,30,1,3,1,11,20230719,127,2025-11-16 08:20:51
4695,45,35,2,3,1,12,20230719,153,2025-11-16 08:20:51
4696,42,46,15,3,1,13,20230719,172,2025-11-16 08:20:51
4697,42,21,6,3,1,14,20230719,152,2025-11-16 08:20:51
4698,43,19,6,3,1,15,20230719,158,2025-11-16 08:20:51
4699,44,17,5,3,1,16,20230719,277,2025-11-16 08:20:51
4700,41,14,1,3,1,17,20230719,513,2025-11-16 08:20:51
4701,41,14,8,3,1,18,20230719,530,2025-11-16 08:20:51
4702,37,3,6,3,1,19,20230719,388,2025-11-16 08:20:51
4703,36,33,2,3,1,20,20230719,277,2025-11-16 08:20:51
4704,36,33,8,3,1,21,20230719,241,2025-11-16 08:20:51
4705,36,33,1,3,1,22,20230719,156,2025-11-16 08:20:51
4706,38,87,9,3,3,23,20230719,92,2025-11-16 08:20:51
4707,35,85,15,3,1,0,20230720,40,2025-11-16 08:20:51
4708,35,85,1,3,1,1,20230720,11,2025-11-16 08:20:51
4709,35,85,1,3,1,2,20230720,9,2025-11-16 08:20:51
4710,35,85,15,3,1,3,20230720,6,2025-11-16 08:20:51
4711,34,83,1,3,1,4,20230720,4,2025-11-16 08:20:51
4712,34,83,15,3,1,5,20230720,23,2025-11-16 08:20:51
4713,34,86,15,3,2,6,20230720,116,2025-11-16 08:20:51
4714,35,85,15,3,2,7,20230720,303,2025-11-16 08:20:51
4715,36,33,1,3,1,8,20230720,438,2025-11-16 08:20:51
4716,36,57,2,3,1,9,20230720,209,2025-11-16 08:20:51
4717,37,57,1,3,1,10,20230720,110,2025-11-16 08:20:51
4718,41,31,2,3,1,11,20230720,142,2025-11-16 08:20:51
4719,40,30,1,3,1,12,20230720,149,2025-11-16 08:20:51
4720,45,35,6,3,1,13,20230720,120,2025-11-16 08:20:51
4721,42,46,7,3,1,14,20230720,127,2025-11-16 08:20:51
4722,42,21,9,3,1,15,20230720,138,2025-11-16 08:20:51
4723,45,35,1,3,1,16,20230720,234,2025-11-16 08:20:51
4724,45,30,6,3,1,17,20230720,455,2025-11-16 08:20:51
4725,45,30,7,3,1,18,20230720,497,2025-11-16 08:20:51
4726,40,69,9,3,1,19,20230720,382,2025-11-16 08:20:51
4727,41,3,7,3,1,20,20230720,309,2025-11-16 08:20:51
4728,41,14,9,3,1,21,20230720,242,2025-11-16 08:20:51
4729,39,57,7,3,1,22,20230720,169,2025-11-16 08:20:51
4730,37,3,3,3,1,23,20230720,99,2025-11-16 08:20:51
4731,37,3,6,3,2,0,20230721,42,2025-11-16 08:20:51
4732,36,85,7,3,2,1,20230721,21,2025-11-16 08:20:51
4733,36,85,7,3,2,2,20230721,6,2025-11-16 08:20:51
4734,36,87,8,3,2,3,20230721,6,2025-11-16 08:20:51
4735,38,85,15,3,2,4,20230721,4,2025-11-16 08:20:51
4736,38,85,15,3,2,5,20230721,18,2025-11-16 08:20:51
4737,38,85,15,3,2,6,20230721,117,2025-11-16 08:20:51
4738,36,85,8,3,2,7,20230721,274,2025-11-16 08:20:51
4739,37,87,9,3,2,8,20230721,381,2025-11-16 08:20:51
4740,41,3,3,3,2,9,20230721,200,2025-11-16 08:20:51
4741,40,13,7,3,2,10,20230721,78,2025-11-16 08:20:51
4742,42,31,5,3,2,11,20230721,106,2025-11-16 08:20:51
4743,43,35,10,3,1,12,20230721,135,2025-11-16 08:20:51
4744,43,35,5,3,1,13,20230721,102,2025-11-16 08:20:51
4745,44,21,12,3,1,14,20230721,147,2025-11-16 08:20:51
4746,44,46,3,3,1,15,20230721,133,2025-11-16 08:20:51
4747,46,38,4,3,1,16,20230721,210,2025-11-16 08:20:51
4748,46,50,5,3,1,17,20230721,414,2025-11-16 08:20:51
4749,44,21,4,3,1,18,20230721,382,2025-11-16 08:20:51
4750,42,69,4,3,1,19,20230721,284,2025-11-16 08:20:51
4751,45,13,7,3,1,20,20230721,237,2025-11-16 08:20:51
4752,40,3,7,3,1,21,20230721,225,2025-11-16 08:20:51
4753,40,13,9,3,1,22,20230721,149,2025-11-16 08:20:51
4754,41,13,9,3,1,23,20230721,113,2025-11-16 08:20:51
4755,40,31,8,3,1,0,20230722,60,2025-11-16 08:20:51
4756,41,31,1,3,1,1,20230722,24,2025-11-16 08:20:51
4757,39,87,8,3,1,2,20230722,14,2025-11-16 08:20:51
4758,39,3,15,3,1,3,20230722,7,2025-11-16 08:20:51
4759,37,3,15,3,1,4,20230722,13,2025-11-16 08:20:51
4760,36,87,15,3,1,5,20230722,19,2025-11-16 08:20:51
4761,37,3,2,3,1,6,20230722,96,2025-11-16 08:20:51
4762,41,14,15,3,2,7,20230722,252,2025-11-16 08:20:51
4763,45,31,9,3,2,8,20230722,322,2025-11-16 08:20:51
4764,42,31,2,3,1,9,20230722,208,2025-11-16 08:20:51
4765,44,46,2,3,1,10,20230722,115,2025-11-16 08:20:51
4766,44,21,15,3,1,11,20230722,109,2025-11-16 08:20:51
4767,47,38,9,3,1,12,20230722,115,2025-11-16 08:20:51
4768,47,34,9,3,1,13,20230722,123,2025-11-16 08:20:51
4769,48,38,5,3,1,14,20230722,101,2025-11-16 08:20:51
4770,47,34,5,3,1,15,20230722,133,2025-11-16 08:20:51
4771,44,18,5,3,3,16,20230722,182,2025-11-16 08:20:51
4772,43,20,15,3,1,17,20230722,306,2025-11-16 08:20:51
4773,44,39,9,3,1,18,20230722,284,2025-11-16 08:20:51
4774,42,49,15,3,2,19,20230722,250,2025-11-16 08:20:51
4775,45,35,1,3,1,20,20230722,212,2025-11-16 08:20:51
4776,40,30,2,3,1,21,20230722,190,2025-11-16 08:20:51
4777,45,37,2,3,2,22,20230722,149,2025-11-16 08:20:51
4778,41,31,6,3,1,23,20230722,103,2025-11-16 08:20:51
4779,40,35,1,3,1,0,20230723,101,2025-11-16 08:20:51
4780,40,36,15,3,1,1,20230723,70,2025-11-16 08:20:51
4781,40,36,1,3,1,2,20230723,61,2025-11-16 08:20:51
4782,39,14,2,3,1,3,20230723,22,2025-11-16 08:20:51
4783,37,14,15,3,1,4,20230723,9,2025-11-16 08:20:51
4784,37,52,8,3,1,5,20230723,7,2025-11-16 08:20:51
4785,41,36,8,3,1,6,20230723,25,2025-11-16 08:20:51
4786,41,36,15,3,1,7,20230723,45,2025-11-16 08:20:51
4787,45,37,3,3,1,8,20230723,109,2025-11-16 08:20:51
4788,45,37,9,3,1,9,20230723,132,2025-11-16 08:20:51
4789,42,49,7,3,1,10,20230723,198,2025-11-16 08:20:51
4790,44,39,6,3,1,11,20230723,216,2025-11-16 08:20:51
4791,46,39,15,3,1,12,20230723,235,2025-11-16 08:20:51
4792,47,42,9,3,1,13,20230723,245,2025-11-16 08:20:51
4793,46,17,1,3,1,14,20230723,236,2025-11-16 08:20:51
4794,47,42,1,3,1,15,20230723,215,2025-11-16 08:20:51
4795,47,42,8,3,1,16,20230723,221,2025-11-16 08:20:51
4796,47,42,8,3,1,17,20230723,197,2025-11-16 08:20:51
4797,46,23,7,3,1,18,20230723,196,2025-11-16 08:20:51
4798,40,30,8,3,2,19,20230723,217,2025-11-16 08:20:51
4799,40,30,7,3,1,20,20230723,145,2025-11-16 08:20:51
4800,40,30,7,3,1,21,20230723,154,2025-11-16 08:20:51
4801,41,30,6,3,1,22,20230723,125,2025-11-16 08:20:51
4802,41,30,15,3,1,23,20230723,104,2025-11-16 08:20:51
4803,41,30,15,3,1,0,20230724,119,2025-11-16 08:20:51
4804,39,14,15,3,1,1,20230724,96,2025-11-16 08:20:51
4805,41,31,2,3,1,2,20230724,60,2025-11-16 08:20:51
4806,41,31,2,3,1,3,20230724,37,2025-11-16 08:20:51
4807,39,14,15,3,1,4,20230724,6,2025-11-16 08:20:51
4808,39,14,2,3,1,5,20230724,8,2025-11-16 08:20:51
4809,41,31,2,3,2,6,20230724,22,2025-11-16 08:20:51
4810,41,30,8,3,1,7,20230724,35,2025-11-16 08:20:51
4811,40,35,4,3,1,8,20230724,104,2025-11-16 08:20:51
4812,40,35,14,3,1,9,20230724,154,2025-11-16 08:20:51
4813,42,21,10,3,1,10,20230724,226,2025-11-16 08:20:51
4814,45,46,3,3,1,11,20230724,243,2025-11-16 08:20:51
4815,44,50,9,3,1,12,20230724,246,2025-11-16 08:20:51
4816,42,20,7,3,1,13,20230724,252,2025-11-16 08:20:51
4817,42,21,4,3,1,14,20230724,283,2025-11-16 08:20:51
4818,44,17,3,3,1,15,20230724,238,2025-11-16 08:20:51
4819,44,17,3,3,1,16,20230724,249,2025-11-16 08:20:51
4820,44,18,15,3,1,17,20230724,249,2025-11-16 08:20:51
4821,43,17,9,3,1,18,20230724,243,2025-11-16 08:20:51
4822,42,20,9,3,1,19,20230724,240,2025-11-16 08:20:51
4823,45,37,9,3,1,20,20230724,195,2025-11-16 08:20:51
4824,41,31,8,3,1,21,20230724,153,2025-11-16 08:20:51
4825,39,14,1,3,1,22,20230724,98,2025-11-16 08:20:51
4826,37,57,2,3,2,23,20230724,50,2025-11-16 08:20:51
4827,37,57,1,3,2,0,20230725,34,2025-11-16 08:20:51
4828,37,3,2,3,2,1,20230725,12,2025-11-16 08:20:51
4829,36,87,2,3,2,2,20230725,6,2025-11-16 08:20:51
4830,36,87,1,3,1,3,20230725,4,2025-11-16 08:20:51
4831,38,85,2,3,1,4,20230725,6,2025-11-16 08:20:51
4832,38,85,2,3,1,5,20230725,24,2025-11-16 08:20:51
4833,38,85,2,3,2,6,20230725,107,2025-11-16 08:20:51
4834,36,87,1,3,2,7,20230725,277,2025-11-16 08:20:51
4835,37,3,1,3,2,8,20230725,387,2025-11-16 08:20:51
4836,41,14,1,3,1,9,20230725,135,2025-11-16 08:20:51
4837,40,30,1,3,1,10,20230725,84,2025-11-16 08:20:51
4838,45,30,6,3,2,11,20230725,107,2025-11-16 08:20:51
4839,45,30,6,3,2,12,20230725,67,2025-11-16 08:20:51
4840,36,33,8,3,2,13,20230725,78,2025-11-16 08:20:51
4841,38,87,6,3,2,14,20230725,90,2025-11-16 08:20:51
4842,35,85,14,3,1,15,20230725,112,2025-11-16 08:20:51
4843,35,85,7,3,1,16,20230725,198,2025-11-16 08:20:51
4844,38,33,1,3,1,17,20230725,485,2025-11-16 08:20:51
4845,36,33,2,3,1,18,20230725,533,2025-11-16 08:20:51
4846,36,57,2,3,1,19,20230725,386,2025-11-16 08:20:51
4847,38,33,8,3,1,20,20230725,302,2025-11-16 08:20:51
4848,35,85,1,3,1,21,20230725,194,2025-11-16 08:20:51
4849,35,85,1,3,1,22,20230725,125,2025-11-16 08:20:51
4850,35,85,2,3,1,23,20230725,87,2025-11-16 08:20:51
4851,35,87,15,3,1,0,20230726,28,2025-11-16 08:20:51
4852,35,87,15,3,1,1,20230726,12,2025-11-16 08:20:51
4853,34,86,15,3,1,2,20230726,7,2025-11-16 08:20:51
4854,34,86,8,3,1,3,20230726,4,2025-11-16 08:20:51
4855,34,9,9,3,1,4,20230726,6,2025-11-16 08:20:51
4856,31,86,2,3,1,5,20230726,27,2025-11-16 08:20:51
4857,34,83,7,3,1,6,20230726,110,2025-11-16 08:20:51
4858,38,14,4,3,1,7,20230726,318,2025-11-16 08:20:51
4859,36,29,6,3,1,8,20230726,424,2025-11-16 08:20:51
4860,37,23,7,3,1,9,20230726,187,2025-11-16 08:20:51
4861,41,62,7,3,1,10,20230726,138,2025-11-16 08:20:51
4862,40,25,1,3,1,11,20230726,151,2025-11-16 08:20:51
4863,45,41,1,3,1,12,20230726,147,2025-11-16 08:20:51
4864,45,26,5,3,1,13,20230726,182,2025-11-16 08:20:51
4865,42,25,4,3,1,14,20230726,147,2025-11-16 08:20:51
4866,43,41,10,3,1,15,20230726,163,2025-11-16 08:20:51
4867,42,43,4,3,1,16,20230726,254,2025-11-16 08:20:51
4868,42,43,12,3,1,17,20230726,537,2025-11-16 08:20:51
4869,45,18,14,3,1,18,20230726,546,2025-11-16 08:20:51
4870,40,22,5,3,1,19,20230726,398,2025-11-16 08:20:51
4871,41,16,3,3,1,20,20230726,290,2025-11-16 08:20:51
4872,39,37,7,3,1,21,20230726,267,2025-11-16 08:20:51
4873,37,29,8,3,1,22,20230726,158,2025-11-16 08:20:51
4874,37,53,15,3,1,23,20230726,89,2025-11-16 08:20:51
4875,39,36,9,3,2,0,20230727,45,2025-11-16 08:20:51
4876,39,37,6,3,1,1,20230727,10,2025-11-16 08:20:51
4877,37,36,5,3,1,2,20230727,6,2025-11-16 08:20:51
4878,38,53,9,3,1,3,20230727,4,2025-11-16 08:20:51
4879,38,34,6,3,1,4,20230727,4,2025-11-16 08:20:51
4880,35,48,4,3,1,5,20230727,18,2025-11-16 08:20:51
4881,35,48,7,3,1,6,20230727,123,2025-11-16 08:20:51
4882,38,38,3,3,1,7,20230727,347,2025-11-16 08:20:51
4883,36,17,3,3,1,8,20230727,433,2025-11-16 08:20:51
4884,37,24,3,3,1,9,20230727,216,2025-11-16 08:20:51
4885,39,40,1,3,1,10,20230727,114,2025-11-16 08:20:51
4886,41,62,1,3,1,11,20230727,136,2025-11-16 08:20:51
4887,40,25,4,3,1,12,20230727,169,2025-11-16 08:20:51
4888,45,25,12,3,1,13,20230727,180,2025-11-16 08:20:51
4889,45,41,7,3,1,14,20230727,127,2025-11-16 08:20:51
4890,42,61,3,3,1,15,20230727,140,2025-11-16 08:20:51
4891,42,60,9,3,1,16,20230727,268,2025-11-16 08:20:51
4892,45,61,7,3,1,17,20230727,572,2025-11-16 08:20:51
4893,40,41,15,3,1,18,20230727,541,2025-11-16 08:20:51
4894,41,45,2,3,1,19,20230727,375,2025-11-16 08:20:51
4895,37,50,7,3,1,20,20230727,294,2025-11-16 08:20:51
4896,36,38,15,3,1,21,20230727,245,2025-11-16 08:20:51
4897,38,38,1,3,1,22,20230727,180,2025-11-16 08:20:51
4898,36,50,2,3,1,23,20230727,109,2025-11-16 08:20:51
4899,35,34,8,3,1,0,20230728,45,2025-11-16 08:20:51
4900,38,34,1,3,1,1,20230728,29,2025-11-16 08:20:51
4901,38,48,15,3,1,2,20230728,7,2025-11-16 08:20:51
4902,38,48,1,3,1,3,20230728,5,2025-11-16 08:20:51
4903,35,54,15,3,1,4,20230728,6,2025-11-16 08:20:51
4904,35,56,15,3,1,5,20230728,27,2025-11-16 08:20:51
4905,35,57,2,3,1,6,20230728,116,2025-11-16 08:20:51
4906,38,57,9,3,1,7,20230728,305,2025-11-16 08:20:51
4907,36,14,9,3,1,8,20230728,456,2025-11-16 08:20:51
4908,39,30,6,3,1,9,20230728,210,2025-11-16 08:20:51
4909,41,29,4,3,1,10,20230728,116,2025-11-16 08:20:51
4910,45,35,4,3,1,11,20230728,154,2025-11-16 08:20:51
4911,45,46,3,3,1,12,20230728,186,2025-11-16 08:20:51
4912,42,20,3,3,1,13,20230728,152,2025-11-16 08:20:51
4913,45,37,3,3,2,14,20230728,138,2025-11-16 08:20:51
4914,42,21,6,3,1,15,20230728,146,2025-11-16 08:20:51
4915,42,20,9,3,1,16,20230728,256,2025-11-16 08:20:51
4916,45,46,6,3,1,17,20230728,468,2025-11-16 08:20:51
4917,45,35,7,3,1,18,20230728,483,2025-11-16 08:20:51
4918,40,30,6,3,1,19,20230728,322,2025-11-16 08:20:51
4919,41,31,6,3,1,20,20230728,270,2025-11-16 08:20:51
4920,39,14,4,3,1,21,20230728,196,2025-11-16 08:20:51
4921,37,57,3,3,1,22,20230728,174,2025-11-16 08:20:51
4922,37,3,6,3,1,23,20230728,123,2025-11-16 08:20:51
4923,36,87,9,3,1,0,20230729,57,2025-11-16 08:20:51
4924,36,87,8,3,1,1,20230729,34,2025-11-16 08:20:51
4925,36,87,1,3,1,2,20230729,13,2025-11-16 08:20:51
4926,36,87,1,3,1,3,20230729,11,2025-11-16 08:20:51
4927,38,85,8,3,1,4,20230729,6,2025-11-16 08:20:51
4928,38,85,1,3,1,5,20230729,27,2025-11-16 08:20:51
4929,38,85,1,3,2,6,20230729,90,2025-11-16 08:20:51
4930,36,87,2,3,2,7,20230729,254,2025-11-16 08:20:51
4931,37,6,1,3,2,8,20230729,384,2025-11-16 08:20:51
4932,42,20,3,3,1,9,20230729,179,2025-11-16 08:20:51
4933,44,17,4,3,1,10,20230729,106,2025-11-16 08:20:51
4934,46,23,5,3,1,11,20230729,161,2025-11-16 08:20:51
4935,48,62,4,3,1,12,20230729,135,2025-11-16 08:20:51
4936,47,62,1,3,1,13,20230729,156,2025-11-16 08:20:51
4937,48,25,7,3,1,14,20230729,148,2025-11-16 08:20:51
4938,48,25,3,3,1,15,20230729,169,2025-11-16 08:20:51
4939,48,25,14,3,1,16,20230729,233,2025-11-16 08:20:51
4940,48,25,5,3,1,17,20230729,421,2025-11-16 08:20:51
4941,46,39,10,3,1,18,20230729,362,2025-11-16 08:20:51
4942,44,17,7,3,1,19,20230729,241,2025-11-16 08:20:51
4943,42,49,10,3,1,20,20230729,206,2025-11-16 08:20:51
4944,40,16,9,3,1,21,20230729,163,2025-11-16 08:20:51
4945,41,37,7,3,1,22,20230729,174,2025-11-16 08:20:51
4946,39,36,15,3,1,23,20230729,116,2025-11-16 08:20:51
4947,37,29,6,3,1,0,20230730,133,2025-11-16 08:20:51
4948,37,29,2,3,1,1,20230730,90,2025-11-16 08:20:51
4949,37,29,15,3,1,2,20230730,42,2025-11-16 08:20:51
4950,36,52,9,3,1,3,20230730,43,2025-11-16 08:20:51
4951,38,14,9,3,1,4,20230730,10,2025-11-16 08:20:51
4952,38,57,4,3,1,5,20230730,13,2025-11-16 08:20:51
4953,38,57,5,3,1,6,20230730,24,2025-11-16 08:20:51
4954,37,14,6,3,1,7,20230730,42,2025-11-16 08:20:51
4955,39,30,7,3,1,8,20230730,114,2025-11-16 08:20:51
4956,40,16,5,3,1,9,20230730,174,2025-11-16 08:20:51
4957,40,49,5,3,1,10,20230730,261,2025-11-16 08:20:51
4958,45,43,6,3,1,11,20230730,317,2025-11-16 08:20:51
4959,45,26,9,3,1,12,20230730,341,2025-11-16 08:20:51
4960,43,45,1,3,1,13,20230730,308,2025-11-16 08:20:51
4961,44,45,1,3,1,14,20230730,305,2025-11-16 08:20:51
4962,44,62,8,3,1,15,20230730,302,2025-11-16 08:20:51
4963,44,58,7,3,1,16,20230730,302,2025-11-16 08:20:51
4964,44,45,15,3,1,17,20230730,302,2025-11-16 08:20:51
4965,43,41,6,3,1,18,20230730,299,2025-11-16 08:20:51
4966,36,40,7,3,1,19,20230730,256,2025-11-16 08:20:51
4967,40,22,8,3,1,20,20230730,206,2025-11-16 08:20:51
4968,41,37,9,3,1,21,20230730,205,2025-11-16 08:20:51
4969,39,36,15,3,1,22,20230730,209,2025-11-16 08:20:51
4970,37,29,2,3,1,23,20230730,177,2025-11-16 08:20:51
4971,37,29,2,3,1,0,20230731,113,2025-11-16 08:20:51
4972,36,52,2,3,1,1,20230731,79,2025-11-16 08:20:51
4973,36,14,2,3,1,2,20230731,67,2025-11-16 08:20:51
4974,36,14,1,3,1,3,20230731,50,2025-11-16 08:20:51
4975,38,57,1,3,1,4,20230731,13,2025-11-16 08:20:51
4976,38,28,1,3,1,5,20230731,8,2025-11-16 08:20:51
4977,36,57,1,3,1,6,20230731,13,2025-11-16 08:20:51
4978,36,53,8,3,1,7,20230731,45,2025-11-16 08:20:51
4979,37,29,7,3,1,8,20230731,142,2025-11-16 08:20:51
4980,41,37,1,3,1,9,20230731,183,2025-11-16 08:20:51
4981,45,43,9,3,1,10,20230731,254,2025-11-16 08:20:51
4982,42,41,9,3,1,11,20230731,275,2025-11-16 08:20:51
4983,44,60,6,3,1,12,20230731,338,2025-11-16 08:20:51
4984,44,64,8,3,1,13,20230731,294,2025-11-16 08:20:51
4985,44,64,9,3,1,14,20230731,326,2025-11-16 08:20:51
4986,46,77,5,3,1,15,20230731,293,2025-11-16 08:20:51
4987,46,75,4,3,1,16,20230731,306,2025-11-16 08:20:51
4988,46,76,9,3,1,17,20230731,320,2025-11-16 08:20:51
4989,42,49,4,3,1,18,20230731,304,2025-11-16 08:20:51
4990,41,29,10,3,1,19,20230731,274,2025-11-16 08:20:51
4991,41,29,10,3,1,20,20230731,275,2025-11-16 08:20:51
4992,39,30,5,3,1,21,20230731,164,2025-11-16 08:20:51
4993,36,57,5,3,1,22,20230731,96,2025-11-16 08:20:51
4994,36,14,7,3,1,23,20230731,70,2025-11-16 08:20:51
4995,38,57,7,3,1,0,20230801,29,2025-11-16 08:20:51
4996,38,33,6,3,1,1,20230801,17,2025-11-16 08:20:51
4997,35,33,15,3,1,2,20230801,11,2025-11-16 08:20:51
4998,35,87,9,3,1,3,20230801,4,2025-11-16 08:20:51
4999,31,83,8,3,1,4,20230801,4,2025-11-16 08:20:51
5000,31,83,15,3,1,5,20230801,26,2025-11-16 08:20:51
5001,31,83,2,3,1,6,20230801,100,2025-11-16 08:20:51
5002,36,52,1,3,1,7,20230801,282,2025-11-16 08:20:51
5003,41,22,6,3,1,8,20230801,382,2025-11-16 08:20:51
5004,40,49,1,3,1,9,20230801,166,2025-11-16 08:20:51
5005,42,43,9,3,1,10,20230801,97,2025-11-16 08:20:51
5006,43,26,9,3,1,11,20230801,119,2025-11-16 08:20:51
5007,44,40,3,3,1,12,20230801,168,2025-11-16 08:20:51
5008,44,62,5,3,1,13,20230801,150,2025-11-16 08:20:51
5009,46,45,6,3,1,14,20230801,123,2025-11-16 08:20:51
5010,44,58,1,3,1,15,20230801,129,2025-11-16 08:20:51
5011,44,58,1,3,1,16,20230801,231,2025-11-16 08:20:51
5012,37,50,5,3,1,17,20230801,514,2025-11-16 08:20:51
5013,39,22,6,3,1,18,20230801,543,2025-11-16 08:20:51
5014,36,34,7,3,1,19,20230801,413,2025-11-16 08:20:51
5015,38,52,7,3,1,20,20230801,305,2025-11-16 08:20:51
5016,35,57,3,3,1,21,20230801,220,2025-11-16 08:20:51
5017,35,57,2,3,1,22,20230801,137,2025-11-16 08:20:51
5018,34,33,6,3,1,23,20230801,96,2025-11-16 08:20:51
5019,31,33,1,3,1,0,20230802,29,2025-11-16 08:20:51
5020,31,33,15,3,1,1,20230802,12,2025-11-16 08:20:51
5021,34,28,1,3,1,2,20230802,8,2025-11-16 08:20:51
5022,31,33,6,3,1,3,20230802,5,2025-11-16 08:20:51
5023,31,33,15,3,1,4,20230802,10,2025-11-16 08:20:51
5024,31,33,8,3,1,5,20230802,21,2025-11-16 08:20:51
5025,34,28,15,3,1,6,20230802,117,2025-11-16 08:20:51
5026,38,54,4,3,1,7,20230802,335,2025-11-16 08:20:51
5027,36,53,4,3,1,8,20230802,435,2025-11-16 08:20:51
5028,39,16,5,3,1,9,20230802,213,2025-11-16 08:20:51
5029,40,43,5,3,1,10,20230802,140,2025-11-16 08:20:51
5030,45,26,13,3,1,11,20230802,128,2025-11-16 08:20:51
5031,42,25,4,3,1,12,20230802,157,2025-11-16 08:20:51
5032,42,25,7,3,1,13,20230802,203,2025-11-16 08:20:51
5033,44,60,4,3,1,14,20230802,159,2025-11-16 08:20:51
5034,44,60,4,3,1,15,20230802,168,2025-11-16 08:20:51
5035,44,60,4,3,1,16,20230802,274,2025-11-16 08:20:51
5036,44,58,8,3,2,17,20230802,556,2025-11-16 08:20:51
5037,42,47,6,3,2,18,20230802,556,2025-11-16 08:20:51
5038,42,43,7,3,2,19,20230802,454,2025-11-16 08:20:51
5039,40,16,3,3,2,20,20230802,288,2025-11-16 08:20:51
5040,41,36,7,3,1,21,20230802,254,2025-11-16 08:20:51
5041,39,30,9,3,2,22,20230802,191,2025-11-16 08:20:51
5042,41,37,9,3,2,23,20230802,132,2025-11-16 08:20:51
5043,41,37,9,3,2,0,20230803,43,2025-11-16 08:20:51
5044,39,36,9,3,2,1,20230803,16,2025-11-16 08:20:51
5045,39,37,9,3,2,2,20230803,11,2025-11-16 08:20:51
5046,37,29,2,3,2,3,20230803,4,2025-11-16 08:20:51
5047,37,36,9,3,2,4,20230803,7,2025-11-16 08:20:51
5048,37,29,2,3,2,5,20230803,24,2025-11-16 08:20:51
5049,38,14,16,3,3,6,20230803,110,2025-11-16 08:20:51
5050,36,34,7,3,2,7,20230803,271,2025-11-16 08:20:51
5051,36,34,9,3,2,8,20230803,437,2025-11-16 08:20:51
5052,36,29,6,3,2,9,20230803,195,2025-11-16 08:20:51
5053,36,53,2,3,3,10,20230803,68,2025-11-16 08:20:51
5054,36,53,15,3,2,11,20230803,122,2025-11-16 08:20:51
5055,37,29,8,3,3,12,20230803,161,2025-11-16 08:20:51
5056,37,53,7,3,2,13,20230803,144,2025-11-16 08:20:51
5057,37,53,7,3,2,14,20230803,147,2025-11-16 08:20:51
5058,35,87,8,3,2,15,20230803,118,2025-11-16 08:20:51
5059,34,87,1,3,3,16,20230803,150,2025-11-16 08:20:51
5060,35,87,1,3,2,17,20230803,425,2025-11-16 08:20:51
5061,35,85,1,3,3,18,20230803,492,2025-11-16 08:20:51
5062,35,85,1,3,3,19,20230803,321,2025-11-16 08:20:51
5063,35,85,15,3,3,20,20230803,87,2025-11-16 08:20:51
5064,34,86,8,3,2,21,20230803,88,2025-11-16 08:20:51
5065,34,86,15,3,3,22,20230803,77,2025-11-16 08:20:51
5066,34,86,2,3,2,23,20230803,56,2025-11-16 08:20:51
5067,34,86,2,3,2,0,20230804,17,2025-11-16 08:20:51
5068,31,11,2,3,2,1,20230804,17,2025-11-16 08:20:51
5069,31,11,2,3,2,2,20230804,7,2025-11-16 08:20:51
5070,31,11,2,3,3,3,20230804,3,2025-11-16 08:20:51
5071,34,86,1,3,2,4,20230804,7,2025-11-16 08:20:51
5072,34,86,1,3,2,5,20230804,20,2025-11-16 08:20:51
5073,34,86,5,3,2,6,20230804,97,2025-11-16 08:20:51
5074,34,86,5,3,2,7,20230804,282,2025-11-16 08:20:51
5075,35,8,12,3,2,8,20230804,398,2025-11-16 08:20:51
5076,38,33,10,3,1,9,20230804,187,2025-11-16 08:20:51
5077,38,13,5,3,1,10,20230804,113,2025-11-16 08:20:51
5078,36,14,7,3,2,11,20230804,149,2025-11-16 08:20:51
5079,37,52,7,3,2,12,20230804,205,2025-11-16 08:20:51
5080,37,53,1,3,1,13,20230804,205,2025-11-16 08:20:51
5081,41,29,9,3,1,14,20230804,167,2025-11-16 08:20:51
5082,41,29,3,3,1,15,20230804,165,2025-11-16 08:20:51
5083,37,52,10,3,1,16,20230804,290,2025-11-16 08:20:51
5084,37,52,10,3,1,17,20230804,555,2025-11-16 08:20:51
5085,35,33,5,3,1,18,20230804,523,2025-11-16 08:20:51
5086,35,33,4,3,1,19,20230804,366,2025-11-16 08:20:51
5087,35,33,6,3,2,20,20230804,286,2025-11-16 08:20:51
5088,35,33,6,3,2,21,20230804,211,2025-11-16 08:20:51
5089,34,33,6,3,1,22,20230804,174,2025-11-16 08:20:51
5090,31,33,15,3,1,23,20230804,132,2025-11-16 08:20:51
5091,31,33,15,3,1,0,20230805,54,2025-11-16 08:20:51
5092,32,84,2,3,1,1,20230805,19,2025-11-16 08:20:51
5093,31,28,1,3,1,2,20230805,19,2025-11-16 08:20:51
5094,32,84,2,3,1,3,20230805,6,2025-11-16 08:20:51
5095,32,84,8,3,1,4,20230805,7,2025-11-16 08:20:51
5096,32,84,2,3,1,5,20230805,16,2025-11-16 08:20:51
5097,32,84,8,3,1,6,20230805,101,2025-11-16 08:20:51
5098,31,84,8,3,1,7,20230805,270,2025-11-16 08:20:51
5099,35,56,7,3,1,8,20230805,454,2025-11-16 08:20:51
5100,38,53,15,3,1,9,20230805,226,2025-11-16 08:20:51
5101,36,29,8,3,1,10,20230805,163,2025-11-16 08:20:51
5102,37,36,3,3,2,11,20230805,147,2025-11-16 08:20:51
5103,37,36,3,3,1,12,20230805,216,2025-11-16 08:20:51
5104,39,36,3,3,1,13,20230805,204,2025-11-16 08:20:51
5105,39,36,3,3,2,14,20230805,245,2025-11-16 08:20:51
5106,37,29,3,3,1,15,20230805,210,2025-11-16 08:20:51
5107,41,37,3,3,1,16,20230805,330,2025-11-16 08:20:51
5108,39,37,5,3,1,17,20230805,550,2025-11-16 08:20:51
5109,37,36,3,3,1,18,20230805,466,2025-11-16 08:20:51
5110,36,29,3,3,1,19,20230805,372,2025-11-16 08:20:51
5111,38,53,7,3,1,20,20230805,291,2025-11-16 08:20:51
5112,35,56,6,3,1,21,20230805,173,2025-11-16 08:20:51
5113,35,56,7,3,1,22,20230805,188,2025-11-16 08:20:51
5114,34,28,7,3,1,23,20230805,139,2025-11-16 08:20:51
5115,31,84,6,3,1,0,20230806,133,2025-11-16 08:20:51
5116,31,84,9,3,1,1,20230806,67,2025-11-16 08:20:51
5117,31,84,7,3,1,2,20230806,53,2025-11-16 08:20:51
5118,31,84,9,3,2,3,20230806,42,2025-11-16 08:20:51
5119,31,83,9,3,2,4,20230806,10,2025-11-16 08:20:51
5120,32,86,2,3,1,5,20230806,6,2025-11-16 08:20:51
5121,32,86,15,3,1,6,20230806,27,2025-11-16 08:20:51
5122,34,83,9,3,1,7,20230806,63,2025-11-16 08:20:51
5123,34,83,9,3,1,8,20230806,121,2025-11-16 08:20:51
5124,36,57,7,3,1,9,20230806,215,2025-11-16 08:20:51
5125,36,57,4,3,2,10,20230806,290,2025-11-16 08:20:51
5126,39,52,7,3,1,11,20230806,349,2025-11-16 08:20:51
5127,41,29,7,3,1,12,20230806,382,2025-11-16 08:20:51
5128,41,30,10,3,2,13,20230806,441,2025-11-16 08:20:51
5129,40,36,3,3,1,14,20230806,380,2025-11-16 08:20:51
5130,45,46,3,3,2,15,20230806,362,2025-11-16 08:20:51
5131,36,87,9,3,3,16,20230806,343,2025-11-16 08:20:51
5132,36,87,9,3,3,17,20230806,149,2025-11-16 08:20:51
5133,38,87,11,3,2,18,20230806,211,2025-11-16 08:20:51
5134,38,85,3,3,3,19,20230806,171,2025-11-16 08:20:51
5135,38,87,4,3,3,20,20230806,137,2025-11-16 08:20:51
5136,35,85,10,3,2,21,20230806,114,2025-11-16 08:20:51
5137,35,85,10,3,2,22,20230806,120,2025-11-16 08:20:51
5138,35,85,4,3,3,23,20230806,108,2025-11-16 08:20:51
5139,35,85,4,3,2,0,20230807,80,2025-11-16 08:20:51
5140,35,85,3,3,2,1,20230807,73,2025-11-16 08:20:51
5141,35,85,7,3,2,2,20230807,66,2025-11-16 08:20:51
5142,35,85,8,3,2,3,20230807,32,2025-11-16 08:20:51
5143,35,85,8,3,1,4,20230807,6,2025-11-16 08:20:51
5144,35,86,6,3,1,5,20230807,5,2025-11-16 08:20:51
5145,35,86,9,3,1,6,20230807,13,2025-11-16 08:20:51
5146,35,85,6,3,1,7,20230807,39,2025-11-16 08:20:51
5147,38,87,6,3,1,8,20230807,89,2025-11-16 08:20:51
5148,37,3,15,3,1,9,20230807,184,2025-11-16 08:20:51
5149,41,14,8,3,1,10,20230807,266,2025-11-16 08:20:51
5150,40,31,1,3,1,11,20230807,269,2025-11-16 08:20:51
5151,44,17,5,3,1,12,20230807,370,2025-11-16 08:20:51
5152,44,17,5,3,1,13,20230807,324,2025-11-16 08:20:51
5153,42,20,6,3,1,14,20230807,322,2025-11-16 08:20:51
5154,38,33,5,3,3,15,20230807,326,2025-11-16 08:20:51
5155,38,33,5,3,3,16,20230807,193,2025-11-16 08:20:51
5156,36,33,26,3,3,17,20230807,194,2025-11-16 08:20:51
5157,38,33,2,3,1,18,20230807,229,2025-11-16 08:20:51
5158,38,87,9,3,1,19,20230807,228,2025-11-16 08:20:51
5159,38,85,8,3,1,20,20230807,183,2025-11-16 08:20:51
5160,38,85,15,3,1,21,20230807,136,2025-11-16 08:20:51
5161,35,86,6,3,1,22,20230807,103,2025-11-16 08:20:51
5162,35,87,15,3,1,23,20230807,55,2025-11-16 08:20:51
5163,35,87,15,3,1,0,20230808,30,2025-11-16 08:20:51
5164,34,83,8,3,1,1,20230808,12,2025-11-16 08:20:51
5165,31,86,1,3,1,2,20230808,7,2025-11-16 08:20:51
5166,31,86,1,3,1,3,20230808,1,2025-11-16 08:20:51
5167,31,86,15,3,1,4,20230808,10,2025-11-16 08:20:51
5168,35,87,2,3,1,5,20230808,15,2025-11-16 08:20:51
5169,35,56,4,3,1,6,20230808,95,2025-11-16 08:20:51
5170,38,52,5,3,1,7,20230808,267,2025-11-16 08:20:51
5171,36,53,10,3,1,8,20230808,349,2025-11-16 08:20:51
5172,37,29,14,3,1,9,20230808,183,2025-11-16 08:20:51
5173,41,36,14,3,1,10,20230808,124,2025-11-16 08:20:51
5174,40,38,12,3,1,11,20230808,179,2025-11-16 08:20:51
5175,40,16,3,3,1,12,20230808,182,2025-11-16 08:20:51
5176,45,19,5,3,1,13,20230808,151,2025-11-16 08:20:51
5177,40,22,5,3,1,14,20230808,150,2025-11-16 08:20:51
5178,45,49,5,3,1,15,20230808,126,2025-11-16 08:20:51
5179,42,18,4,3,1,16,20230808,282,2025-11-16 08:20:51
5180,42,18,9,3,1,17,20230808,527,2025-11-16 08:20:51
5181,45,49,8,3,1,18,20230808,529,2025-11-16 08:20:51
5182,40,22,15,3,1,19,20230808,416,2025-11-16 08:20:51
5183,41,29,1,3,1,20,20230808,286,2025-11-16 08:20:51
5184,37,53,2,3,1,21,20230808,186,2025-11-16 08:20:51
5185,37,53,15,3,1,22,20230808,147,2025-11-16 08:20:51
5186,36,14,15,3,1,23,20230808,72,2025-11-16 08:20:51
5187,38,87,8,3,1,0,20230809,35,2025-11-16 08:20:51
5188,38,14,1,3,1,1,20230809,14,2025-11-16 08:20:51
5189,38,57,1,3,1,2,20230809,12,2025-11-16 08:20:51
5190,38,52,1,3,1,3,20230809,3,2025-11-16 08:20:51
5191,35,33,1,3,1,4,20230809,7,2025-11-16 08:20:51
5192,35,56,2,3,1,5,20230809,30,2025-11-16 08:20:51
5193,38,27,1,3,1,6,20230809,101,2025-11-16 08:20:51
5194,38,33,15,3,1,7,20230809,343,2025-11-16 08:20:51
5195,36,14,1,3,1,8,20230809,392,2025-11-16 08:20:51
5196,39,52,8,3,2,9,20230809,175,2025-11-16 08:20:51
5197,41,30,7,3,2,10,20230809,144,2025-11-16 08:20:51
5198,41,30,7,3,1,11,20230809,149,2025-11-16 08:20:51
5199,40,35,6,3,1,12,20230809,185,2025-11-16 08:20:51
5200,45,37,9,3,1,13,20230809,175,2025-11-16 08:20:51
5201,42,19,4,3,1,14,20230809,148,2025-11-16 08:20:51
5202,42,18,4,3,1,15,20230809,164,2025-11-16 08:20:51
5203,42,18,5,3,1,16,20230809,285,2025-11-16 08:20:51
5204,41,29,9,3,1,17,20230809,532,2025-11-16 08:20:51
5205,41,29,6,3,1,18,20230809,585,2025-11-16 08:20:51
5206,41,37,15,3,1,19,20230809,371,2025-11-16 08:20:51
5207,41,22,6,3,1,20,20230809,292,2025-11-16 08:20:51
5208,39,16,3,3,1,21,20230809,230,2025-11-16 08:20:51
5209,39,16,5,3,1,22,20230809,155,2025-11-16 08:20:51
5210,37,38,4,3,1,23,20230809,75,2025-11-16 08:20:51
5211,36,34,7,3,1,0,20230810,37,2025-11-16 08:20:51
5212,38,48,6,3,1,1,20230810,17,2025-11-16 08:20:51
5213,38,48,9,3,1,2,20230810,11,2025-11-16 08:20:51
5214,35,53,9,3,1,3,20230810,4,2025-11-16 08:20:51
5215,35,48,8,3,1,4,20230810,5,2025-11-16 08:20:51
5216,34,54,2,3,1,5,20230810,32,2025-11-16 08:20:51
5217,34,54,1,3,1,6,20230810,119,2025-11-16 08:20:51
5218,35,53,2,3,1,7,20230810,305,2025-11-16 08:20:51
5219,36,34,6,3,1,8,20230810,399,2025-11-16 08:20:51
5220,37,38,7,3,1,9,20230810,180,2025-11-16 08:20:51
5221,41,22,7,3,1,10,20230810,113,2025-11-16 08:20:51
5222,41,49,14,3,1,11,20230810,149,2025-11-16 08:20:51
5223,40,42,5,3,1,12,20230810,240,2025-11-16 08:20:51
5224,40,42,4,3,1,13,20230810,191,2025-11-16 08:20:51
5225,45,47,10,3,1,14,20230810,178,2025-11-16 08:20:51
5226,42,25,10,3,1,15,20230810,194,2025-11-16 08:20:51
5227,42,61,5,3,1,16,20230810,282,2025-11-16 08:20:51
5228,45,61,5,3,1,17,20230810,584,2025-11-16 08:20:51
5229,40,41,5,3,1,18,20230810,559,2025-11-16 08:20:51
5230,41,61,3,3,1,19,20230810,413,2025-11-16 08:20:51
5231,37,62,8,3,1,20,20230810,312,2025-11-16 08:20:51
5232,37,40,15,3,1,21,20230810,209,2025-11-16 08:20:51
5233,36,39,1,3,1,22,20230810,139,2025-11-16 08:20:51
5234,36,39,2,3,1,23,20230810,108,2025-11-16 08:20:51
5235,35,50,15,3,1,0,20230811,46,2025-11-16 08:20:51
5236,35,50,8,3,1,1,20230811,26,2025-11-16 08:20:51
5237,31,48,8,3,1,2,20230811,11,2025-11-16 08:20:51
5238,32,15,8,3,1,3,20230811,9,2025-11-16 08:20:51
5239,32,15,9,3,1,4,20230811,5,2025-11-16 08:20:51
5240,32,54,6,3,1,5,20230811,25,2025-11-16 08:20:51
5241,33,56,9,3,1,6,20230811,106,2025-11-16 08:20:51
5242,31,48,8,3,1,7,20230811,307,2025-11-16 08:20:51
5243,35,50,9,3,1,8,20230811,390,2025-11-16 08:20:51
5244,38,18,7,3,1,9,20230811,197,2025-11-16 08:20:51
5245,36,39,3,3,1,10,20230811,132,2025-11-16 08:20:51
5246,37,24,3,3,1,11,20230811,187,2025-11-16 08:20:51
5247,39,62,3,3,1,12,20230811,214,2025-11-16 08:20:51
5248,37,62,7,3,1,13,20230811,217,2025-11-16 08:20:51
5249,41,45,1,3,1,14,20230811,142,2025-11-16 08:20:51
5250,41,45,5,3,1,15,20230811,178,2025-11-16 08:20:51
5251,41,58,6,3,1,16,20230811,298,2025-11-16 08:20:51
5252,41,45,3,3,1,17,20230811,582,2025-11-16 08:20:51
5253,39,45,2,3,1,18,20230811,571,2025-11-16 08:20:51
5254,36,24,6,3,1,19,20230811,371,2025-11-16 08:20:51
5255,38,39,8,3,1,20,20230811,288,2025-11-16 08:20:51
5256,35,38,2,3,1,21,20230811,206,2025-11-16 08:20:51
5257,35,38,1,3,1,22,20230811,157,2025-11-16 08:20:51
5258,31,21,9,3,1,23,20230811,127,2025-11-16 08:20:51
5259,32,46,9,3,1,0,20230812,65,2025-11-16 08:20:51
5260,32,46,8,3,1,1,20230812,23,2025-11-16 08:20:51
5261,33,15,6,3,1,2,20230812,15,2025-11-16 08:20:51
5262,33,46,9,3,1,3,20230812,9,2025-11-16 08:20:51
5263,33,46,8,3,1,4,20230812,5,2025-11-16 08:20:51
5264,27,35,8,3,1,5,20230812,26,2025-11-16 08:20:51
5265,33,21,8,3,1,6,20230812,76,2025-11-16 08:20:51
5266,32,19,9,3,1,7,20230812,264,2025-11-16 08:20:51
5267,34,18,7,3,1,8,20230812,426,2025-11-16 08:20:51
5268,38,47,8,3,1,9,20230812,205,2025-11-16 08:20:51
5269,36,40,15,3,1,10,20230812,130,2025-11-16 08:20:51
5270,37,45,1,3,1,11,20230812,156,2025-11-16 08:20:51
5271,41,58,1,3,1,12,20230812,222,2025-11-16 08:20:51
5272,39,45,2,3,1,13,20230812,253,2025-11-16 08:20:51
5273,41,45,6,3,1,14,20230812,186,2025-11-16 08:20:51
5274,41,45,9,3,1,15,20230812,249,2025-11-16 08:20:51
5275,40,41,1,3,1,16,20230812,334,2025-11-16 08:20:51
5276,40,61,1,3,1,17,20230812,516,2025-11-16 08:20:51
5277,37,23,5,3,1,18,20230812,465,2025-11-16 08:20:51
5278,36,17,7,3,1,19,20230812,385,2025-11-16 08:20:51
5279,38,17,7,3,1,20,20230812,287,2025-11-16 08:20:51
5280,35,38,8,3,1,21,20230812,226,2025-11-16 08:20:51
5281,34,34,1,3,1,22,20230812,231,2025-11-16 08:20:51
5282,34,34,1,3,1,23,20230812,151,2025-11-16 08:20:51
5283,34,34,15,3,1,0,20230813,84,2025-11-16 08:20:51
5284,34,15,2,3,2,1,20230813,77,2025-11-16 08:20:51
5285,34,15,1,3,1,2,20230813,74,2025-11-16 08:20:51
5286,31,56,8,3,1,3,20230813,27,2025-11-16 08:20:51
5287,32,63,8,3,2,4,20230813,10,2025-11-16 08:20:51
5288,32,63,15,3,1,5,20230813,18,2025-11-16 08:20:51
5289,32,63,2,3,1,6,20230813,22,2025-11-16 08:20:51
5290,31,33,6,3,2,7,20230813,44,2025-11-16 08:20:51
5291,35,56,9,3,2,8,20230813,118,2025-11-16 08:20:51
5292,35,33,9,3,2,9,20230813,208,2025-11-16 08:20:51
5293,38,33,7,3,2,10,20230813,260,2025-11-16 08:20:51
5294,36,57,6,3,2,11,20230813,314,2025-11-16 08:20:51
5295,31,86,9,3,2,12,20230813,421,2025-11-16 08:20:51
5296,36,33,10,3,2,13,20230813,153,2025-11-16 08:20:51
5297,36,57,3,3,1,14,20230813,259,2025-11-16 08:20:51
5298,34,87,12,3,3,15,20230813,358,2025-11-16 08:20:51
5299,35,33,4,3,2,16,20230813,281,2025-11-16 08:20:51
5300,38,33,3,3,2,17,20230813,269,2025-11-16 08:20:51
5301,35,33,7,3,1,18,20230813,292,2025-11-16 08:20:51
5302,34,87,4,3,2,19,20230813,237,2025-11-16 08:20:51
5303,34,83,7,3,2,20,20230813,183,2025-11-16 08:20:51
5304,34,83,14,3,2,21,20230813,167,2025-11-16 08:20:51
5305,34,83,14,3,2,22,20230813,154,2025-11-16 08:20:51
5306,31,83,10,3,2,23,20230813,120,2025-11-16 08:20:51
5307,31,83,5,3,3,0,20230814,90,2025-11-16 08:20:51
5308,32,86,7,3,3,1,20230814,73,2025-11-16 08:20:51
5309,32,86,7,3,3,2,20230814,62,2025-11-16 08:20:51
5310,32,11,3,3,2,3,20230814,27,2025-11-16 08:20:51
5311,32,11,6,3,3,4,20230814,3,2025-11-16 08:20:51
5312,32,11,9,3,2,5,20230814,10,2025-11-16 08:20:51
5313,32,11,15,3,2,6,20230814,6,2025-11-16 08:20:51
5314,31,86,6,3,2,7,20230814,24,2025-11-16 08:20:51
5315,31,86,4,3,2,8,20230814,41,2025-11-16 08:20:51
5316,31,86,4,3,3,9,20230814,103,2025-11-16 08:20:51
5317,35,87,7,3,1,10,20230814,183,2025-11-16 08:20:51
5318,35,87,6,3,1,11,20230814,198,2025-11-16 08:20:51
5319,35,87,7,3,2,12,20230814,281,2025-11-16 08:20:51
5320,38,33,3,3,1,13,20230814,377,2025-11-16 08:20:51
5321,36,57,6,3,1,14,20230814,370,2025-11-16 08:20:51
5322,36,14,6,3,1,15,20230814,331,2025-11-16 08:20:51
5323,36,14,9,3,1,16,20230814,292,2025-11-16 08:20:51
5324,37,52,8,3,1,17,20230814,329,2025-11-16 08:20:51
5325,36,14,9,3,1,18,20230814,347,2025-11-16 08:20:51
5326,38,33,7,3,1,19,20230814,259,2025-11-16 08:20:51
5327,35,85,9,3,1,20,20230814,193,2025-11-16 08:20:51
5328,27,9,16,3,3,21,20230814,155,2025-11-16 08:20:51
5329,27,9,16,3,3,22,20230814,39,2025-11-16 08:20:51
5330,27,83,1,3,3,23,20230814,27,2025-11-16 08:20:51
5331,27,9,2,3,3,0,20230815,25,2025-11-16 08:20:51
5332,27,9,8,3,2,1,20230815,10,2025-11-16 08:20:51
5333,27,83,1,3,2,2,20230815,3,2025-11-16 08:20:51
5334,27,83,6,3,1,3,20230815,7,2025-11-16 08:20:51
5335,27,83,8,3,1,4,20230815,5,2025-11-16 08:20:51
5336,27,9,6,3,2,5,20230815,17,2025-11-16 08:20:51
5337,27,9,3,3,1,6,20230815,90,2025-11-16 08:20:51
5338,27,9,3,3,1,7,20230815,258,2025-11-16 08:20:51
5339,32,84,10,3,1,8,20230815,355,2025-11-16 08:20:51
5340,32,84,10,3,1,9,20230815,222,2025-11-16 08:20:51
5341,34,28,4,3,1,10,20230815,141,2025-11-16 08:20:51
5342,38,52,3,3,2,11,20230815,153,2025-11-16 08:20:51
5343,36,53,4,3,1,12,20230815,178,2025-11-16 08:20:51
5344,39,36,4,3,1,13,20230815,193,2025-11-16 08:20:51
5345,36,29,2,3,1,14,20230815,151,2025-11-16 08:20:51
5346,36,29,5,3,3,15,20230815,182,2025-11-16 08:20:51
5347,36,29,10,3,1,16,20230815,283,2025-11-16 08:20:51
5348,36,34,4,3,1,17,20230815,530,2025-11-16 08:20:51
5349,35,56,6,3,1,18,20230815,483,2025-11-16 08:20:51
5350,35,56,1,3,1,19,20230815,397,2025-11-16 08:20:51
5351,31,33,8,3,1,20,20230815,285,2025-11-16 08:20:51
5352,31,56,6,3,1,21,20230815,184,2025-11-16 08:20:51
5353,31,28,3,3,1,22,20230815,98,2025-11-16 08:20:51
5354,32,28,7,3,1,23,20230815,88,2025-11-16 08:20:51
5355,32,28,15,3,1,0,20230816,31,2025-11-16 08:20:51
5356,32,28,9,3,1,1,20230816,16,2025-11-16 08:20:51
5357,33,63,7,3,1,2,20230816,4,2025-11-16 08:20:51
5358,33,63,7,3,1,3,20230816,6,2025-11-16 08:20:51
5359,32,28,5,3,1,4,20230816,5,2025-11-16 08:20:51
5360,33,63,4,3,1,5,20230816,30,2025-11-16 08:20:51
5361,33,63,10,3,1,6,20230816,119,2025-11-16 08:20:51
5362,32,28,3,3,1,7,20230816,346,2025-11-16 08:20:51
5363,35,53,11,3,1,8,20230816,441,2025-11-16 08:20:51
5364,34,54,4,3,1,9,20230816,198,2025-11-16 08:20:51
5365,35,53,14,3,1,10,20230816,111,2025-11-16 08:20:51
5366,36,34,7,3,1,11,20230816,150,2025-11-16 08:20:51
5367,37,38,10,3,1,12,20230816,162,2025-11-16 08:20:51
5368,37,38,5,3,1,13,20230816,192,2025-11-16 08:20:51
5369,37,50,13,3,1,14,20230816,182,2025-11-16 08:20:51
5370,41,49,5,3,1,15,20230816,159,2025-11-16 08:20:51
5371,41,49,7,3,1,16,20230816,303,2025-11-16 08:20:51
5372,37,50,10,3,1,17,20230816,600,2025-11-16 08:20:51
5373,37,50,7,3,1,18,20230816,570,2025-11-16 08:20:51
5374,36,38,6,3,1,19,20230816,376,2025-11-16 08:20:51
5375,36,34,1,3,1,20,20230816,280,2025-11-16 08:20:51
5376,38,48,1,3,1,21,20230816,215,2025-11-16 08:20:51
5377,35,54,1,3,1,22,20230816,152,2025-11-16 08:20:51
5378,31,56,8,3,1,23,20230816,77,2025-11-16 08:20:51
5379,31,28,2,3,1,0,20230817,24,2025-11-16 08:20:51
5380,32,63,9,3,1,1,20230817,14,2025-11-16 08:20:51
5381,31,28,1,3,1,2,20230817,6,2025-11-16 08:20:51
5382,32,84,1,3,1,3,20230817,5,2025-11-16 08:20:51
5383,32,63,1,3,1,4,20230817,5,2025-11-16 08:20:51
5384,32,63,1,3,1,5,20230817,28,2025-11-16 08:20:51
5385,33,84,1,3,1,6,20230817,105,2025-11-16 08:20:51
5386,31,56,2,3,1,7,20230817,308,2025-11-16 08:20:51
5387,35,48,9,3,1,8,20230817,487,2025-11-16 08:20:51
5388,36,38,2,3,1,9,20230817,209,2025-11-16 08:20:51
5389,37,22,2,3,1,10,20230817,118,2025-11-16 08:20:51
5390,39,22,15,3,1,11,20230817,128,2025-11-16 08:20:51
5391,41,22,4,3,1,12,20230817,189,2025-11-16 08:20:51
5392,41,49,6,3,1,13,20230817,176,2025-11-16 08:20:51
5393,40,43,9,3,1,14,20230817,192,2025-11-16 08:20:51
5394,41,22,8,3,1,15,20230817,159,2025-11-16 08:20:51
5395,40,22,7,3,1,16,20230817,300,2025-11-16 08:20:51
5396,41,37,7,3,1,17,20230817,552,2025-11-16 08:20:51
5397,37,29,3,3,1,18,20230817,556,2025-11-16 08:20:51
5398,37,29,7,3,1,19,20230817,347,2025-11-16 08:20:51
5399,36,53,3,3,1,20,20230817,280,2025-11-16 08:20:51
5400,38,52,7,3,1,21,20230817,230,2025-11-16 08:20:51
5401,35,56,6,3,1,22,20230817,171,2025-11-16 08:20:51
5402,35,56,4,3,1,23,20230817,105,2025-11-16 08:20:51
5403,34,56,8,3,1,0,20230818,56,2025-11-16 08:20:51
5404,31,56,9,3,2,1,20230818,24,2025-11-16 08:20:51
5405,31,56,7,3,1,2,20230818,6,2025-11-16 08:20:51
5406,31,28,4,3,1,3,20230818,6,2025-11-16 08:20:51
5407,32,63,7,3,1,4,20230818,9,2025-11-16 08:20:51
5408,32,84,4,3,1,5,20230818,27,2025-11-16 08:20:51
5409,32,84,3,3,2,6,20230818,103,2025-11-16 08:20:51
5410,32,84,5,3,1,7,20230818,308,2025-11-16 08:20:51
5411,31,33,4,3,1,8,20230818,420,2025-11-16 08:20:51
5412,38,14,3,3,1,9,20230818,228,2025-11-16 08:20:51
5413,36,14,3,3,1,10,20230818,129,2025-11-16 08:20:51
5414,37,53,3,3,1,11,20230818,141,2025-11-16 08:20:51
5415,41,36,4,3,1,12,20230818,173,2025-11-16 08:20:51
5416,41,36,12,3,1,13,20230818,187,2025-11-16 08:20:51
5417,40,16,10,3,1,14,20230818,182,2025-11-16 08:20:51
5418,41,16,12,3,1,15,20230818,174,2025-11-16 08:20:51
5419,41,16,12,3,1,16,20230818,245,2025-11-16 08:20:51
5420,41,16,5,3,3,17,20230818,409,2025-11-16 08:20:51
5421,37,29,3,3,3,18,20230818,274,2025-11-16 08:20:51
5422,31,83,15,3,1,19,20230818,141,2025-11-16 08:20:51
5423,31,83,15,3,1,20,20230818,165,2025-11-16 08:20:51
5424,34,87,1,3,2,21,20230818,149,2025-11-16 08:20:51
5425,35,33,15,3,2,22,20230818,135,2025-11-16 08:20:51
5426,35,33,8,3,2,23,20230818,114,2025-11-16 08:20:51
5427,34,28,6,3,3,0,20230819,62,2025-11-16 08:20:51
5428,32,86,1,3,3,1,20230819,20,2025-11-16 08:20:51
5429,32,83,1,3,3,2,20230819,8,2025-11-16 08:20:51
5430,32,84,1,3,1,3,20230819,3,2025-11-16 08:20:51
5431,32,83,1,3,1,4,20230819,8,2025-11-16 08:20:51
5432,32,83,1,3,1,5,20230819,17,2025-11-16 08:20:51
5433,32,83,1,3,1,6,20230819,93,2025-11-16 08:20:51
5434,31,83,2,3,2,7,20230819,263,2025-11-16 08:20:51
5435,31,83,1,3,2,8,20230819,398,2025-11-16 08:20:51
5436,35,56,8,3,1,9,20230819,218,2025-11-16 08:20:51
5437,38,52,2,3,1,10,20230819,165,2025-11-16 08:20:51
5438,38,14,2,3,2,11,20230819,165,2025-11-16 08:20:51
5439,36,52,2,3,2,12,20230819,222,2025-11-16 08:20:51
5440,37,52,6,3,2,13,20230819,232,2025-11-16 08:20:51
5441,39,29,6,3,1,14,20230819,220,2025-11-16 08:20:51
5442,41,37,15,3,1,15,20230819,222,2025-11-16 08:20:51
5443,41,37,1,3,1,16,20230819,327,2025-11-16 08:20:51
5444,37,53,19,3,1,17,20230819,527,2025-11-16 08:20:51
5445,37,53,19,3,1,18,20230819,425,2025-11-16 08:20:51
5446,33,63,18,3,3,19,20230819,165,2025-11-16 08:20:51
5447,33,83,5,3,3,20,20230819,58,2025-11-16 08:20:51
5448,33,83,8,3,1,21,20230819,107,2025-11-16 08:20:51
5449,27,9,8,3,1,22,20230819,122,2025-11-16 08:20:51
5450,27,9,2,3,2,23,20230819,106,2025-11-16 08:20:51
5451,27,9,1,3,1,0,20230820,128,2025-11-16 08:20:51
5452,33,83,1,3,1,1,20230820,47,2025-11-16 08:20:51
5453,33,84,1,3,1,2,20230820,69,2025-11-16 08:20:51
5454,33,84,1,3,1,3,20230820,51,2025-11-16 08:20:51
5455,27,9,1,3,2,4,20230820,7,2025-11-16 08:20:51
5456,27,83,1,3,1,5,20230820,8,2025-11-16 08:20:51
5457,27,83,8,3,2,6,20230820,24,2025-11-16 08:20:51
5458,33,83,1,3,1,7,20230820,44,2025-11-16 08:20:51
5459,31,28,1,3,1,8,20230820,133,2025-11-16 08:20:51
5460,35,56,1,3,1,9,20230820,190,2025-11-16 08:20:51
5461,38,52,15,3,1,10,20230820,306,2025-11-16 08:20:51
5462,38,53,1,3,1,11,20230820,338,2025-11-16 08:20:51
5463,36,53,8,3,1,12,20230820,409,2025-11-16 08:20:51
5464,37,29,8,3,1,13,20230820,378,2025-11-16 08:20:51
5465,41,37,6,3,1,14,20230820,375,2025-11-16 08:20:51
5466,41,22,6,3,1,15,20230820,390,2025-11-16 08:20:51
5467,41,16,6,3,1,16,20230820,373,2025-11-16 08:20:51
5468,41,37,6,3,1,17,20230820,383,2025-11-16 08:20:51
5469,37,53,3,3,1,18,20230820,394,2025-11-16 08:20:51
5470,36,52,6,3,1,19,20230820,291,2025-11-16 08:20:51
5471,36,52,7,3,1,20,20230820,248,2025-11-16 08:20:51
5472,38,57,7,3,1,21,20230820,225,2025-11-16 08:20:51
5473,35,33,6,3,2,22,20230820,223,2025-11-16 08:20:51
5474,35,33,8,3,1,23,20230820,157,2025-11-16 08:20:51
5475,35,33,6,3,1,0,20230821,74,2025-11-16 08:20:51
5476,34,87,7,3,1,1,20230821,86,2025-11-16 08:20:51
5477,34,87,6,3,1,2,20230821,64,2025-11-16 08:20:51
5478,31,83,7,3,1,3,20230821,51,2025-11-16 08:20:51
5479,34,83,7,3,1,4,20230821,6,2025-11-16 08:20:51
5480,31,86,5,3,1,5,20230821,8,2025-11-16 08:20:51
5481,31,86,4,3,1,6,20230821,14,2025-11-16 08:20:51
5482,34,83,5,3,1,7,20230821,31,2025-11-16 08:20:51
5483,35,87,7,3,1,8,20230821,92,2025-11-16 08:20:51
5484,38,33,7,3,1,9,20230821,231,2025-11-16 08:20:51
5485,36,33,3,3,1,10,20230821,274,2025-11-16 08:20:51
5486,41,31,4,3,1,11,20230821,313,2025-11-16 08:20:51
5487,40,30,4,3,1,12,20230821,374,2025-11-16 08:20:51
5488,41,30,13,3,1,13,20230821,310,2025-11-16 08:20:51
5489,35,87,14,3,3,14,20230821,235,2025-11-16 08:20:51
5490,35,85,4,3,1,15,20230821,68,2025-11-16 08:20:51
5491,38,87,9,3,1,16,20230821,258,2025-11-16 08:20:51
5492,38,87,8,3,1,17,20230821,270,2025-11-16 08:20:51
5493,38,87,3,3,1,18,20230821,311,2025-11-16 08:20:51
5494,38,57,3,3,1,19,20230821,282,2025-11-16 08:20:51
5495,35,87,3,3,1,20,20230821,181,2025-11-16 08:20:51
5496,35,87,3,3,1,21,20230821,138,2025-11-16 08:20:51
5497,35,87,6,3,2,22,20230821,134,2025-11-16 08:20:51
5498,35,33,9,3,1,23,20230821,68,2025-11-16 08:20:51
5499,34,87,9,3,1,0,20230822,40,2025-11-16 08:20:51
5500,34,87,2,3,1,1,20230822,21,2025-11-16 08:20:51
5501,35,56,15,3,2,2,20230822,8,2025-11-16 08:20:51
5502,35,56,8,3,3,3,20230822,5,2025-11-16 08:20:51
5503,34,56,6,3,1,4,20230822,12,2025-11-16 08:20:51
5504,31,56,12,3,1,5,20230822,24,2025-11-16 08:20:51
5505,31,54,5,3,1,6,20230822,112,2025-11-16 08:20:51
5506,31,54,10,3,1,7,20230822,281,2025-11-16 08:20:51
5507,31,54,10,3,1,8,20230822,351,2025-11-16 08:20:51
5508,34,48,3,3,1,9,20230822,187,2025-11-16 08:20:51
5509,35,38,4,3,1,10,20230822,121,2025-11-16 08:20:51
5510,38,47,10,3,1,11,20230822,131,2025-11-16 08:20:51
5511,36,24,14,3,1,12,20230822,207,2025-11-16 08:20:51
5512,36,25,18,3,1,13,20230822,205,2025-11-16 08:20:51
5513,36,25,14,3,1,14,20230822,225,2025-11-16 08:20:51
5514,36,25,5,3,1,15,20230822,199,2025-11-16 08:20:51
5515,36,25,14,3,1,16,20230822,320,2025-11-16 08:20:51
5516,36,58,10,3,1,17,20230822,591,2025-11-16 08:20:51
5517,38,41,5,3,1,18,20230822,609,2025-11-16 08:20:51
5518,35,25,4,3,1,19,20230822,416,2025-11-16 08:20:51
5519,31,47,6,3,1,20,20230822,268,2025-11-16 08:20:51
5520,32,42,6,3,1,21,20230822,208,2025-11-16 08:20:51
5521,32,42,5,3,1,22,20230822,153,2025-11-16 08:20:51
5522,33,49,3,3,1,23,20230822,64,2025-11-16 08:20:51
5523,27,22,6,3,1,0,20230823,35,2025-11-16 08:20:51
5524,26,37,6,3,1,1,20230823,19,2025-11-16 08:20:51
5525,25,36,6,3,1,2,20230823,6,2025-11-16 08:20:51
5526,25,36,4,3,1,3,20230823,6,2025-11-16 08:20:51
5527,29,35,9,3,1,4,20230823,5,2025-11-16 08:20:51
5528,29,35,6,3,1,5,20230823,36,2025-11-16 08:20:51
5529,29,55,6,3,1,6,20230823,114,2025-11-16 08:20:51
5530,27,37,6,3,1,7,20230823,344,2025-11-16 08:20:51
5531,33,21,1,3,2,8,20230823,504,2025-11-16 08:20:51
5532,31,19,1,3,2,9,20230823,225,2025-11-16 08:20:51
5533,35,39,1,3,1,10,20230823,148,2025-11-16 08:20:51
5534,35,47,15,3,1,11,20230823,186,2025-11-16 08:20:51
5535,35,18,2,3,1,12,20230823,237,2025-11-16 08:20:51
5536,38,25,15,3,1,13,20230823,234,2025-11-16 08:20:51
5537,38,25,2,3,1,14,20230823,651,2025-11-16 08:20:51
5538,38,47,7,3,1,15,20230823,601,2025-11-16 08:20:51
5539,38,26,8,3,1,16,20230823,444,2025-11-16 08:20:51
5540,38,47,7,3,1,17,20230823,472,2025-11-16 08:20:51
5541,38,47,6,3,1,18,20230823,519,2025-11-16 08:20:51
5542,31,21,7,3,1,19,20230823,367,2025-11-16 08:20:51
5543,32,46,3,3,1,20,20230823,260,2025-11-16 08:20:51
5544,33,15,1,3,1,21,20230823,211,2025-11-16 08:20:51
5545,33,15,8,3,1,22,20230823,191,2025-11-16 08:20:51
5546,33,54,8,3,1,23,20230823,80,2025-11-16 08:20:51
5547,33,15,8,3,1,0,20230824,38,2025-11-16 08:20:51
5548,27,55,15,3,1,1,20230824,24,2025-11-16 08:20:51
5549,26,32,8,3,1,2,20230824,6,2025-11-16 08:20:51
5550,26,32,8,3,1,3,20230824,1,2025-11-16 08:20:51
5551,25,63,15,3,1,4,20230824,7,2025-11-16 08:20:51
5552,25,63,15,3,1,5,20230824,27,2025-11-16 08:20:51
5553,25,63,1,3,1,6,20230824,108,2025-11-16 08:20:51
5554,27,27,2,3,1,7,20230824,308,2025-11-16 08:20:51
5555,33,28,8,3,1,8,20230824,468,2025-11-16 08:20:51
5556,32,28,3,3,1,9,20230824,213,2025-11-16 08:20:51
5557,35,53,4,3,1,10,20230824,146,2025-11-16 08:20:51
5558,38,48,5,3,1,11,20230824,185,2025-11-16 08:20:51
5559,36,29,10,3,1,12,20230824,235,2025-11-16 08:20:51
5560,37,38,13,3,1,13,20230824,236,2025-11-16 08:20:51
5561,37,38,13,3,1,14,20230824,204,2025-11-16 08:20:51
5562,37,38,11,3,1,15,20230824,204,2025-11-16 08:20:51
5563,37,36,13,3,1,16,20230824,271,2025-11-16 08:20:51
5564,37,36,12,3,1,17,20230824,567,2025-11-16 08:20:51
5565,36,29,5,3,1,18,20230824,621,2025-11-16 08:20:51
5566,36,29,5,3,1,19,20230824,440,2025-11-16 08:20:51
5567,38,53,5,3,1,20,20230824,334,2025-11-16 08:20:51
5568,35,54,12,3,1,21,20230824,236,2025-11-16 08:20:51
5569,35,56,12,3,1,22,20230824,181,2025-11-16 08:20:51
5570,34,28,5,3,1,23,20230824,70,2025-11-16 08:20:51
5571,34,33,5,3,1,0,20230825,52,2025-11-16 08:20:51
5572,34,28,14,3,1,1,20230825,15,2025-11-16 08:20:51
5573,34,28,14,3,1,2,20230825,5,2025-11-16 08:20:51
5574,31,33,10,3,1,3,20230825,4,2025-11-16 08:20:51
5575,31,84,14,3,1,4,20230825,7,2025-11-16 08:20:51
5576,31,83,13,3,1,5,20230825,26,2025-11-16 08:20:51
5577,31,83,10,3,1,6,20230825,102,2025-11-16 08:20:51
5578,34,87,10,3,2,7,20230825,313,2025-11-16 08:20:51
5579,35,33,5,3,2,8,20230825,484,2025-11-16 08:20:51
5580,38,57,5,3,2,9,20230825,162,2025-11-16 08:20:51
5581,36,14,5,3,2,10,20230825,142,2025-11-16 08:20:51
5582,35,87,1,3,3,11,20230825,151,2025-11-16 08:20:51
5583,35,87,1,3,3,12,20230825,41,2025-11-16 08:20:51
5584,35,87,15,3,1,13,20230825,37,2025-11-16 08:20:51
5585,38,33,1,3,2,14,20230825,113,2025-11-16 08:20:51
5586,36,57,1,3,2,15,20230825,132,2025-11-16 08:20:51
5587,38,85,1,3,1,16,20230825,121,2025-11-16 08:20:51
5588,38,85,1,3,1,17,20230825,312,2025-11-16 08:20:51
5589,38,85,8,3,2,18,20230825,408,2025-11-16 08:20:51
5590,31,84,10,3,2,19,20230825,272,2025-11-16 08:20:51
5591,32,84,12,3,1,20,20230825,225,2025-11-16 08:20:51
5592,32,84,4,3,1,21,20230825,187,2025-11-16 08:20:51
5593,33,83,1,3,1,22,20230825,147,2025-11-16 08:20:51
5594,33,83,2,3,1,23,20230825,84,2025-11-16 08:20:51
5595,33,83,8,3,1,0,20230826,51,2025-11-16 08:20:51
5596,33,83,1,3,1,1,20230826,23,2025-11-16 08:20:51
5597,33,9,8,3,1,2,20230826,20,2025-11-16 08:20:51
5598,27,9,15,3,1,3,20230826,11,2025-11-16 08:20:51
5599,33,9,1,3,1,4,20230826,8,2025-11-16 08:20:51
5600,33,9,1,3,2,5,20230826,26,2025-11-16 08:20:51
5601,33,9,1,3,1,6,20230826,105,2025-11-16 08:20:51
5602,32,83,1,3,1,7,20230826,266,2025-11-16 08:20:51
5603,31,83,15,3,1,8,20230826,404,2025-11-16 08:20:51
5604,35,33,1,3,1,9,20230826,230,2025-11-16 08:20:51
5605,36,14,2,3,1,10,20230826,123,2025-11-16 08:20:51
5606,37,52,1,3,2,11,20230826,214,2025-11-16 08:20:51
5607,37,14,15,3,2,12,20230826,243,2025-11-16 08:20:51
5608,39,30,15,3,2,13,20230826,237,2025-11-16 08:20:51
5609,41,30,1,3,1,14,20230826,219,2025-11-16 08:20:51
5610,41,30,6,3,2,15,20230826,249,2025-11-16 08:20:51
5611,39,52,15,3,1,16,20230826,343,2025-11-16 08:20:51
5612,36,33,3,3,1,17,20230826,489,2025-11-16 08:20:51
5613,36,33,8,3,2,18,20230826,410,2025-11-16 08:20:51
5614,38,87,15,3,1,19,20230826,290,2025-11-16 08:20:51
5615,38,87,2,3,1,20,20230826,222,2025-11-16 08:20:51
5616,38,87,9,3,1,21,20230826,190,2025-11-16 08:20:51
5617,38,87,15,3,1,22,20230826,152,2025-11-16 08:20:51
5618,35,85,2,3,1,23,20230826,136,2025-11-16 08:20:51
5619,35,85,15,3,1,0,20230827,145,2025-11-16 08:20:51
5620,35,85,9,3,1,1,20230827,64,2025-11-16 08:20:51
5621,35,85,6,3,1,2,20230827,77,2025-11-16 08:20:51
5622,35,85,7,3,2,3,20230827,30,2025-11-16 08:20:51
5623,35,85,7,3,2,4,20230827,4,2025-11-16 08:20:51
5624,35,85,5,3,2,5,20230827,12,2025-11-16 08:20:51
5625,35,85,5,3,2,6,20230827,18,2025-11-16 08:20:51
5626,35,85,12,3,2,7,20230827,28,2025-11-16 08:20:51
5627,35,85,3,3,2,8,20230827,76,2025-11-16 08:20:51
5628,35,85,13,3,2,9,20230827,156,2025-11-16 08:20:51
5629,35,87,18,3,2,10,20230827,205,2025-11-16 08:20:51
5630,31,86,13,3,3,11,20230827,88,2025-11-16 08:20:51
5631,31,83,16,3,3,12,20230827,76,2025-11-16 08:20:51
5632,31,83,14,3,3,13,20230827,43,2025-11-16 08:20:51
5633,32,86,17,3,3,14,20230827,23,2025-11-16 08:20:51
5634,32,86,17,3,3,15,20230827,30,2025-11-16 08:20:51
5635,32,86,19,3,3,16,20230827,24,2025-11-16 08:20:51
5636,32,86,29,3,3,17,20230827,16,2025-11-16 08:20:51
5637,33,83,12,3,3,7,20230828,1,2025-11-16 08:20:51
5638,33,83,13,3,3,8,20230828,8,2025-11-16 08:20:51
5639,31,33,13,3,1,9,20230828,53,2025-11-16 08:20:51
5640,35,54,22,3,1,10,20230828,142,2025-11-16 08:20:51
5641,35,53,14,3,1,11,20230828,237,2025-11-16 08:20:51
5642,36,34,14,3,1,12,20230828,306,2025-11-16 08:20:51
5643,37,50,12,3,1,13,20230828,431,2025-11-16 08:20:51
5644,39,22,13,3,1,14,20230828,447,2025-11-16 08:20:51
5645,39,22,12,3,1,15,20230828,469,2025-11-16 08:20:51
5646,41,43,14,3,1,16,20230828,491,2025-11-16 08:20:51
5647,37,23,5,3,1,17,20230828,398,2025-11-16 08:20:51
5648,36,17,7,3,1,18,20230828,402,2025-11-16 08:20:51
5649,38,38,15,3,1,19,20230828,387,2025-11-16 08:20:51
5650,38,50,15,3,1,20,20230828,214,2025-11-16 08:20:51
5651,31,54,8,3,1,21,20230828,186,2025-11-16 08:20:51
5652,32,28,15,3,1,22,20230828,98,2025-11-16 08:20:51
5653,33,63,15,3,1,23,20230828,64,2025-11-16 08:20:51
5654,33,63,15,3,1,0,20230829,34,2025-11-16 08:20:51
5655,27,28,15,3,1,1,20230829,20,2025-11-16 08:20:51
5656,27,28,6,3,1,2,20230829,13,2025-11-16 08:20:51
5657,27,28,15,3,1,3,20230829,6,2025-11-16 08:20:51
5658,25,32,8,3,1,4,20230829,3,2025-11-16 08:20:51
5659,25,63,8,3,1,5,20230829,17,2025-11-16 08:20:51
5660,25,63,8,3,1,6,20230829,102,2025-11-16 08:20:51
5661,27,55,7,3,1,7,20230829,284,2025-11-16 08:20:51
5662,33,15,3,3,1,8,20230829,404,2025-11-16 08:20:51
5663,33,46,3,3,1,9,20230829,188,2025-11-16 08:20:51
5664,31,20,7,3,1,10,20230829,115,2025-11-16 08:20:51
5665,31,20,9,3,1,11,20230829,138,2025-11-16 08:20:51
5666,34,19,9,3,2,12,20230829,207,2025-11-16 08:20:51
5667,35,18,1,3,2,13,20230829,218,2025-11-16 08:20:51
5668,35,17,1,3,1,14,20230829,182,2025-11-16 08:20:51
5669,35,17,9,3,1,15,20230829,220,2025-11-16 08:20:51
5670,38,17,9,3,1,16,20230829,282,2025-11-16 08:20:51
5671,35,20,7,3,2,17,20230829,591,2025-11-16 08:20:51
5672,31,20,3,3,1,18,20230829,547,2025-11-16 08:20:51
5673,31,20,3,3,1,19,20230829,367,2025-11-16 08:20:51
5674,32,46,9,3,1,20,20230829,277,2025-11-16 08:20:51
5675,32,46,6,3,1,21,20230829,202,2025-11-16 08:20:51
5676,33,15,8,3,1,22,20230829,142,2025-11-16 08:20:51
5677,27,55,2,3,1,23,20230829,75,2025-11-16 08:20:51
5678,25,63,8,3,1,0,20230830,27,2025-11-16 08:20:51
5679,25,32,15,3,1,1,20230830,13,2025-11-16 08:20:51
5680,29,63,15,3,1,2,20230830,10,2025-11-16 08:20:51
5681,29,63,6,3,1,3,20230830,4,2025-11-16 08:20:51
5682,24,6,9,3,1,4,20230830,6,2025-11-16 08:20:51
5683,24,6,2,3,1,5,20230830,28,2025-11-16 08:20:51
5684,29,63,15,3,1,6,20230830,119,2025-11-16 08:20:51
5685,25,32,8,3,1,7,20230830,357,2025-11-16 08:20:51
5686,33,15,8,3,1,8,20230830,493,2025-11-16 08:20:51
5687,31,21,7,3,1,9,20230830,218,2025-11-16 08:20:51
5688,35,18,7,3,1,10,20230830,137,2025-11-16 08:20:51
5689,38,39,6,3,1,11,20230830,175,2025-11-16 08:20:51
5690,38,39,1,3,1,12,20230830,237,2025-11-16 08:20:51
5691,36,24,15,3,1,13,20230830,229,2025-11-16 08:20:51
5692,36,40,9,3,1,14,20230830,209,2025-11-16 08:20:51
5693,36,24,7,3,1,15,20230830,196,2025-11-16 08:20:51
5694,36,39,9,3,1,16,20230830,337,2025-11-16 08:20:51
5695,38,17,6,3,1,17,20230830,611,2025-11-16 08:20:51
5696,35,50,9,3,1,18,20230830,576,2025-11-16 08:20:51
5697,31,21,2,3,1,19,20230830,465,2025-11-16 08:20:51
5698,31,21,1,3,1,20,20230830,298,2025-11-16 08:20:51
5699,32,56,2,3,1,21,20230830,223,2025-11-16 08:20:51
5700,33,54,1,3,1,22,20230830,143,2025-11-16 08:20:51
5701,33,54,1,3,1,23,20230830,93,2025-11-16 08:20:51
5702,27,28,1,3,1,0,20230831,32,2025-11-16 08:20:51
5703,27,28,1,3,1,1,20230831,15,2025-11-16 08:20:51
5704,25,63,1,3,1,2,20230831,6,2025-11-16 08:20:51
5705,25,84,1,3,1,3,20230831,6,2025-11-16 08:20:51
5706,25,63,1,3,1,4,20230831,5,2025-11-16 08:20:51
5707,29,83,2,3,1,5,20230831,27,2025-11-16 08:20:51
5708,29,6,1,3,1,6,20230831,111,2025-11-16 08:20:51
5709,27,84,1,3,1,7,20230831,328,2025-11-16 08:20:51
5710,33,28,1,3,1,8,20230831,467,2025-11-16 08:20:51
5711,32,28,2,3,1,9,20230831,244,2025-11-16 08:20:51
5712,35,50,15,3,1,10,20230831,138,2025-11-16 08:20:51
5713,38,17,8,3,1,11,20230831,171,2025-11-16 08:20:51
5714,36,22,8,3,1,12,20230831,260,2025-11-16 08:20:51
5715,36,39,15,3,1,13,20230831,221,2025-11-16 08:20:51
5716,36,23,8,3,1,14,20230831,196,2025-11-16 08:20:51
5717,36,23,8,3,1,15,20230831,172,2025-11-16 08:20:51
5718,36,17,8,3,1,16,20230831,309,2025-11-16 08:20:51
5719,38,50,8,3,1,17,20230831,608,2025-11-16 08:20:51
5720,35,34,7,3,1,18,20230831,565,2025-11-16 08:20:51
5721,45,20,3,3,1,19,20230831,446,2025-11-16 08:20:51
5722,31,15,8,3,1,20,20230831,289,2025-11-16 08:20:51
5723,31,54,2,3,1,21,20230831,201,2025-11-16 08:20:51
5724,32,28,1,3,1,22,20230831,157,2025-11-16 08:20:51
5725,27,84,15,3,1,23,20230831,84,2025-11-16 08:20:51
5726,27,84,15,3,1,0,20230901,51,2025-11-16 08:20:51
5727,27,63,2,3,1,1,20230901,21,2025-11-16 08:20:51
5728,26,84,2,3,1,2,20230901,25,2025-11-16 08:20:51
5729,26,84,2,3,1,3,20230901,14,2025-11-16 08:20:51
5730,25,83,2,3,1,4,20230901,7,2025-11-16 08:20:51
5731,25,63,2,3,1,5,20230901,23,2025-11-16 08:20:51
5732,27,84,1,3,1,6,20230901,105,2025-11-16 08:20:51
5733,27,84,1,3,1,7,20230901,342,2025-11-16 08:20:51
5734,33,63,8,3,1,8,20230901,498,2025-11-16 08:20:51
5735,32,28,15,3,1,9,20230901,207,2025-11-16 08:20:51
5736,34,54,8,3,1,10,20230901,138,2025-11-16 08:20:51
5737,38,34,8,3,1,11,20230901,192,2025-11-16 08:20:51
5738,38,34,8,3,2,12,20230901,229,2025-11-16 08:20:51
5739,38,38,2,3,2,13,20230901,219,2025-11-16 08:20:51
5740,38,48,3,3,3,14,20230901,198,2025-11-16 08:20:51
5741,38,34,8,3,1,15,20230901,174,2025-11-16 08:20:51
5742,36,34,6,3,1,16,20230901,308,2025-11-16 08:20:51
5743,38,48,3,3,1,17,20230901,628,2025-11-16 08:20:51
5744,38,48,7,3,1,18,20230901,531,2025-11-16 08:20:51
5745,35,53,9,3,1,19,20230901,443,2025-11-16 08:20:51
5746,31,54,7,3,1,20,20230901,280,2025-11-16 08:20:51
5747,31,15,6,3,2,21,20230901,177,2025-11-16 08:20:51
5748,31,15,7,3,2,22,20230901,179,2025-11-16 08:20:51
5749,32,56,3,3,1,23,20230901,126,2025-11-16 08:20:51
5750,32,56,6,3,1,0,20230902,64,2025-11-16 08:20:51
5751,33,63,15,3,3,1,20230902,32,2025-11-16 08:20:51
5752,33,63,15,3,3,2,20230902,20,2025-11-16 08:20:51
5753,27,83,9,3,2,3,20230902,8,2025-11-16 08:20:51
5754,27,83,2,3,1,4,20230902,4,2025-11-16 08:20:51
5755,27,83,8,3,2,5,20230902,20,2025-11-16 08:20:51
5756,27,83,8,3,1,6,20230902,76,2025-11-16 08:20:51
5757,27,83,15,3,1,7,20230902,259,2025-11-16 08:20:51
5758,33,84,6,3,1,8,20230902,456,2025-11-16 08:20:51
5759,33,83,15,3,2,9,20230902,220,2025-11-16 08:20:51
5760,32,5,9,3,2,10,20230902,140,2025-11-16 08:20:51
5761,31,33,15,3,2,11,20230902,192,2025-11-16 08:20:51
5762,31,28,7,3,2,12,20230902,260,2025-11-16 08:20:51
5763,34,56,8,3,2,13,20230902,279,2025-11-16 08:20:51
5764,35,54,15,3,2,14,20230902,283,2025-11-16 08:20:51
5765,35,54,3,3,2,15,20230902,346,2025-11-16 08:20:51
5766,35,54,8,3,2,16,20230902,381,2025-11-16 08:20:51
5767,34,56,9,3,2,17,20230902,455,2025-11-16 08:20:51
5768,34,56,6,3,2,18,20230902,355,2025-11-16 08:20:51
5769,31,28,8,3,1,19,20230902,287,2025-11-16 08:20:51
5770,32,63,1,3,1,20,20230902,196,2025-11-16 08:20:51
5771,32,63,2,3,2,21,20230902,149,2025-11-16 08:20:51
5772,32,63,9,3,2,22,20230902,147,2025-11-16 08:20:51
5773,32,63,9,3,2,23,20230902,98,2025-11-16 08:20:51
5774,32,63,15,3,2,0,20230903,87,2025-11-16 08:20:51
5775,32,28,3,3,2,1,20230903,74,2025-11-16 08:20:51
5776,32,28,7,3,2,2,20230903,41,2025-11-16 08:20:51
5777,33,63,9,3,1,3,20230903,35,2025-11-16 08:20:51
5778,33,63,9,3,1,4,20230903,7,2025-11-16 08:20:51
5779,33,28,6,3,1,5,20230903,12,2025-11-16 08:20:51
5780,33,63,9,3,1,6,20230903,23,2025-11-16 08:20:51
5781,33,63,6,3,1,7,20230903,38,2025-11-16 08:20:51
5782,32,28,9,3,1,8,20230903,89,2025-11-16 08:20:51
5783,31,28,3,3,2,9,20230903,201,2025-11-16 08:20:51
5784,31,56,3,3,3,10,20230903,258,2025-11-16 08:20:51
5785,31,28,4,3,3,11,20230903,194,2025-11-16 08:20:51
5786,35,54,7,3,1,12,20230903,257,2025-11-16 08:20:51
5787,35,56,7,3,1,13,20230903,353,2025-11-16 08:20:51
5788,38,14,9,3,2,14,20230903,380,2025-11-16 08:20:51
5789,38,57,9,3,1,15,20230903,388,2025-11-16 08:20:51
5790,38,57,6,3,1,16,20230903,374,2025-11-16 08:20:51
5791,38,57,7,3,1,17,20230903,371,2025-11-16 08:20:51
5792,38,57,9,3,1,18,20230903,339,2025-11-16 08:20:51
5793,35,33,8,3,1,19,20230903,295,2025-11-16 08:20:51
5794,35,87,9,3,1,20,20230903,219,2025-11-16 08:20:51
5795,34,83,8,3,1,21,20230903,164,2025-11-16 08:20:51
5796,34,83,15,3,1,22,20230903,162,2025-11-16 08:20:51
5797,31,80,8,3,1,23,20230903,123,2025-11-16 08:20:51
5798,31,86,6,3,1,0,20230904,109,2025-11-16 08:20:51
5799,31,83,8,3,1,1,20230904,75,2025-11-16 08:20:51
5800,31,83,6,3,1,2,20230904,60,2025-11-16 08:20:51
5801,32,86,6,3,1,3,20230904,43,2025-11-16 08:20:51
5802,32,83,9,3,1,4,20230904,4,2025-11-16 08:20:51
5803,32,83,8,3,1,5,20230904,6,2025-11-16 08:20:51
5804,32,85,7,3,1,6,20230904,3,2025-11-16 08:20:51
5805,31,84,6,3,1,7,20230904,30,2025-11-16 08:20:51
5806,31,84,9,3,1,8,20230904,70,2025-11-16 08:20:51
5807,31,84,9,3,1,9,20230904,189,2025-11-16 08:20:51
5808,35,33,8,3,1,10,20230904,297,2025-11-16 08:20:51
5809,36,57,9,3,1,11,20230904,337,2025-11-16 08:20:51
5810,37,14,9,3,1,12,20230904,435,2025-11-16 08:20:51
5811,39,52,4,3,2,13,20230904,419,2025-11-16 08:20:51
5812,39,14,10,3,1,14,20230904,361,2025-11-16 08:20:51
5813,39,14,4,3,1,15,20230904,410,2025-11-16 08:20:51
5814,41,30,7,3,1,16,20230904,337,2025-11-16 08:20:51
5815,37,14,7,3,1,17,20230904,376,2025-11-16 08:20:51
5816,37,14,6,3,1,18,20230904,356,2025-11-16 08:20:51
5817,36,57,6,3,1,19,20230904,328,2025-11-16 08:20:51
5818,36,57,5,3,1,20,20230904,229,2025-11-16 08:20:51
5819,38,33,3,3,1,21,20230904,207,2025-11-16 08:20:51
5820,38,33,4,3,2,22,20230904,155,2025-11-16 08:20:51
5821,38,57,9,3,2,23,20230904,104,2025-11-16 08:20:51
5822,35,33,7,3,2,0,20230905,97,2025-11-16 08:20:51
5823,34,87,15,3,2,1,20230905,54,2025-11-16 08:20:51
5824,34,87,9,3,2,2,20230905,39,2025-11-16 08:20:51
5825,34,33,5,3,2,3,20230905,16,2025-11-16 08:20:51
5826,34,28,4,3,2,4,20230905,8,2025-11-16 08:20:51
5827,31,33,9,3,2,5,20230905,6,2025-11-16 08:20:51
5828,31,33,8,3,2,6,20230905,11,2025-11-16 08:20:51
5829,31,33,9,3,1,7,20230905,41,2025-11-16 08:20:51
5830,31,84,6,3,2,8,20230905,101,2025-11-16 08:20:51
5831,34,33,9,3,3,9,20230905,152,2025-11-16 08:20:51
5832,35,57,9,3,2,10,20230905,244,2025-11-16 08:20:51
5833,35,33,9,3,2,11,20230905,308,2025-11-16 08:20:51
5834,38,57,6,3,2,12,20230905,353,2025-11-16 08:20:51
5835,36,57,8,3,2,13,20230905,389,2025-11-16 08:20:51
5836,36,57,9,3,1,14,20230905,357,2025-11-16 08:20:51
5837,34,87,4,3,2,15,20230905,253,2025-11-16 08:20:51
5838,34,87,4,3,2,16,20230905,284,2025-11-16 08:20:51
5839,31,86,15,3,2,17,20230905,114,2025-11-16 08:20:51
5840,31,86,2,3,1,18,20230905,123,2025-11-16 08:20:51
5841,31,11,15,3,3,19,20230905,175,2025-11-16 08:20:51
5842,31,11,3,3,3,20,20230905,82,2025-11-16 08:20:51
5843,31,11,5,3,2,21,20230905,60,2025-11-16 08:20:51
5844,27,9,20,3,2,22,20230905,64,2025-11-16 08:20:51
5845,25,9,14,3,3,23,20230905,20,2025-11-16 08:20:51
5846,29,11,12,3,3,0,20230906,8,2025-11-16 08:20:51
5847,29,11,3,3,3,2,20230906,2,2025-11-16 08:20:51
5848,29,11,5,3,3,3,20230906,1,2025-11-16 08:20:51
5849,29,11,5,3,2,4,20230906,4,2025-11-16 08:20:51
5850,29,9,12,3,3,5,20230906,21,2025-11-16 08:20:51
5851,29,9,10,3,2,6,20230906,72,2025-11-16 08:20:51
5852,29,83,12,3,2,7,20230906,172,2025-11-16 08:20:51
5853,29,83,14,3,3,8,20230906,364,2025-11-16 08:20:51
5854,29,1,13,3,2,9,20230906,185,2025-11-16 08:20:51
5855,29,83,12,3,3,10,20230906,106,2025-11-16 08:20:51
5856,29,83,14,3,3,11,20230906,89,2025-11-16 08:20:51
5857,29,83,14,3,3,12,20230906,67,2025-11-16 08:20:51
5858,29,9,5,3,3,13,20230906,29,2025-11-16 08:20:51
5859,29,9,4,3,3,14,20230906,24,2025-11-16 08:20:51
5860,29,11,14,3,3,15,20230906,89,2025-11-16 08:20:51
5861,29,11,14,3,3,16,20230906,106,2025-11-16 08:20:51
5862,29,9,14,3,2,17,20230906,291,2025-11-16 08:20:51
5863,29,9,14,3,2,18,20230906,373,2025-11-16 08:20:51
5864,29,9,13,3,2,19,20230906,281,2025-11-16 08:20:51
5865,29,9,5,3,3,20,20230906,163,2025-11-16 08:20:51
5866,29,9,4,3,3,21,20230906,121,2025-11-16 08:20:51
5867,29,11,10,3,2,22,20230906,84,2025-11-16 08:20:51
5868,29,11,3,3,3,23,20230906,58,2025-11-16 08:20:51
5869,29,11,7,3,2,0,20230907,13,2025-11-16 08:20:51
5870,29,11,3,3,3,1,20230907,5,2025-11-16 08:20:51
5871,29,11,7,3,2,2,20230907,6,2025-11-16 08:20:51
5872,25,11,8,3,3,3,20230907,2,2025-11-16 08:20:51
5873,25,11,9,3,3,4,20230907,4,2025-11-16 08:20:51
5874,25,12,8,3,2,5,20230907,16,2025-11-16 08:20:51
5875,27,9,15,3,3,6,20230907,75,2025-11-16 08:20:51
5876,27,9,2,3,3,7,20230907,86,2025-11-16 08:20:51
5877,33,11,2,3,3,8,20230907,328,2025-11-16 08:20:51
5878,27,9,8,3,3,9,20230907,190,2025-11-16 08:20:51
5879,27,9,8,3,3,10,20230907,66,2025-11-16 08:20:51
5880,27,11,1,3,3,11,20230907,10,2025-11-16 08:20:51
5881,25,11,1,3,3,12,20230907,22,2025-11-16 08:20:51
5882,27,9,1,3,3,13,20230907,11,2025-11-16 08:20:51
5883,27,44,1,3,3,14,20230907,25,2025-11-16 08:20:51
5884,33,11,15,3,3,15,20230907,58,2025-11-16 08:20:51
5885,32,86,1,3,1,16,20230907,144,2025-11-16 08:20:51
5886,32,86,1,3,3,17,20230907,285,2025-11-16 08:20:51
5887,32,86,1,3,3,18,20230907,237,2025-11-16 08:20:51
5888,32,86,1,3,2,19,20230907,226,2025-11-16 08:20:51
5889,32,86,2,3,3,20,20230907,96,2025-11-16 08:20:51
5890,32,86,2,3,3,21,20230907,38,2025-11-16 08:20:51
5891,33,11,9,3,3,22,20230907,29,2025-11-16 08:20:51
5892,33,11,6,3,3,23,20230907,24,2025-11-16 08:20:51
5893,27,12,6,3,3,0,20230908,14,2025-11-16 08:20:51
5894,33,11,15,3,3,1,20230908,4,2025-11-16 08:20:51
5895,33,11,1,3,3,3,20230908,2,2025-11-16 08:20:51
5896,33,11,2,3,2,4,20230908,3,2025-11-16 08:20:51
5897,33,11,2,3,3,5,20230908,14,2025-11-16 08:20:51
5898,33,11,9,3,3,6,20230908,56,2025-11-16 08:20:51
5899,33,11,15,3,3,7,20230908,179,2025-11-16 08:20:51
5900,33,11,8,3,3,8,20230908,195,2025-11-16 08:20:51
5901,33,12,3,3,2,9,20230908,69,2025-11-16 08:20:51
5902,32,11,15,3,2,10,20230908,65,2025-11-16 08:20:51
5903,32,11,7,3,2,11,20230908,98,2025-11-16 08:20:51
5904,31,11,7,3,2,12,20230908,102,2025-11-16 08:20:51
5905,34,83,14,3,2,13,20230908,126,2025-11-16 08:20:51
5906,35,87,12,3,2,14,20230908,120,2025-11-16 08:20:51
5907,31,86,5,3,3,15,20230908,139,2025-11-16 08:20:51
5908,32,11,4,3,3,16,20230908,156,2025-11-16 08:20:51
5909,32,11,4,3,3,17,20230908,113,2025-11-16 08:20:51
5910,32,11,12,3,3,18,20230908,68,2025-11-16 08:20:51
5911,33,12,10,3,3,19,20230908,52,2025-11-16 08:20:51
5912,33,11,9,3,2,20,20230908,89,2025-11-16 08:20:51
5913,32,11,15,3,3,21,20230908,82,2025-11-16 08:20:51
5914,33,12,2,3,3,22,20230908,70,2025-11-16 08:20:51
5915,33,12,2,3,3,23,20230908,26,2025-11-16 08:20:51
5916,32,11,6,3,3,0,20230909,16,2025-11-16 08:20:51
5917,33,12,9,3,2,1,20230909,8,2025-11-16 08:20:51
5918,33,12,3,3,2,2,20230909,8,2025-11-16 08:20:51
5919,33,11,3,3,2,3,20230909,2,2025-11-16 08:20:51
5920,33,11,9,3,3,4,20230909,3,2025-11-16 08:20:51
5921,33,11,8,3,2,5,20230909,14,2025-11-16 08:20:51
5922,33,12,8,3,2,6,20230909,57,2025-11-16 08:20:51
5923,33,12,3,3,3,7,20230909,108,2025-11-16 08:20:51
5924,33,11,9,3,3,8,20230909,288,2025-11-16 08:20:51
5925,33,11,9,3,3,9,20230909,136,2025-11-16 08:20:51
5926,33,12,1,3,2,10,20230909,29,2025-11-16 08:20:51
5927,33,11,1,3,2,11,20230909,72,2025-11-16 08:20:51
5928,32,11,1,3,1,12,20230909,75,2025-11-16 08:20:51
5929,35,87,2,3,1,13,20230909,122,2025-11-16 08:20:51
5930,38,33,2,3,1,14,20230909,148,2025-11-16 08:20:51
5931,36,14,1,3,1,15,20230909,188,2025-11-16 08:20:51
5932,36,14,8,3,1,16,20230909,285,2025-11-16 08:20:51
5933,35,87,3,3,1,17,20230909,505,2025-11-16 08:20:51
5934,35,87,6,3,1,18,20230909,410,2025-11-16 08:20:51
5935,31,86,9,3,1,19,20230909,349,2025-11-16 08:20:51
5936,32,11,2,3,1,20,20230909,210,2025-11-16 08:20:51
5937,31,86,1,3,1,21,20230909,203,2025-11-16 08:20:51
5938,33,11,1,3,1,22,20230909,160,2025-11-16 08:20:51
5939,33,11,2,3,1,23,20230909,148,2025-11-16 08:20:51
5940,33,11,1,3,1,0,20230910,116,2025-11-16 08:20:51
5941,33,11,1,3,2,1,20230910,83,2025-11-16 08:20:51
5942,27,88,15,3,2,2,20230910,64,2025-11-16 08:20:51
5943,26,12,8,3,1,3,20230910,37,2025-11-16 08:20:51
5944,26,11,2,3,1,4,20230910,7,2025-11-16 08:20:51
5945,26,11,8,3,1,5,20230910,8,2025-11-16 08:20:51
5946,26,11,9,3,1,6,20230910,6,2025-11-16 08:20:51
5947,27,9,8,3,1,7,20230910,52,2025-11-16 08:20:51
5948,33,83,9,3,1,8,20230910,119,2025-11-16 08:20:51
5949,32,84,5,3,1,9,20230910,207,2025-11-16 08:20:51
5950,35,56,3,3,1,10,20230910,318,2025-11-16 08:20:51
5951,38,52,3,3,1,11,20230910,360,2025-11-16 08:20:51
5952,38,52,7,3,1,12,20230910,404,2025-11-16 08:20:51
5953,36,29,4,3,1,13,20230910,370,2025-11-16 08:20:51
5954,36,29,4,3,1,14,20230910,359,2025-11-16 08:20:51
5955,36,29,7,3,1,15,20230910,480,2025-11-16 08:20:51
5956,36,29,6,3,1,16,20230910,431,2025-11-16 08:20:51
5957,36,29,7,3,1,17,20230910,460,2025-11-16 08:20:51
5958,38,53,6,3,1,18,20230910,360,2025-11-16 08:20:51
5959,35,53,8,3,1,19,20230910,315,2025-11-16 08:20:51
5960,31,28,15,3,1,20,20230910,245,2025-11-16 08:20:51
5961,32,84,2,3,1,21,20230910,230,2025-11-16 08:20:51
5962,32,84,1,3,1,22,20230910,175,2025-11-16 08:20:51
5963,33,9,1,3,2,23,20230910,139,2025-11-16 08:20:51
5964,33,9,1,3,1,0,20230911,108,2025-11-16 08:20:51
5965,33,9,1,3,2,1,20230911,88,2025-11-16 08:20:51
5966,33,84,6,3,2,2,20230911,76,2025-11-16 08:20:51
5967,33,84,2,3,2,3,20230911,45,2025-11-16 08:20:51
5968,27,83,8,3,1,4,20230911,9,2025-11-16 08:20:51
5969,27,83,8,3,1,5,20230911,39,2025-11-16 08:20:51
5970,26,9,15,3,1,6,20230911,20,2025-11-16 08:20:51
5971,27,9,1,3,1,7,20230911,37,2025-11-16 08:20:51
5972,32,84,1,3,1,8,20230911,94,2025-11-16 08:20:51
5973,31,33,1,3,1,9,20230911,227,2025-11-16 08:20:51
5974,35,56,1,3,1,10,20230911,334,2025-11-16 08:20:51
5975,35,56,1,3,1,11,20230911,402,2025-11-16 08:20:51
5976,35,56,1,3,1,12,20230911,411,2025-11-16 08:20:51
5977,36,53,15,3,1,13,20230911,350,2025-11-16 08:20:51
5978,38,53,4,3,1,14,20230911,342,2025-11-16 08:20:51
5979,36,34,5,3,1,15,20230911,404,2025-11-16 08:20:51
5980,38,34,5,3,1,16,20230911,483,2025-11-16 08:20:51
5981,38,34,8,3,1,17,20230911,380,2025-11-16 08:20:51
5982,34,56,5,3,1,18,20230911,339,2025-11-16 08:20:51
5983,32,28,15,3,1,19,20230911,333,2025-11-16 08:20:51
5984,33,63,15,3,1,20,20230911,226,2025-11-16 08:20:51
5985,32,28,1,3,1,21,20230911,159,2025-11-16 08:20:51
5986,33,28,14,3,1,22,20230911,95,2025-11-16 08:20:51
5987,26,84,2,3,3,23,20230911,45,2025-11-16 08:20:51
5988,25,9,2,3,1,0,20230912,16,2025-11-16 08:20:51
5989,25,9,1,3,1,1,20230912,12,2025-11-16 08:20:51
5990,25,9,1,3,1,2,20230912,2,2025-11-16 08:20:51
5991,29,11,15,3,1,4,20230912,4,2025-11-16 08:20:51
5992,25,83,1,3,1,5,20230912,24,2025-11-16 08:20:51
5993,25,83,1,3,1,6,20230912,109,2025-11-16 08:20:51
5994,26,83,1,3,1,7,20230912,312,2025-11-16 08:20:51
5995,27,84,2,3,1,8,20230912,408,2025-11-16 08:20:51
5996,32,28,1,3,1,9,20230912,176,2025-11-16 08:20:51
5997,34,52,9,3,1,10,20230912,129,2025-11-16 08:20:51
5998,35,53,6,3,1,11,20230912,165,2025-11-16 08:20:51
5999,38,34,6,3,1,12,20230912,184,2025-11-16 08:20:51
6000,38,48,15,3,1,13,20230912,163,2025-11-16 08:20:51
6001,36,34,9,3,1,14,20230912,189,2025-11-16 08:20:51
6002,36,38,2,3,1,15,20230912,212,2025-11-16 08:20:51
6003,38,38,1,3,1,16,20230912,298,2025-11-16 08:20:51
6004,38,34,9,3,1,17,20230912,590,2025-11-16 08:20:51
6005,35,48,6,3,1,18,20230912,571,2025-11-16 08:20:51
6006,34,15,8,3,1,19,20230912,436,2025-11-16 08:20:51
6007,31,56,1,3,1,20,20230912,299,2025-11-16 08:20:51
6008,32,63,2,3,1,21,20230912,195,2025-11-16 08:20:51
6009,33,83,9,3,1,22,20230912,150,2025-11-16 08:20:51
6010,33,83,15,3,1,23,20230912,69,2025-11-16 08:20:51
6011,27,9,15,3,1,0,20230913,26,2025-11-16 08:20:51
6012,26,83,15,3,1,1,20230913,10,2025-11-16 08:20:51
6013,27,84,1,3,1,2,20230913,2,2025-11-16 08:20:51
6014,26,83,1,3,1,3,20230913,4,2025-11-16 08:20:51
6015,25,9,1,3,1,4,20230913,8,2025-11-16 08:20:51
6016,25,9,1,3,1,5,20230913,20,2025-11-16 08:20:51
6017,25,9,15,3,1,6,20230913,122,2025-11-16 08:20:51
6018,26,83,2,3,1,7,20230913,362,2025-11-16 08:20:51
6019,27,1,15,3,1,8,20230913,425,2025-11-16 08:20:51
6020,32,28,2,3,1,9,20230913,214,2025-11-16 08:20:51
6021,34,28,8,3,1,10,20230913,135,2025-11-16 08:20:51
6022,35,54,9,3,1,11,20230913,153,2025-11-16 08:20:51
6023,38,53,7,3,1,12,20230913,187,2025-11-16 08:20:51
6024,36,34,4,3,1,13,20230913,184,2025-11-16 08:20:51
6025,36,34,10,3,1,14,20230913,190,2025-11-16 08:20:51
6026,36,34,5,3,1,15,20230913,180,2025-11-16 08:20:51
6027,36,34,7,3,1,16,20230913,292,2025-11-16 08:20:51
6028,36,34,7,3,1,17,20230913,579,2025-11-16 08:20:51
6029,35,54,9,3,1,18,20230913,539,2025-11-16 08:20:51
6030,34,28,9,3,1,19,20230913,396,2025-11-16 08:20:51
6031,31,33,6,3,1,20,20230913,272,2025-11-16 08:20:51
6032,32,84,9,3,1,21,20230913,245,2025-11-16 08:20:51
6033,32,84,8,3,1,22,20230913,144,2025-11-16 08:20:51
6034,32,84,15,3,1,23,20230913,74,2025-11-16 08:20:51
6035,33,84,2,3,1,0,20230914,33,2025-11-16 08:20:51
6036,33,84,2,3,1,1,20230914,8,2025-11-16 08:20:51
6037,27,83,1,3,1,2,20230914,5,2025-11-16 08:20:51
6038,27,9,8,3,1,3,20230914,8,2025-11-16 08:20:51
6039,27,83,2,3,1,4,20230914,9,2025-11-16 08:20:51
6040,26,9,15,3,1,5,20230914,31,2025-11-16 08:20:51
6041,26,9,15,3,1,6,20230914,145,2025-11-16 08:20:51
6042,27,83,15,3,1,7,20230914,370,2025-11-16 08:20:51
6043,33,83,9,3,1,8,20230914,429,2025-11-16 08:20:51
6044,32,84,9,3,1,9,20230914,202,2025-11-16 08:20:51
6045,35,57,8,3,1,10,20230914,142,2025-11-16 08:20:51
6046,38,14,9,3,1,11,20230914,164,2025-11-16 08:20:51
6047,36,53,7,3,1,12,20230914,212,2025-11-16 08:20:51
6048,37,29,3,3,1,13,20230914,178,2025-11-16 08:20:51
6049,39,36,7,3,1,14,20230914,124,2025-11-16 08:20:51
6050,39,37,3,3,1,15,20230914,176,2025-11-16 08:20:51
6051,37,36,4,3,1,16,20230914,277,2025-11-16 08:20:51
6052,37,36,4,3,1,17,20230914,599,2025-11-16 08:20:51
6053,38,52,9,3,1,18,20230914,586,2025-11-16 08:20:51
6054,35,57,15,3,2,19,20230914,381,2025-11-16 08:20:51
6055,38,53,13,3,2,20,20230914,261,2025-11-16 08:20:51
6056,31,56,7,3,2,21,20230914,213,2025-11-16 08:20:51
6057,31,56,8,3,2,22,20230914,160,2025-11-16 08:20:51
6058,32,28,15,3,2,23,20230914,72,2025-11-16 08:20:51
6059,32,28,8,3,1,0,20230915,37,2025-11-16 08:20:51
6060,32,28,9,3,1,1,20230915,20,2025-11-16 08:20:51
6061,33,63,15,3,1,2,20230915,5,2025-11-16 08:20:51
6062,33,63,2,3,1,3,20230915,8,2025-11-16 08:20:51
6063,27,84,15,3,1,4,20230915,7,2025-11-16 08:20:51
6064,27,84,1,3,1,5,20230915,31,2025-11-16 08:20:51
6065,27,83,3,3,2,6,20230915,124,2025-11-16 08:20:51
6066,33,84,6,3,2,7,20230915,338,2025-11-16 08:20:51
6067,32,63,8,3,1,8,20230915,391,2025-11-16 08:20:51
6068,32,63,12,3,2,9,20230915,209,2025-11-16 08:20:51
6069,31,28,3,3,2,10,20230915,121,2025-11-16 08:20:51
6070,34,56,8,3,2,11,20230915,159,2025-11-16 08:20:51
6071,31,28,5,3,2,12,20230915,179,2025-11-16 08:20:51
6072,32,56,4,3,2,13,20230915,189,2025-11-16 08:20:51
6073,32,56,13,3,2,14,20230915,170,2025-11-16 08:20:51
6074,27,28,13,3,2,15,20230915,135,2025-11-16 08:20:51
6075,29,6,18,3,2,16,20230915,222,2025-11-16 08:20:51
6076,28,8,18,3,3,17,20230915,261,2025-11-16 08:20:51
6077,28,69,22,3,3,18,20230915,244,2025-11-16 08:20:51
6078,8,69,18,3,1,19,20230915,232,2025-11-16 08:20:51
6079,8,31,10,3,1,20,20230915,248,2025-11-16 08:20:51
6080,8,31,10,3,1,21,20230915,145,2025-11-16 08:20:51
6081,9,69,4,3,1,22,20230915,115,2025-11-16 08:20:51
6082,9,69,7,3,1,23,20230915,69,2025-11-16 08:20:51
6083,7,13,7,3,1,0,20230916,48,2025-11-16 08:20:51
6084,7,69,6,3,1,1,20230916,26,2025-11-16 08:20:51
6085,10,13,4,3,1,2,20230916,10,2025-11-16 08:20:51
6086,10,13,3,3,1,3,20230916,6,2025-11-16 08:20:51
6087,10,13,4,3,1,4,20230916,4,2025-11-16 08:20:51
6088,5,5,6,3,1,5,20230916,32,2025-11-16 08:20:51
6089,5,13,7,3,1,6,20230916,93,2025-11-16 08:20:51
6090,10,13,4,3,1,7,20230916,299,2025-11-16 08:20:51
6091,7,69,7,3,1,8,20230916,409,2025-11-16 08:20:51
6092,8,29,3,3,1,9,20230916,210,2025-11-16 08:20:51
6093,30,34,4,3,2,10,20230916,140,2025-11-16 08:20:51
6094,30,34,8,3,2,11,20230916,179,2025-11-16 08:20:51
6095,24,50,1,3,2,12,20230916,251,2025-11-16 08:20:51
6096,29,17,1,3,2,13,20230916,223,2025-11-16 08:20:51
6097,29,50,9,3,2,14,20230916,225,2025-11-16 08:20:51
6098,29,50,7,3,2,15,20230916,203,2025-11-16 08:20:51
6099,24,38,9,3,2,16,20230916,358,2025-11-16 08:20:51
6100,24,38,8,3,2,17,20230916,566,2025-11-16 08:20:51
6101,24,36,9,3,2,18,20230916,482,2025-11-16 08:20:51
6102,30,29,9,3,2,19,20230916,315,2025-11-16 08:20:51
6103,30,29,1,3,2,20,20230916,225,2025-11-16 08:20:51
6104,30,31,1,3,2,21,20230916,163,2025-11-16 08:20:51
6105,28,69,2,3,1,22,20230916,167,2025-11-16 08:20:51
6106,30,30,1,3,1,23,20230916,126,2025-11-16 08:20:51
6107,8,7,9,3,1,0,20230917,108,2025-11-16 08:20:51
6108,8,7,15,3,1,1,20230917,80,2025-11-16 08:20:51
6109,8,8,2,3,1,2,20230917,79,2025-11-16 08:20:51
6110,8,7,8,3,1,3,20230917,28,2025-11-16 08:20:51
6111,8,7,8,3,1,4,20230917,5,2025-11-16 08:20:51
6112,8,7,9,3,1,5,20230917,5,2025-11-16 08:20:51
6113,8,7,7,3,2,6,20230917,22,2025-11-16 08:20:51
6114,8,6,6,3,2,7,20230917,37,2025-11-16 08:20:51
6115,8,6,3,3,2,8,20230917,108,2025-11-16 08:20:51
6116,28,69,7,3,2,9,20230917,177,2025-11-16 08:20:51
6117,30,32,4,3,2,10,20230917,249,2025-11-16 08:20:51
6118,24,32,7,3,2,11,20230917,367,2025-11-16 08:20:51
6119,24,69,7,3,2,12,20230917,372,2025-11-16 08:20:51
6120,24,32,6,3,2,13,20230917,349,2025-11-16 08:20:51
6121,24,7,6,3,2,14,20230917,297,2025-11-16 08:20:51
6122,24,7,6,3,2,15,20230917,354,2025-11-16 08:20:51
6123,29,32,3,3,1,16,20230917,305,2025-11-16 08:20:51
6124,24,7,7,3,1,17,20230917,359,2025-11-16 08:20:51
6125,24,7,7,3,2,18,20230917,329,2025-11-16 08:20:51
6126,24,32,8,3,1,19,20230917,256,2025-11-16 08:20:51
6127,24,32,8,3,1,20,20230917,176,2025-11-16 08:20:51
6128,30,7,6,3,2,21,20230917,170,2025-11-16 08:20:51
6129,30,7,7,3,1,22,20230917,143,2025-11-16 08:20:51
6130,8,8,9,3,1,23,20230917,136,2025-11-16 08:20:51
6131,8,6,7,3,1,0,20230918,112,2025-11-16 08:20:51
6132,8,6,7,3,1,1,20230918,79,2025-11-16 08:20:51
6133,9,8,3,3,1,2,20230918,89,2025-11-16 08:20:51
6134,9,8,6,3,1,3,20230918,36,2025-11-16 08:20:51
6135,9,6,7,3,1,4,20230918,1,2025-11-16 08:20:51
6136,9,6,7,3,1,5,20230918,6,2025-11-16 08:20:51
6137,9,6,3,3,1,6,20230918,12,2025-11-16 08:20:51
6138,8,7,7,3,1,7,20230918,44,2025-11-16 08:20:51
6139,8,7,3,3,1,8,20230918,69,2025-11-16 08:20:51
6140,28,69,3,3,1,9,20230918,140,2025-11-16 08:20:51
6141,30,7,9,3,1,10,20230918,260,2025-11-16 08:20:51
6142,24,32,7,3,1,11,20230918,317,2025-11-16 08:20:51
6143,29,27,8,3,1,12,20230918,364,2025-11-16 08:20:51
6144,25,55,8,3,1,13,20230918,376,2025-11-16 08:20:51
6145,26,35,8,3,2,14,20230918,311,2025-11-16 08:20:51
6146,26,55,8,3,2,15,20230918,365,2025-11-16 08:20:51
6147,25,27,9,3,2,16,20230918,369,2025-11-16 08:20:51
6148,25,27,6,3,2,17,20230918,325,2025-11-16 08:20:51
6149,25,55,15,3,2,18,20230918,289,2025-11-16 08:20:51
6150,29,32,15,3,2,19,20230918,245,2025-11-16 08:20:51
6151,29,32,2,3,2,20,20230918,180,2025-11-16 08:20:51
6152,29,32,2,3,2,21,20230918,147,2025-11-16 08:20:51
6153,29,32,2,3,2,22,20230918,84,2025-11-16 08:20:51
6154,29,32,6,3,1,23,20230918,54,2025-11-16 08:20:51
6155,24,7,9,3,2,0,20230919,37,2025-11-16 08:20:51
6156,24,7,15,3,2,1,20230919,10,2025-11-16 08:20:51
6157,24,7,8,3,2,2,20230919,13,2025-11-16 08:20:51
6158,30,6,8,3,2,3,20230919,5,2025-11-16 08:20:51
6159,30,6,9,3,2,4,20230919,8,2025-11-16 08:20:51
6160,30,6,6,3,2,5,20230919,28,2025-11-16 08:20:51
6161,30,6,7,3,1,6,20230919,113,2025-11-16 08:20:51
6162,30,8,7,3,2,7,20230919,332,2025-11-16 08:20:51
6163,24,6,8,3,2,8,20230919,420,2025-11-16 08:20:51
6164,29,32,9,3,2,9,20230919,215,2025-11-16 08:20:51
6165,25,27,8,3,2,10,20230919,105,2025-11-16 08:20:51
6166,26,27,9,3,2,11,20230919,139,2025-11-16 08:20:51
6167,26,55,2,3,2,12,20230919,189,2025-11-16 08:20:51
6168,27,55,1,3,2,13,20230919,177,2025-11-16 08:20:51
6169,27,55,6,3,2,14,20230919,188,2025-11-16 08:20:51
6170,27,55,7,3,2,15,20230919,187,2025-11-16 08:20:51
6171,27,55,9,3,2,16,20230919,263,2025-11-16 08:20:51
6172,26,27,8,3,2,17,20230919,568,2025-11-16 08:20:51
6173,25,32,8,3,2,18,20230919,540,2025-11-16 08:20:51
6174,25,32,15,3,2,19,20230919,374,2025-11-16 08:20:51
6175,25,32,8,3,2,20,20230919,231,2025-11-16 08:20:51
6176,25,32,9,3,2,21,20230919,200,2025-11-16 08:20:51
6177,25,32,9,3,2,22,20230919,129,2025-11-16 08:20:51
6178,25,63,6,3,2,23,20230919,68,2025-11-16 08:20:51
6179,25,63,9,3,2,0,20230920,25,2025-11-16 08:20:51
6180,29,9,9,3,2,1,20230920,14,2025-11-16 08:20:51
6181,29,9,9,3,2,2,20230920,5,2025-11-16 08:20:51
6182,29,83,7,3,2,3,20230920,3,2025-11-16 08:20:51
6183,29,9,6,3,1,4,20230920,6,2025-11-16 08:20:51
6184,29,9,6,3,2,5,20230920,22,2025-11-16 08:20:51
6185,29,9,6,3,2,6,20230920,114,2025-11-16 08:20:51
6186,29,9,9,3,2,7,20230920,329,2025-11-16 08:20:51
6187,29,11,3,3,3,8,20230920,209,2025-11-16 08:20:51
6188,29,11,7,3,3,9,20230920,69,2025-11-16 08:20:51
6189,25,9,9,3,3,10,20230920,30,2025-11-16 08:20:51
6190,25,9,9,3,3,11,20230920,56,2025-11-16 08:20:51
6191,25,11,9,3,2,12,20230920,60,2025-11-16 08:20:51
6192,25,11,8,3,2,13,20230920,103,2025-11-16 08:20:51
6193,26,9,6,3,2,14,20230920,112,2025-11-16 08:20:51
6194,33,84,15,3,2,15,20230920,192,2025-11-16 08:20:51
6195,27,83,9,3,2,16,20230920,264,2025-11-16 08:20:51
6196,27,83,15,3,1,17,20230920,511,2025-11-16 08:20:51
6197,27,83,15,3,1,18,20230920,492,2025-11-16 08:20:51
6198,26,9,1,3,1,19,20230920,337,2025-11-16 08:20:51
6199,25,11,1,3,1,20,20230920,253,2025-11-16 08:20:51
6200,25,11,1,3,1,21,20230920,206,2025-11-16 08:20:51
6201,25,11,1,3,1,22,20230920,148,2025-11-16 08:20:51
6202,25,11,1,3,1,23,20230920,81,2025-11-16 08:20:51
6203,29,12,1,3,1,0,20230921,27,2025-11-16 08:20:51
6204,29,11,1,3,1,1,20230921,17,2025-11-16 08:20:51
6205,29,11,1,3,1,2,20230921,6,2025-11-16 08:20:51
6206,29,11,2,3,2,3,20230921,6,2025-11-16 08:20:51
6207,29,12,8,3,2,4,20230921,7,2025-11-16 08:20:51
6208,29,12,9,3,2,5,20230921,31,2025-11-16 08:20:51
6209,29,12,6,3,2,6,20230921,117,2025-11-16 08:20:51
6210,29,12,6,3,2,7,20230921,330,2025-11-16 08:20:51
6211,29,12,15,3,2,8,20230921,462,2025-11-16 08:20:51
6212,25,12,2,3,2,9,20230921,208,2025-11-16 08:20:51
6213,27,9,1,3,2,10,20230921,133,2025-11-16 08:20:51
6214,33,83,9,3,2,11,20230921,180,2025-11-16 08:20:51
6215,32,84,2,3,2,12,20230921,193,2025-11-16 08:20:51
6216,31,33,9,3,2,13,20230921,181,2025-11-16 08:20:51
6217,31,33,6,3,2,14,20230921,179,2025-11-16 08:20:51
6218,31,33,15,3,2,15,20230921,185,2025-11-16 08:20:51
6219,31,33,15,3,2,16,20230921,281,2025-11-16 08:20:51
6220,31,33,9,3,3,17,20230921,536,2025-11-16 08:20:51
6221,32,83,9,3,3,18,20230921,408,2025-11-16 08:20:51
6222,33,11,1,3,3,19,20230921,283,2025-11-16 08:20:51
6223,33,11,1,3,3,20,20230921,160,2025-11-16 08:20:51
6224,27,12,2,3,2,21,20230921,200,2025-11-16 08:20:51
6225,33,11,1,3,2,22,20230921,127,2025-11-16 08:20:51
6226,27,11,15,3,1,23,20230921,95,2025-11-16 08:20:51
6227,27,11,15,3,1,0,20230922,41,2025-11-16 08:20:51
6228,27,11,2,3,2,1,20230922,11,2025-11-16 08:20:51
6229,27,11,15,3,2,2,20230922,10,2025-11-16 08:20:51
6230,27,11,2,3,2,3,20230922,12,2025-11-16 08:20:51
6231,27,11,2,3,2,4,20230922,2,2025-11-16 08:20:51
6232,27,11,15,3,2,5,20230922,30,2025-11-16 08:20:51
6233,27,12,8,3,2,6,20230922,101,2025-11-16 08:20:51
6234,27,12,15,3,2,7,20230922,311,2025-11-16 08:20:51
6235,27,12,9,3,2,8,20230922,415,2025-11-16 08:20:51
6236,33,11,6,3,2,9,20230922,203,2025-11-16 08:20:51
6237,32,86,7,3,2,10,20230922,120,2025-11-16 08:20:51
6238,32,86,6,3,2,11,20230922,165,2025-11-16 08:20:51
6239,31,83,9,3,2,12,20230922,176,2025-11-16 08:20:51
6240,31,83,6,3,2,13,20230922,193,2025-11-16 08:20:51
6241,31,83,7,3,2,14,20230922,183,2025-11-16 08:20:51
6242,34,87,9,3,2,15,20230922,181,2025-11-16 08:20:51
6243,34,33,8,3,2,16,20230922,301,2025-11-16 08:20:51
6244,31,84,2,3,2,17,20230922,563,2025-11-16 08:20:51
6245,32,83,15,3,2,18,20230922,551,2025-11-16 08:20:51
6246,32,86,2,3,2,19,20230922,420,2025-11-16 08:20:51
6247,33,11,8,3,2,20,20230922,285,2025-11-16 08:20:51
6248,32,86,2,3,2,21,20230922,221,2025-11-16 08:20:51
6249,33,12,2,3,2,22,20230922,187,2025-11-16 08:20:51
6250,33,11,1,3,2,23,20230922,113,2025-11-16 08:20:51
6251,33,11,2,4,2,0,20230923,52,2025-11-16 08:20:51
6252,27,12,1,4,2,1,20230923,31,2025-11-16 08:20:51
6253,27,12,15,4,2,2,20230923,20,2025-11-16 08:20:51
6254,27,12,1,4,2,3,20230923,8,2025-11-16 08:20:51
6255,27,12,1,4,3,4,20230923,13,2025-11-16 08:20:51
6256,33,11,1,4,2,5,20230923,22,2025-11-16 08:20:51
6257,33,11,2,4,2,6,20230923,104,2025-11-16 08:20:51
6258,33,11,8,4,3,7,20230923,254,2025-11-16 08:20:51
6259,33,11,8,4,3,8,20230923,317,2025-11-16 08:20:51
6260,33,12,8,4,3,9,20230923,111,2025-11-16 08:20:51
6261,33,12,15,4,3,10,20230923,35,2025-11-16 08:20:51
6262,33,12,15,4,3,11,20230923,21,2025-11-16 08:20:51
6263,33,11,15,4,3,12,20230923,29,2025-11-16 08:20:51
6264,27,12,2,4,3,13,20230923,34,2025-11-16 08:20:51
6265,27,12,2,4,3,14,20230923,24,2025-11-16 08:20:51
6266,33,11,15,4,3,15,20230923,61,2025-11-16 08:20:51
6267,33,11,1,4,3,16,20230923,56,2025-11-16 08:20:51
6268,27,12,1,4,2,17,20230923,99,2025-11-16 08:20:51
6269,27,12,1,4,1,18,20230923,234,2025-11-16 08:20:51
6270,33,11,8,4,1,19,20230923,248,2025-11-16 08:20:51
6271,27,11,1,4,1,20,20230923,179,2025-11-16 08:20:51
6272,27,12,9,4,1,21,20230923,138,2025-11-16 08:20:51
6273,27,11,9,4,1,22,20230923,157,2025-11-16 08:20:51
6274,26,12,8,4,2,23,20230923,148,2025-11-16 08:20:51
6275,26,12,2,4,1,0,20230924,93,2025-11-16 08:20:51
6276,26,11,2,4,2,1,20230924,79,2025-11-16 08:20:51
6277,26,11,2,4,2,2,20230924,68,2025-11-16 08:20:51
6278,26,11,1,4,1,3,20230924,31,2025-11-16 08:20:51
6279,25,11,15,4,1,4,20230924,8,2025-11-16 08:20:51
6280,25,11,15,4,2,5,20230924,5,2025-11-16 08:20:51
6281,25,11,15,4,2,6,20230924,18,2025-11-16 08:20:51
6282,25,9,15,4,2,7,20230924,46,2025-11-16 08:20:51
6283,26,82,2,4,2,8,20230924,121,2025-11-16 08:20:51
6284,27,9,2,4,2,9,20230924,175,2025-11-16 08:20:51
6285,27,9,2,4,2,10,20230924,293,2025-11-16 08:20:51
6286,33,83,2,4,2,11,20230924,386,2025-11-16 08:20:51
6287,33,83,2,4,2,12,20230924,407,2025-11-16 08:20:51
6288,32,84,1,4,1,13,20230924,460,2025-11-16 08:20:51
6289,31,33,8,4,2,14,20230924,390,2025-11-16 08:20:51
6290,31,33,8,4,2,15,20230924,452,2025-11-16 08:20:51
6291,32,84,2,4,2,16,20230924,449,2025-11-16 08:20:51
6292,31,33,15,4,1,17,20230924,426,2025-11-16 08:20:51
6293,32,84,15,4,1,18,20230924,400,2025-11-16 08:20:51
6294,33,9,1,4,1,19,20230924,308,2025-11-16 08:20:51
6295,33,83,1,4,1,20,20230924,243,2025-11-16 08:20:51
6296,33,83,2,4,1,21,20230924,222,2025-11-16 08:20:51
6297,33,9,1,4,2,22,20230924,193,2025-11-16 08:20:51
6298,27,9,2,4,2,23,20230924,150,2025-11-16 08:20:51
6299,27,9,1,4,2,0,20230925,173,2025-11-16 08:20:51
6300,27,9,15,4,2,1,20230925,124,2025-11-16 08:20:51
6301,27,11,1,4,3,2,20230925,106,2025-11-16 08:20:51
6302,27,11,1,4,3,3,20230925,59,2025-11-16 08:20:51
6303,27,11,8,4,3,4,20230925,8,2025-11-16 08:20:51
6304,27,9,2,4,1,5,20230925,3,2025-11-16 08:20:51
6305,27,9,15,4,2,6,20230925,17,2025-11-16 08:20:51
6306,27,11,8,4,2,7,20230925,38,2025-11-16 08:20:51
6307,33,9,1,4,2,8,20230925,86,2025-11-16 08:20:51
6308,32,83,1,4,2,9,20230925,155,2025-11-16 08:20:51
6309,32,83,1,4,2,10,20230925,275,2025-11-16 08:20:51
6310,31,84,8,4,2,11,20230925,361,2025-11-16 08:20:51
6311,31,84,1,4,2,12,20230925,413,2025-11-16 08:20:51
6312,34,33,1,4,2,13,20230925,369,2025-11-16 08:20:51
6313,31,84,1,4,2,14,20230925,347,2025-11-16 08:20:51
6314,31,84,1,4,2,15,20230925,353,2025-11-16 08:20:51
6315,35,57,1,4,1,16,20230925,464,2025-11-16 08:20:51
6316,34,33,1,4,1,17,20230925,420,2025-11-16 08:20:51
6317,34,33,1,4,1,18,20230925,404,2025-11-16 08:20:51
6318,32,83,8,4,1,19,20230925,329,2025-11-16 08:20:51
6319,32,83,2,4,1,20,20230925,186,2025-11-16 08:20:51
6320,33,11,2,4,1,21,20230925,137,2025-11-16 08:20:51
6321,33,9,2,4,1,22,20230925,104,2025-11-16 08:20:51
6322,33,11,15,4,2,23,20230925,79,2025-11-16 08:20:51
6323,33,11,1,4,2,0,20230926,29,2025-11-16 08:20:51
6324,33,9,15,4,2,1,20230926,17,2025-11-16 08:20:51
6325,33,9,15,4,2,2,20230926,8,2025-11-16 08:20:51
6326,33,11,1,4,2,3,20230926,5,2025-11-16 08:20:51
6327,33,11,2,4,2,4,20230926,6,2025-11-16 08:20:51
6328,33,9,1,4,2,5,20230926,25,2025-11-16 08:20:51
6329,33,11,2,4,2,6,20230926,113,2025-11-16 08:20:51
6330,33,11,1,4,2,7,20230926,332,2025-11-16 08:20:51
6331,33,11,1,4,2,8,20230926,355,2025-11-16 08:20:51
6332,32,86,6,4,2,9,20230926,205,2025-11-16 08:20:51
6333,32,86,6,4,2,10,20230926,154,2025-11-16 08:20:51
6334,34,87,7,4,1,11,20230926,159,2025-11-16 08:20:51
6335,34,87,9,4,2,12,20230926,209,2025-11-16 08:20:51
6336,35,33,9,4,2,13,20230926,187,2025-11-16 08:20:51
6337,35,57,9,4,1,14,20230926,154,2025-11-16 08:20:51
6338,38,52,8,4,1,15,20230926,209,2025-11-16 08:20:51
6339,35,56,9,4,1,16,20230926,313,2025-11-16 08:20:51
6340,35,57,8,4,1,17,20230926,570,2025-11-16 08:20:51
6341,31,83,15,4,1,18,20230926,553,2025-11-16 08:20:51
6342,31,8,2,4,1,19,20230926,383,2025-11-16 08:20:51
6343,32,86,8,4,1,20,20230926,251,2025-11-16 08:20:51
6344,32,86,8,4,1,21,20230926,182,2025-11-16 08:20:51
6345,33,11,8,4,1,22,20230926,136,2025-11-16 08:20:51
6346,33,11,8,4,1,23,20230926,75,2025-11-16 08:20:51
6347,33,11,8,4,1,0,20230927,37,2025-11-16 08:20:51
6348,33,11,9,4,1,1,20230927,10,2025-11-16 08:20:51
6349,33,11,15,4,1,2,20230927,11,2025-11-16 08:20:51
6350,33,11,1,4,2,3,20230927,10,2025-11-16 08:20:51
6351,33,11,2,4,3,4,20230927,8,2025-11-16 08:20:51
6352,33,11,2,4,3,5,20230927,24,2025-11-16 08:20:51
6353,33,11,15,4,2,6,20230927,124,2025-11-16 08:20:51
6354,33,11,15,4,2,7,20230927,249,2025-11-16 08:20:51
6355,32,86,15,4,2,8,20230927,427,2025-11-16 08:20:51
6356,32,86,6,4,3,9,20230927,193,2025-11-16 08:20:51
6357,32,11,9,4,3,10,20230927,122,2025-11-16 08:20:51
6358,31,86,15,4,2,11,20230927,123,2025-11-16 08:20:51
6359,31,86,8,4,2,12,20230927,162,2025-11-16 08:20:51
6360,35,33,7,4,2,13,20230927,151,2025-11-16 08:20:51
6361,34,87,15,4,2,14,20230927,152,2025-11-16 08:20:51
6362,34,83,2,4,2,15,20230927,205,2025-11-16 08:20:51
6363,31,83,6,4,2,16,20230927,258,2025-11-16 08:20:51
6364,31,86,6,4,2,17,20230927,530,2025-11-16 08:20:51
6365,32,86,7,4,2,18,20230927,356,2025-11-16 08:20:51
6366,32,86,8,4,2,19,20230927,320,2025-11-16 08:20:51
6367,33,84,1,4,1,20,20230927,238,2025-11-16 08:20:51
6368,27,83,1,4,1,21,20230927,196,2025-11-16 08:20:51
6369,27,9,2,4,1,22,20230927,121,2025-11-16 08:20:51
6370,27,9,2,4,1,23,20230927,93,2025-11-16 08:20:51
6371,27,9,1,4,1,0,20230928,36,2025-11-16 08:20:51
6372,27,9,1,4,1,1,20230928,14,2025-11-16 08:20:51
6373,27,9,3,4,1,2,20230928,9,2025-11-16 08:20:51
6374,27,11,2,4,2,3,20230928,3,2025-11-16 08:20:51
6375,27,9,1,4,1,4,20230928,4,2025-11-16 08:20:51
6376,27,11,1,4,2,5,20230928,22,2025-11-16 08:20:51
6377,27,11,9,4,3,6,20230928,114,2025-11-16 08:20:51
6378,27,11,9,4,3,7,20230928,185,2025-11-16 08:20:51
6379,33,11,7,4,3,8,20230928,287,2025-11-16 08:20:51
6380,33,11,7,4,3,9,20230928,155,2025-11-16 08:20:51
6381,33,11,1,4,2,10,20230928,129,2025-11-16 08:20:51
6382,31,83,15,4,2,11,20230928,151,2025-11-16 08:20:51
6383,34,87,1,4,2,12,20230928,184,2025-11-16 08:20:51
6384,35,33,3,4,1,13,20230928,162,2025-11-16 08:20:51
6385,38,52,3,4,1,14,20230928,170,2025-11-16 08:20:51
6386,35,57,8,4,1,15,20230928,181,2025-11-16 08:20:51
6387,35,57,6,4,1,16,20230928,280,2025-11-16 08:20:51
6388,35,57,7,4,1,17,20230928,591,2025-11-16 08:20:51
6389,31,83,3,4,3,18,20230928,524,2025-11-16 08:20:51
6390,31,83,3,4,3,19,20230928,372,2025-11-16 08:20:51
6391,27,83,5,4,3,20,20230928,102,2025-11-16 08:20:51
6392,27,9,3,4,3,21,20230928,74,2025-11-16 08:20:51
6393,27,9,2,4,1,22,20230928,87,2025-11-16 08:20:51
6394,27,11,8,4,1,23,20230928,71,2025-11-16 08:20:51
6395,27,11,6,4,1,0,20230929,40,2025-11-16 08:20:51
6396,27,12,6,4,2,1,20230929,23,2025-11-16 08:20:51
6397,27,12,6,4,2,2,20230929,2,2025-11-16 08:20:51
6398,27,11,6,4,2,3,20230929,8,2025-11-16 08:20:51
6399,27,9,6,4,2,4,20230929,7,2025-11-16 08:20:51
6400,27,9,15,4,2,5,20230929,22,2025-11-16 08:20:51
6401,27,9,2,4,2,6,20230929,111,2025-11-16 08:20:51
6402,27,9,8,4,1,7,20230929,283,2025-11-16 08:20:51
6403,27,83,1,4,1,8,20230929,431,2025-11-16 08:20:51
6404,33,84,3,4,1,9,20230929,225,2025-11-16 08:20:51
6405,32,56,6,4,1,10,20230929,127,2025-11-16 08:20:51
6406,33,54,6,4,1,11,20230929,158,2025-11-16 08:20:51
6407,31,54,9,4,1,12,20230929,195,2025-11-16 08:20:51
6408,32,54,6,4,1,13,20230929,211,2025-11-16 08:20:51
6409,34,34,5,4,1,14,20230929,167,2025-11-16 08:20:51
6410,34,50,14,4,1,15,20230929,227,2025-11-16 08:20:51
6411,34,49,12,4,1,16,20230929,291,2025-11-16 08:20:51
6412,31,20,5,4,1,17,20230929,589,2025-11-16 08:20:51
6413,32,49,7,4,1,18,20230929,584,2025-11-16 08:20:51
6414,33,21,2,4,1,19,20230929,384,2025-11-16 08:20:51
6415,27,46,2,4,1,20,20230929,273,2025-11-16 08:20:51
6416,26,35,1,4,1,21,20230929,225,2025-11-16 08:20:51
6417,25,32,1,4,1,22,20230929,175,2025-11-16 08:20:51
6418,24,6,15,4,1,23,20230929,81,2025-11-16 08:20:51
6419,24,83,15,4,1,0,20230930,60,2025-11-16 08:20:51
6420,24,6,2,4,1,1,20230930,23,2025-11-16 08:20:51
6421,24,83,15,4,1,2,20230930,15,2025-11-16 08:20:51
6422,24,83,15,4,1,3,20230930,3,2025-11-16 08:20:51
6423,24,83,6,4,1,4,20230930,8,2025-11-16 08:20:51
6424,24,83,6,4,1,5,20230930,26,2025-11-16 08:20:51
6425,24,83,7,4,1,6,20230930,98,2025-11-16 08:20:51
6426,24,83,7,4,1,7,20230930,297,2025-11-16 08:20:51
6427,29,6,8,4,1,8,20230930,456,2025-11-16 08:20:51
6428,25,63,6,4,1,9,20230930,237,2025-11-16 08:20:51
6429,27,27,1,4,1,10,20230930,168,2025-11-16 08:20:51
6430,32,15,2,4,1,11,20230930,217,2025-11-16 08:20:51
6431,32,15,6,4,2,12,20230930,254,2025-11-16 08:20:51
6432,31,20,10,4,2,13,20230930,266,2025-11-16 08:20:51
6433,32,20,5,4,2,14,20230930,266,2025-11-16 08:20:51
6434,32,21,4,4,1,15,20230930,245,2025-11-16 08:20:51
6435,33,46,7,4,1,16,20230930,360,2025-11-16 08:20:51
6436,33,46,6,4,1,17,20230930,591,2025-11-16 08:20:51
6437,26,37,12,4,1,18,20230930,511,2025-11-16 08:20:51
6438,29,36,4,4,1,19,20230930,374,2025-11-16 08:20:51
6439,29,36,4,4,1,20,20230930,230,2025-11-16 08:20:51
6440,24,29,6,4,1,21,20230930,206,2025-11-16 08:20:51
6441,24,29,10,4,1,22,20230930,159,2025-11-16 08:20:51
6442,24,29,10,4,1,23,20230930,132,2025-11-16 08:20:51
6443,30,31,14,4,1,0,20231001,130,2025-11-16 08:20:51
6444,28,69,10,4,1,1,20231001,58,2025-11-16 08:20:51
6445,8,31,13,4,1,2,20231001,67,2025-11-16 08:20:51
6446,8,30,13,4,1,3,20231001,25,2025-11-16 08:20:51
6447,9,53,13,4,1,4,20231001,8,2025-11-16 08:20:51
6448,9,52,5,4,2,5,20231001,5,2025-11-16 08:20:51
6449,7,69,10,4,1,6,20231001,19,2025-11-16 08:20:51
6450,7,69,3,4,3,7,20231001,36,2025-11-16 08:20:51
6451,10,5,10,4,2,8,20231001,67,2025-11-16 08:20:51
6452,10,8,12,4,3,9,20231001,129,2025-11-16 08:20:51
6453,10,5,12,4,3,10,20231001,121,2025-11-16 08:20:51
6454,5,8,10,4,3,11,20231001,132,2025-11-16 08:20:51
6455,10,8,3,4,2,12,20231001,158,2025-11-16 08:20:51
6456,10,8,10,4,2,13,20231001,125,2025-11-16 08:20:51
6457,7,13,12,4,2,14,20231001,180,2025-11-16 08:20:51
6458,7,13,4,4,2,15,20231001,195,2025-11-16 08:20:51
6459,10,5,5,4,2,16,20231001,223,2025-11-16 08:20:51
6460,10,5,6,4,3,17,20231001,228,2025-11-16 08:20:51
6461,5,10,7,4,3,18,20231001,140,2025-11-16 08:20:51
6462,5,8,6,4,2,19,20231001,126,2025-11-16 08:20:51
6463,6,10,15,4,3,20,20231001,66,2025-11-16 08:20:51
6464,6,10,15,4,3,21,20231001,56,2025-11-16 08:20:51
6465,6,44,7,4,2,22,20231001,70,2025-11-16 08:20:51
6466,6,44,7,4,3,23,20231001,65,2025-11-16 08:20:51
6467,6,44,5,4,3,0,20231002,47,2025-11-16 08:20:51
6468,11,10,3,4,3,1,20231002,24,2025-11-16 08:20:51
6469,11,10,5,4,3,2,20231002,30,2025-11-16 08:20:51
6470,11,10,4,4,3,3,20231002,9,2025-11-16 08:20:51
6471,11,10,3,4,2,4,20231002,7,2025-11-16 08:20:51
6472,4,10,4,4,1,5,20231002,7,2025-11-16 08:20:51
6473,4,1,9,4,1,6,20231002,15,2025-11-16 08:20:51
6474,11,5,6,4,1,7,20231002,29,2025-11-16 08:20:51
6475,11,5,6,4,2,8,20231002,64,2025-11-16 08:20:51
6476,6,5,12,4,1,9,20231002,115,2025-11-16 08:20:51
6477,6,13,4,4,2,10,20231002,248,2025-11-16 08:20:51
6478,5,14,3,4,2,11,20231002,292,2025-11-16 08:20:51
6479,10,52,6,4,2,12,20231002,321,2025-11-16 08:20:51
6480,10,52,7,4,3,13,20231002,308,2025-11-16 08:20:51
6481,6,1,9,4,3,14,20231002,256,2025-11-16 08:20:51
6482,6,1,3,4,3,15,20231002,173,2025-11-16 08:20:51
6483,6,10,6,4,3,16,20231002,206,2025-11-16 08:20:51
6484,6,10,9,4,3,17,20231002,167,2025-11-16 08:20:51
6485,6,1,6,4,2,18,20231002,174,2025-11-16 08:20:51
6486,5,5,9,4,2,19,20231002,162,2025-11-16 08:20:51
6487,6,5,3,4,2,20,20231002,87,2025-11-16 08:20:51
6488,6,13,7,4,1,21,20231002,88,2025-11-16 08:20:51
6489,6,1,2,4,3,22,20231002,64,2025-11-16 08:20:51
6490,6,1,2,4,1,23,20231002,25,2025-11-16 08:20:51
6491,11,10,15,4,1,0,20231003,16,2025-11-16 08:20:51
6492,6,1,2,4,1,1,20231003,6,2025-11-16 08:20:51
6493,6,5,15,4,1,2,20231003,4,2025-11-16 08:20:51
6494,6,1,1,4,1,3,20231003,7,2025-11-16 08:20:51
6495,11,10,15,4,1,4,20231003,8,2025-11-16 08:20:51
6496,6,5,15,4,2,5,20231003,21,2025-11-16 08:20:51
6497,6,13,1,4,2,6,20231003,94,2025-11-16 08:20:51
6498,6,13,8,4,2,7,20231003,249,2025-11-16 08:20:51
6499,6,13,15,4,2,8,20231003,372,2025-11-16 08:20:51
6500,10,14,2,4,2,9,20231003,153,2025-11-16 08:20:51
6501,10,14,15,4,2,10,20231003,101,2025-11-16 08:20:51
6502,10,13,7,4,2,11,20231003,126,2025-11-16 08:20:51
6503,10,13,8,4,2,12,20231003,147,2025-11-16 08:20:51
6504,7,69,9,4,3,13,20231003,118,2025-11-16 08:20:51
6505,10,5,1,4,3,14,20231003,120,2025-11-16 08:20:51
6506,10,5,1,4,3,15,20231003,101,2025-11-16 08:20:51
6507,10,5,15,4,2,16,20231003,218,2025-11-16 08:20:51
6508,10,5,9,4,2,17,20231003,495,2025-11-16 08:20:51
6509,10,5,9,4,2,18,20231003,412,2025-11-16 08:20:51
6510,10,5,1,4,1,19,20231003,315,2025-11-16 08:20:51
6511,10,8,1,4,3,20,20231003,204,2025-11-16 08:20:51
6512,10,8,1,4,2,21,20231003,138,2025-11-16 08:20:51
6513,10,8,1,4,2,22,20231003,91,2025-11-16 08:20:51
6514,10,8,15,4,2,23,20231003,54,2025-11-16 08:20:51
6515,10,10,2,4,2,0,20231004,27,2025-11-16 08:20:51
6516,10,10,15,4,2,1,20231004,9,2025-11-16 08:20:51
6517,10,10,1,4,2,2,20231004,3,2025-11-16 08:20:51
6518,10,8,15,4,1,3,20231004,6,2025-11-16 08:20:51
6519,10,8,2,4,1,4,20231004,7,2025-11-16 08:20:51
6520,10,8,8,4,1,5,20231004,27,2025-11-16 08:20:51
6521,10,8,15,4,1,6,20231004,112,2025-11-16 08:20:51
6522,7,8,4,4,1,7,20231004,309,2025-11-16 08:20:51
6523,9,6,7,4,1,8,20231004,400,2025-11-16 08:20:51
6524,8,69,3,4,1,9,20231004,187,2025-11-16 08:20:51
6525,28,69,4,4,1,10,20231004,126,2025-11-16 08:20:51
6526,29,27,4,4,1,11,20231004,124,2025-11-16 08:20:51
6527,25,35,5,4,1,12,20231004,199,2025-11-16 08:20:51
6528,25,35,5,4,1,13,20231004,173,2025-11-16 08:20:51
6529,26,46,3,4,1,14,20231004,183,2025-11-16 08:20:51
6530,26,35,4,4,1,15,20231004,194,2025-11-16 08:20:51
6531,26,35,10,4,1,16,20231004,309,2025-11-16 08:20:51
6532,25,55,14,4,1,17,20231004,585,2025-11-16 08:20:51
6533,29,27,4,4,1,18,20231004,524,2025-11-16 08:20:51
6534,24,32,7,4,1,19,20231004,345,2025-11-16 08:20:51
6535,24,32,7,4,1,20,20231004,261,2025-11-16 08:20:51
6536,30,7,8,4,1,21,20231004,166,2025-11-16 08:20:51
6537,30,7,8,4,1,22,20231004,114,2025-11-16 08:20:51
6538,28,6,8,4,1,23,20231004,66,2025-11-16 08:20:51
6539,28,6,8,4,1,0,20231005,43,2025-11-16 08:20:51
6540,28,6,9,4,1,1,20231005,11,2025-11-16 08:20:51
6541,8,8,9,4,1,2,20231005,3,2025-11-16 08:20:51
6542,8,8,15,4,1,3,20231005,6,2025-11-16 08:20:51
6543,9,9,1,4,1,4,20231005,5,2025-11-16 08:20:51
6544,9,8,8,4,1,5,20231005,32,2025-11-16 08:20:51
6545,9,8,15,4,1,6,20231005,117,2025-11-16 08:20:51
6546,8,6,15,4,1,7,20231005,301,2025-11-16 08:20:51
6547,24,31,1,4,1,8,20231005,467,2025-11-16 08:20:51
6548,29,55,5,4,1,9,20231005,219,2025-11-16 08:20:51
6549,25,35,14,4,1,10,20231005,133,2025-11-16 08:20:51
6550,27,16,4,4,1,11,20231005,170,2025-11-16 08:20:51
6551,33,22,10,4,1,12,20231005,214,2025-11-16 08:20:51
6552,32,49,7,4,1,13,20231005,219,2025-11-16 08:20:51
6553,32,49,4,4,1,14,20231005,190,2025-11-16 08:20:51
6554,32,20,4,4,1,15,20231005,182,2025-11-16 08:20:51
6555,32,20,10,4,1,16,20231005,282,2025-11-16 08:20:51
6556,32,20,3,4,1,17,20231005,591,2025-11-16 08:20:51
6557,27,46,9,4,1,18,20231005,593,2025-11-16 08:20:51
6558,26,35,8,4,1,19,20231005,374,2025-11-16 08:20:51
6559,24,6,9,4,1,20,20231005,246,2025-11-16 08:20:51
6560,30,8,15,4,1,21,20231005,201,2025-11-16 08:20:51
6561,24,7,1,4,1,22,20231005,154,2025-11-16 08:20:51
6562,30,6,15,4,1,23,20231005,73,2025-11-16 08:20:51
6563,30,7,6,4,1,0,20231006,40,2025-11-16 08:20:51
6564,28,31,6,4,1,1,20231006,22,2025-11-16 08:20:51
6565,8,69,6,4,1,2,20231006,10,2025-11-16 08:20:51
6566,9,69,7,4,1,3,20231006,5,2025-11-16 08:20:51
6567,9,52,4,4,1,4,20231006,5,2025-11-16 08:20:51
6568,7,52,6,4,1,5,20231006,24,2025-11-16 08:20:51
6569,10,14,6,4,1,6,20231006,114,2025-11-16 08:20:51
6570,7,52,6,4,1,7,20231006,302,2025-11-16 08:20:51
6571,9,52,9,4,1,8,20231006,457,2025-11-16 08:20:51
6572,8,31,6,4,1,9,20231006,208,2025-11-16 08:20:51
6573,24,36,1,4,1,10,20231006,129,2025-11-16 08:20:51
6574,29,37,1,4,1,11,20231006,144,2025-11-16 08:20:51
6575,25,37,2,4,1,12,20231006,226,2025-11-16 08:20:51
6576,25,16,2,4,1,13,20231006,191,2025-11-16 08:20:51
6577,26,22,2,4,1,14,20231006,195,2025-11-16 08:20:51
6578,26,16,8,4,1,15,20231006,219,2025-11-16 08:20:51
6579,26,37,6,4,1,16,20231006,323,2025-11-16 08:20:51
6580,25,36,8,4,1,17,20231006,568,2025-11-16 08:20:51
6581,29,27,2,4,1,18,20231006,538,2025-11-16 08:20:51
6582,24,30,15,4,1,19,20231006,343,2025-11-16 08:20:51
6583,30,6,15,4,1,20,20231006,260,2025-11-16 08:20:51
6584,8,9,2,4,1,21,20231006,195,2025-11-16 08:20:51
6585,8,8,1,4,1,22,20231006,148,2025-11-16 08:20:51
6586,9,9,2,4,1,23,20231006,99,2025-11-16 08:20:51
6587,9,9,1,4,1,0,20231007,67,2025-11-16 08:20:51
6588,9,9,1,4,1,1,20231007,28,2025-11-16 08:20:51
6589,7,9,1,4,1,2,20231007,5,2025-11-16 08:20:51
6590,10,10,1,4,1,3,20231007,10,2025-11-16 08:20:51
6591,10,10,15,4,1,4,20231007,5,2025-11-16 08:20:51
6592,7,8,1,4,1,5,20231007,27,2025-11-16 08:20:51
6593,7,9,1,4,1,6,20231007,87,2025-11-16 08:20:51
6594,7,11,1,4,1,7,20231007,242,2025-11-16 08:20:51
6595,8,8,1,4,1,8,20231007,417,2025-11-16 08:20:51
6596,28,6,1,4,1,9,20231007,241,2025-11-16 08:20:51
6597,24,32,2,4,1,10,20231007,174,2025-11-16 08:20:51
6598,25,31,1,4,1,11,20231007,230,2025-11-16 08:20:51
6599,27,46,1,4,1,12,20231007,235,2025-11-16 08:20:51
6600,27,16,1,4,1,13,20231007,305,2025-11-16 08:20:51
6601,33,21,1,4,1,14,20231007,256,2025-11-16 08:20:51
6602,31,49,1,4,1,15,20231007,270,2025-11-16 08:20:51
6603,32,19,1,4,1,16,20231007,419,2025-11-16 08:20:51
6604,27,35,3,4,1,17,20231007,563,2025-11-16 08:20:51
6605,25,55,2,4,1,18,20231007,465,2025-11-16 08:20:51
6606,25,36,1,4,1,19,20231007,294,2025-11-16 08:20:51
6607,29,37,1,4,1,20,20231007,197,2025-11-16 08:20:51
6608,30,32,1,4,1,21,20231007,166,2025-11-16 08:20:51
6609,30,32,1,4,1,22,20231007,146,2025-11-16 08:20:51
6610,30,31,1,4,1,23,20231007,136,2025-11-16 08:20:51
6611,28,7,1,4,1,0,20231008,89,2025-11-16 08:20:51
6612,8,8,1,4,1,1,20231008,65,2025-11-16 08:20:51
6613,8,8,1,4,1,2,20231008,45,2025-11-16 08:20:51
6614,9,9,1,4,1,3,20231008,20,2025-11-16 08:20:51
6615,7,11,8,4,1,4,20231008,10,2025-11-16 08:20:51
6616,7,9,15,4,1,5,20231008,8,2025-11-16 08:20:51
6617,7,11,1,4,1,6,20231008,22,2025-11-16 08:20:51
6618,7,11,2,4,1,7,20231008,73,2025-11-16 08:20:51
6619,8,8,1,4,1,8,20231008,103,2025-11-16 08:20:51
6620,30,6,1,4,1,9,20231008,217,2025-11-16 08:20:51
6621,24,6,1,4,1,10,20231008,337,2025-11-16 08:20:51
6622,26,35,1,4,1,11,20231008,397,2025-11-16 08:20:51
6623,33,24,1,4,1,12,20231008,446,2025-11-16 08:20:51
6624,33,16,15,4,1,13,20231008,485,2025-11-16 08:20:51
6625,33,21,2,4,1,14,20231008,465,2025-11-16 08:20:51
6626,31,18,1,4,1,15,20231008,496,2025-11-16 08:20:51
6627,32,19,2,4,1,16,20231008,451,2025-11-16 08:20:51
6628,33,21,8,4,1,17,20231008,393,2025-11-16 08:20:51
6629,27,16,15,4,1,18,20231008,359,2025-11-16 08:20:51
6630,29,32,8,4,1,19,20231008,248,2025-11-16 08:20:51
6631,24,6,15,4,1,20,20231008,202,2025-11-16 08:20:51
6632,24,6,1,4,1,21,20231008,187,2025-11-16 08:20:51
6633,30,6,1,4,1,22,20231008,149,2025-11-16 08:20:51
6634,28,9,1,4,1,23,20231008,142,2025-11-16 08:20:51
6635,8,9,2,4,1,0,20231009,129,2025-11-16 08:20:51
6636,8,9,1,4,1,1,20231009,78,2025-11-16 08:20:51
6637,8,9,1,4,1,2,20231009,55,2025-11-16 08:20:51
6638,9,9,1,4,1,3,20231009,30,2025-11-16 08:20:51
6639,9,9,1,4,1,4,20231009,14,2025-11-16 08:20:51
6640,9,9,1,4,1,5,20231009,15,2025-11-16 08:20:51
6641,9,9,1,4,1,6,20231009,21,2025-11-16 08:20:51
6642,9,4,1,4,1,7,20231009,44,2025-11-16 08:20:51
6643,8,9,1,4,1,8,20231009,107,2025-11-16 08:20:51
6644,30,6,1,4,1,9,20231009,185,2025-11-16 08:20:51
6645,25,32,2,4,1,10,20231009,365,2025-11-16 08:20:51
6646,33,46,2,4,1,11,20231009,423,2025-11-16 08:20:51
6647,32,19,2,4,1,12,20231009,455,2025-11-16 08:20:51
6648,31,19,2,4,1,13,20231009,418,2025-11-16 08:20:51
6649,34,20,9,4,1,14,20231009,500,2025-11-16 08:20:51
6650,34,34,9,4,1,15,20231009,407,2025-11-16 08:20:51
6651,31,21,8,4,1,16,20231009,470,2025-11-16 08:20:51
6652,33,54,15,4,1,17,20231009,438,2025-11-16 08:20:51
6653,32,21,15,4,1,18,20231009,414,2025-11-16 08:20:51
6654,25,63,2,4,1,19,20231009,302,2025-11-16 08:20:51
6655,25,63,15,4,1,20,20231009,193,2025-11-16 08:20:51
6656,29,83,15,4,1,21,20231009,173,2025-11-16 08:20:51
6657,24,11,1,4,2,22,20231009,152,2025-11-16 08:20:51
6658,30,9,15,4,1,23,20231009,123,2025-11-16 08:20:51
6659,30,11,1,4,1,0,20231010,53,2025-11-16 08:20:51
6660,28,9,1,4,1,1,20231010,34,2025-11-16 08:20:51
6661,28,9,1,4,1,2,20231010,19,2025-11-16 08:20:51
6662,8,9,1,4,1,3,20231010,11,2025-11-16 08:20:51
6663,8,11,1,4,1,4,20231010,6,2025-11-16 08:20:51
6664,8,11,1,4,1,5,20231010,21,2025-11-16 08:20:51
6665,9,11,1,4,1,6,20231010,44,2025-11-16 08:20:51
6666,8,9,1,4,1,7,20231010,114,2025-11-16 08:20:51
6667,24,83,1,4,1,8,20231010,254,2025-11-16 08:20:51
6668,29,6,1,4,1,9,20231010,219,2025-11-16 08:20:51
6669,25,63,9,4,1,10,20231010,265,2025-11-16 08:20:51
6670,33,28,2,4,1,11,20231010,322,2025-11-16 08:20:51
6671,35,38,2,4,2,12,20231010,365,2025-11-16 08:20:51
6672,38,39,1,4,1,13,20231010,365,2025-11-16 08:20:51
6673,36,39,1,4,1,14,20231010,370,2025-11-16 08:20:51
6674,38,17,15,4,2,15,20231010,384,2025-11-16 08:20:51
6675,35,50,2,4,2,16,20231010,402,2025-11-16 08:20:51
6676,31,48,15,4,2,17,20231010,459,2025-11-16 08:20:51
6677,32,46,1,4,2,18,20231010,473,2025-11-16 08:20:51
6678,26,84,2,4,2,19,20231010,336,2025-11-16 08:20:51
6679,27,63,1,4,1,20,20231010,225,2025-11-16 08:20:51
6680,25,9,2,4,1,21,20231010,175,2025-11-16 08:20:51
6681,25,9,2,4,1,22,20231010,126,2025-11-16 08:20:51
6682,29,9,15,4,2,23,20231010,75,2025-11-16 08:20:51
6683,29,9,1,4,2,0,20231011,30,2025-11-16 08:20:51
6684,24,11,2,4,2,1,20231011,11,2025-11-16 08:20:51
6685,24,11,8,4,2,2,20231011,5,2025-11-16 08:20:51
6686,24,9,15,4,2,3,20231011,3,2025-11-16 08:20:51
6687,24,9,8,4,2,4,20231011,5,2025-11-16 08:20:51
6688,24,9,1,4,2,5,20231011,20,2025-11-16 08:20:51
6689,24,83,2,4,1,6,20231011,123,2025-11-16 08:20:51
6690,24,9,2,4,2,7,20231011,352,2025-11-16 08:20:51
6691,25,83,15,4,2,8,20231011,406,2025-11-16 08:20:51
6692,27,28,1,4,2,9,20231011,235,2025-11-16 08:20:51
6693,27,28,8,4,2,10,20231011,149,2025-11-16 08:20:51
6694,27,63,9,4,2,11,20231011,123,2025-11-16 08:20:51
6695,27,63,9,4,2,12,20231011,181,2025-11-16 08:20:51
6696,27,63,6,4,2,13,20231011,180,2025-11-16 08:20:51
6697,27,63,15,4,3,14,20231011,171,2025-11-16 08:20:51
6698,27,84,9,4,2,15,20231011,175,2025-11-16 08:20:51
6699,27,63,9,4,2,16,20231011,320,2025-11-16 08:20:51
6700,27,84,3,4,2,17,20231011,604,2025-11-16 08:20:51
6701,27,84,7,4,2,18,20231011,539,2025-11-16 08:20:51
6702,26,83,7,4,2,19,20231011,318,2025-11-16 08:20:51
6703,26,83,7,4,2,20,20231011,234,2025-11-16 08:20:51
6704,26,84,6,4,2,21,20231011,175,2025-11-16 08:20:51
6705,25,83,6,4,2,22,20231011,147,2025-11-16 08:20:51
6706,25,83,4,4,2,23,20231011,57,2025-11-16 08:20:51
6707,25,83,8,4,2,0,20231012,25,2025-11-16 08:20:51
6708,25,83,8,4,3,1,20231012,10,2025-11-16 08:20:51
6709,25,83,4,4,2,2,20231012,2,2025-11-16 08:20:51
6710,29,11,5,4,3,3,20231012,2,2025-11-16 08:20:51
6711,29,11,14,4,3,4,20231012,7,2025-11-16 08:20:51
6712,29,9,10,4,2,5,20231012,22,2025-11-16 08:20:51
6713,29,9,3,4,2,6,20231012,112,2025-11-16 08:20:51
6714,29,9,14,4,2,7,20231012,259,2025-11-16 08:20:51
6715,29,9,14,4,2,8,20231012,404,2025-11-16 08:20:51
6716,29,9,11,4,2,9,20231012,197,2025-11-16 08:20:51
6717,29,9,14,4,2,10,20231012,113,2025-11-16 08:20:51
6718,29,11,10,4,3,11,20231012,120,2025-11-16 08:20:51
6719,29,9,10,4,3,12,20231012,62,2025-11-16 08:20:51
6720,29,9,7,4,3,13,20231012,101,2025-11-16 08:20:51
6721,29,11,4,4,3,14,20231012,78,2025-11-16 08:20:51
6722,29,11,3,4,3,15,20231012,45,2025-11-16 08:20:51
6723,25,9,7,4,2,16,20231012,55,2025-11-16 08:20:51
6724,29,11,7,4,3,17,20231012,251,2025-11-16 08:20:51
6725,29,11,8,4,3,18,20231012,172,2025-11-16 08:20:51
6726,29,11,8,4,3,19,20231012,109,2025-11-16 08:20:51
6727,29,11,15,4,3,20,20231012,90,2025-11-16 08:20:51
6728,29,12,15,4,3,21,20231012,83,2025-11-16 08:20:51
6729,29,11,2,4,3,22,20231012,43,2025-11-16 08:20:51
6730,29,11,2,4,3,23,20231012,54,2025-11-16 08:20:51
6731,29,11,8,4,2,0,20231013,15,2025-11-16 08:20:51
6732,29,11,1,4,2,1,20231013,12,2025-11-16 08:20:51
6733,29,11,1,4,2,2,20231013,4,2025-11-16 08:20:51
6734,29,12,6,4,2,3,20231013,6,2025-11-16 08:20:51
6735,29,12,15,4,2,4,20231013,7,2025-11-16 08:20:51
6736,29,12,15,4,2,5,20231013,17,2025-11-16 08:20:51
6737,29,12,2,4,3,6,20231013,52,2025-11-16 08:20:51
6738,29,12,8,4,3,7,20231013,81,2025-11-16 08:20:51
6739,29,12,2,4,3,8,20231013,209,2025-11-16 08:20:51
6740,25,12,15,4,3,9,20231013,109,2025-11-16 08:20:51
6741,25,12,8,4,3,10,20231013,69,2025-11-16 08:20:51
6742,33,83,1,4,2,11,20231013,84,2025-11-16 08:20:51
6743,33,9,1,4,2,12,20231013,105,2025-11-16 08:20:51
6744,32,83,9,4,2,13,20231013,162,2025-11-16 08:20:51
6745,31,84,6,4,1,14,20231013,133,2025-11-16 08:20:51
6746,31,84,6,4,1,15,20231013,155,2025-11-16 08:20:51
6747,31,33,7,4,1,16,20231013,276,2025-11-16 08:20:51
6748,33,83,3,4,3,17,20231013,479,2025-11-16 08:20:51
6749,33,83,3,4,3,18,20231013,268,2025-11-16 08:20:51
6750,33,83,9,4,2,19,20231013,205,2025-11-16 08:20:51
6751,33,83,4,4,1,20,20231013,181,2025-11-16 08:20:51
6752,33,83,6,4,1,21,20231013,123,2025-11-16 08:20:51
6753,33,83,6,4,1,22,20231013,114,2025-11-16 08:20:51
6754,26,9,6,4,2,23,20231013,47,2025-11-16 08:20:51
6755,26,11,2,4,1,0,20231014,39,2025-11-16 08:20:51
6756,26,11,8,4,1,1,20231014,24,2025-11-16 08:20:51
6757,25,11,9,4,1,2,20231014,6,2025-11-16 08:20:51
6758,25,11,8,4,1,3,20231014,7,2025-11-16 08:20:51
6759,25,11,6,4,1,4,20231014,8,2025-11-16 08:20:51
6760,25,11,9,4,2,5,20231014,17,2025-11-16 08:20:51
6761,25,9,6,4,3,6,20231014,94,2025-11-16 08:20:51
6762,25,9,6,4,3,7,20231014,147,2025-11-16 08:20:51
6763,25,82,9,4,2,8,20231014,209,2025-11-16 08:20:51
6764,25,11,7,4,2,9,20231014,180,2025-11-16 08:20:51
6765,29,9,12,4,3,10,20231014,125,2025-11-16 08:20:51
6766,24,9,9,4,3,11,20231014,87,2025-11-16 08:20:51
6767,24,9,9,4,3,12,20231014,75,2025-11-16 08:20:51
6768,25,63,12,4,1,13,20231014,132,2025-11-16 08:20:51
6769,33,22,12,4,1,14,20231014,156,2025-11-16 08:20:51
6770,33,22,4,4,1,15,20231014,230,2025-11-16 08:20:51
6771,27,22,7,4,1,16,20231014,344,2025-11-16 08:20:51
6772,26,16,13,4,1,17,20231014,481,2025-11-16 08:20:51
6773,29,18,4,4,1,18,20231014,423,2025-11-16 08:20:51
6774,29,18,10,4,1,19,20231014,248,2025-11-16 08:20:51
6775,24,17,6,4,1,20,20231014,196,2025-11-16 08:20:51
6776,30,50,6,4,1,21,20231014,178,2025-11-16 08:20:51
6777,8,30,7,4,1,22,20231014,143,2025-11-16 08:20:51
6778,8,30,9,4,1,23,20231014,95,2025-11-16 08:20:51
6779,8,29,15,4,1,0,20231015,106,2025-11-16 08:20:51
6780,8,29,3,4,1,1,20231015,73,2025-11-16 08:20:51
6781,8,30,6,4,1,2,20231015,56,2025-11-16 08:20:51
6782,9,52,6,4,1,3,20231015,23,2025-11-16 08:20:51
6783,7,69,8,4,1,4,20231015,6,2025-11-16 08:20:51
6784,7,13,9,4,1,5,20231015,7,2025-11-16 08:20:51
6785,10,13,1,4,1,6,20231015,20,2025-11-16 08:20:51
6786,10,5,15,4,1,7,20231015,57,2025-11-16 08:20:51
6787,8,30,4,4,1,8,20231015,125,2025-11-16 08:20:51
6788,24,38,5,4,1,9,20231015,207,2025-11-16 08:20:51
6789,29,50,11,4,1,10,20231015,322,2025-11-16 08:20:51
6790,25,23,14,4,1,11,20231015,374,2025-11-16 08:20:51
6791,26,24,17,4,1,12,20231015,456,2025-11-16 08:20:51
6792,27,24,18,4,1,13,20231015,394,2025-11-16 08:20:51
6793,27,40,18,4,1,14,20231015,472,2025-11-16 08:20:51
6794,33,62,16,4,1,15,20231015,377,2025-11-16 08:20:51
6795,33,45,14,4,1,16,20231015,443,2025-11-16 08:20:51
6796,26,26,4,4,1,17,20231015,441,2025-11-16 08:20:51
6797,29,18,6,4,1,18,20231015,372,2025-11-16 08:20:51
6798,30,34,8,4,1,19,20231015,238,2025-11-16 08:20:51
6799,30,38,8,4,1,20,20231015,179,2025-11-16 08:20:51
6800,30,17,7,4,1,21,20231015,168,2025-11-16 08:20:51
6801,30,43,8,4,1,22,20231015,166,2025-11-16 08:20:51
6802,28,49,9,4,1,23,20231015,135,2025-11-16 08:20:51
6803,8,19,8,4,1,0,20231016,107,2025-11-16 08:20:51
6804,9,20,8,4,1,1,20231016,77,2025-11-16 08:20:51
6805,7,48,8,4,1,2,20231016,65,2025-11-16 08:20:51
6806,7,48,8,4,1,3,20231016,42,2025-11-16 08:20:51
6807,7,48,6,4,1,4,20231016,12,2025-11-16 08:20:51
6808,7,48,9,4,1,5,20231016,7,2025-11-16 08:20:51
6809,5,14,9,4,1,6,20231016,10,2025-11-16 08:20:51
6810,10,52,8,4,1,7,20231016,48,2025-11-16 08:20:51
6811,9,52,6,4,1,8,20231016,99,2025-11-16 08:20:51
6812,30,50,7,4,1,9,20231016,190,2025-11-16 08:20:51
6813,29,50,3,4,1,10,20231016,347,2025-11-16 08:20:51
6814,25,24,4,4,1,11,20231016,377,2025-11-16 08:20:51
6815,26,24,3,4,1,12,20231016,444,2025-11-16 08:20:51
6816,27,24,5,4,1,13,20231016,438,2025-11-16 08:20:51
6817,27,23,5,4,1,14,20231016,462,2025-11-16 08:20:51
6818,33,24,14,4,1,15,20231016,412,2025-11-16 08:20:51
6819,27,16,14,4,1,16,20231016,466,2025-11-16 08:20:51
6820,26,37,18,4,1,17,20231016,405,2025-11-16 08:20:51
6821,25,37,11,4,1,18,20231016,328,2025-11-16 08:20:51
6822,29,36,14,4,1,19,20231016,233,2025-11-16 08:20:51
6823,29,36,18,4,1,20,20231016,178,2025-11-16 08:20:51
6824,29,36,14,4,1,21,20231016,102,2025-11-16 08:20:51
6825,25,37,13,4,1,22,20231016,130,2025-11-16 08:20:51
6826,25,36,13,4,1,23,20231016,62,2025-11-16 08:20:51
6827,29,35,10,4,1,0,20231017,37,2025-11-16 08:20:51
6828,25,48,14,4,1,1,20231017,17,2025-11-16 08:20:51
6829,25,48,14,4,1,2,20231017,7,2025-11-16 08:20:51
6830,25,37,6,4,1,3,20231017,2,2025-11-16 08:20:51
6831,24,30,9,4,1,4,20231017,5,2025-11-16 08:20:51
6832,30,31,5,4,1,5,20231017,29,2025-11-16 08:20:51
6833,30,29,3,4,1,6,20231017,114,2025-11-16 08:20:51
6834,30,29,9,4,2,7,20231017,309,2025-11-16 08:20:51
6835,30,34,3,4,2,8,20231017,414,2025-11-16 08:20:51
6836,30,50,4,4,2,9,20231017,206,2025-11-16 08:20:51
6837,24,50,9,4,1,10,20231017,135,2025-11-16 08:20:51
6838,25,22,1,4,1,11,20231017,166,2025-11-16 08:20:51
6839,25,23,2,4,1,12,20231017,205,2025-11-16 08:20:51
6840,25,16,2,4,1,13,20231017,205,2025-11-16 08:20:51
6841,26,37,6,4,1,14,20231017,166,2025-11-16 08:20:51
6842,25,55,3,4,1,15,20231017,208,2025-11-16 08:20:51
6843,26,35,3,4,1,16,20231017,302,2025-11-16 08:20:51
6844,25,27,8,4,1,17,20231017,620,2025-11-16 08:20:51
6845,25,55,1,4,1,18,20231017,518,2025-11-16 08:20:51
6846,29,32,15,4,1,19,20231017,333,2025-11-16 08:20:51
6847,24,6,15,4,1,20,20231017,229,2025-11-16 08:20:51
6848,30,6,15,4,1,21,20231017,177,2025-11-16 08:20:51
6849,30,6,1,4,1,22,20231017,104,2025-11-16 08:20:51
6850,28,9,1,4,2,23,20231017,62,2025-11-16 08:20:51
6851,28,8,1,4,1,0,20231018,31,2025-11-16 08:20:51
6852,8,9,1,4,2,1,20231018,11,2025-11-16 08:20:51
6853,9,11,2,4,1,2,20231018,5,2025-11-16 08:20:51
6854,9,11,2,4,1,3,20231018,1,2025-11-16 08:20:51
6855,9,11,15,4,2,4,20231018,4,2025-11-16 08:20:51
6856,8,9,1,4,2,5,20231018,21,2025-11-16 08:20:51
6857,8,8,2,4,1,6,20231018,109,2025-11-16 08:20:51
6858,8,9,2,4,1,7,20231018,341,2025-11-16 08:20:51
6859,30,6,2,4,1,8,20231018,499,2025-11-16 08:20:51
6860,24,6,2,4,2,9,20231018,227,2025-11-16 08:20:51
6861,25,32,1,4,2,10,20231018,102,2025-11-16 08:20:51
6862,27,37,15,4,2,11,20231018,147,2025-11-16 08:20:51
6863,33,22,2,4,2,12,20231018,201,2025-11-16 08:20:51
6864,32,42,6,4,2,13,20231018,219,2025-11-16 08:20:51
6865,33,49,9,4,2,14,20231018,169,2025-11-16 08:20:51
6866,33,21,6,4,1,15,20231018,205,2025-11-16 08:20:51
6867,33,15,3,4,1,16,20231018,304,2025-11-16 08:20:51
6868,27,55,8,4,1,17,20231018,625,2025-11-16 08:20:51
6869,25,32,15,4,1,18,20231018,570,2025-11-16 08:20:51
6870,25,55,15,4,1,19,20231018,317,2025-11-16 08:20:51
6871,29,27,9,4,1,20,20231018,227,2025-11-16 08:20:51
6872,29,32,8,4,2,21,20231018,206,2025-11-16 08:20:51
6873,24,6,9,4,2,22,20231018,137,2025-11-16 08:20:51
6874,24,6,6,4,2,23,20231018,70,2025-11-16 08:20:51
6875,24,6,6,4,2,0,20231019,34,2025-11-16 08:20:51
6876,24,6,6,4,2,1,20231019,16,2025-11-16 08:20:51
6877,24,6,6,4,2,2,20231019,7,2025-11-16 08:20:51
6878,30,11,6,4,3,4,20231019,3,2025-11-16 08:20:51
6879,30,12,15,4,3,5,20231019,3,2025-11-16 08:20:51
6880,24,83,3,4,3,6,20231019,31,2025-11-16 08:20:51
6881,24,6,3,4,3,7,20231019,68,2025-11-16 08:20:51
6882,29,57,16,4,3,8,20231019,210,2025-11-16 08:20:51
6883,24,9,16,4,3,9,20231019,202,2025-11-16 08:20:51
6884,24,9,16,4,3,10,20231019,123,2025-11-16 08:20:51
6885,24,11,3,4,3,11,20231019,149,2025-11-16 08:20:51
6886,24,11,10,4,3,12,20231019,130,2025-11-16 08:20:51
6887,29,11,4,4,2,13,20231019,106,2025-11-16 08:20:51
6888,29,11,9,4,3,14,20231019,97,2025-11-16 08:20:51
6889,29,12,8,4,3,15,20231019,120,2025-11-16 08:20:51
6890,25,11,9,4,3,16,20231019,201,2025-11-16 08:20:51
6891,25,11,9,4,3,17,20231019,181,2025-11-16 08:20:51
6892,25,12,9,4,3,18,20231019,140,2025-11-16 08:20:51
6893,27,9,8,4,2,19,20231019,197,2025-11-16 08:20:51
6894,27,11,2,4,3,20,20231019,145,2025-11-16 08:20:51
6895,26,11,8,4,2,21,20231019,85,2025-11-16 08:20:51
6896,26,11,12,4,2,22,20231019,107,2025-11-16 08:20:51
6897,26,11,12,4,2,23,20231019,69,2025-11-16 08:20:51
6898,25,11,5,4,1,0,20231020,26,2025-11-16 08:20:51
6899,25,9,12,4,1,1,20231020,15,2025-11-16 08:20:51
6900,25,9,11,4,1,2,20231020,4,2025-11-16 08:20:51
6901,30,8,18,4,1,3,20231020,1,2025-11-16 08:20:51
6902,30,8,18,4,1,4,20231020,8,2025-11-16 08:20:51
6903,28,8,12,4,1,5,20231020,26,2025-11-16 08:20:51
6904,9,8,13,4,1,6,20231020,92,2025-11-16 08:20:51
6905,7,6,11,4,1,7,20231020,318,2025-11-16 08:20:51
6906,9,69,19,4,1,8,20231020,426,2025-11-16 08:20:51
6907,9,69,20,4,1,9,20231020,223,2025-11-16 08:20:51
6908,8,30,11,4,1,10,20231020,130,2025-11-16 08:20:51
6909,28,29,19,4,1,11,20231020,129,2025-11-16 08:20:51
6910,28,38,19,4,1,12,20231020,199,2025-11-16 08:20:51
6911,30,50,20,4,1,13,20231020,164,2025-11-16 08:20:51
6912,28,38,17,4,2,14,20231020,155,2025-11-16 08:20:51
6913,28,34,11,4,2,15,20231020,160,2025-11-16 08:20:51
6914,28,34,11,4,2,16,20231020,234,2025-11-16 08:20:51
6915,28,38,14,4,2,17,20231020,494,2025-11-16 08:20:51
6916,8,34,5,4,2,18,20231020,469,2025-11-16 08:20:51
6917,8,34,12,4,1,19,20231020,298,2025-11-16 08:20:51
6918,8,34,10,4,2,20,20231020,241,2025-11-16 08:20:51
6919,9,34,5,4,1,21,20231020,165,2025-11-16 08:20:51
6920,9,34,10,4,1,22,20231020,128,2025-11-16 08:20:51
6921,7,53,3,4,1,23,20231020,90,2025-11-16 08:20:51
6922,10,52,3,4,1,0,20231021,50,2025-11-16 08:20:51
6923,10,52,7,4,1,1,20231021,26,2025-11-16 08:20:51
6924,5,14,9,4,1,2,20231021,18,2025-11-16 08:20:51
6925,6,13,8,4,1,3,20231021,7,2025-11-16 08:20:51
6926,6,13,9,4,1,4,20231021,6,2025-11-16 08:20:51
6927,11,5,6,4,1,5,20231021,31,2025-11-16 08:20:51
6928,6,13,9,4,1,6,20231021,85,2025-11-16 08:20:51
6929,6,13,9,4,1,7,20231021,233,2025-11-16 08:20:51
6930,10,52,6,4,1,8,20231021,402,2025-11-16 08:20:51
6931,7,53,8,4,2,9,20231021,222,2025-11-16 08:20:51
6932,8,34,9,4,1,10,20231021,138,2025-11-16 08:20:51
6933,30,50,7,4,1,11,20231021,174,2025-11-16 08:20:51
6934,30,50,5,4,1,12,20231021,240,2025-11-16 08:20:51
6935,28,38,10,4,1,13,20231021,206,2025-11-16 08:20:51
6936,24,17,5,4,1,14,20231021,198,2025-11-16 08:20:51
6937,30,50,4,4,1,15,20231021,235,2025-11-16 08:20:51
6938,30,50,3,4,1,16,20231021,302,2025-11-16 08:20:51
6939,8,34,3,4,2,17,20231021,524,2025-11-16 08:20:51
6940,9,48,3,4,2,18,20231021,397,2025-11-16 08:20:51
6941,9,48,14,4,2,19,20231021,253,2025-11-16 08:20:51
6942,9,48,7,4,2,20,20231021,184,2025-11-16 08:20:51
6943,7,53,9,4,1,21,20231021,143,2025-11-16 08:20:51
6944,7,48,9,4,1,22,20231021,113,2025-11-16 08:20:51
6945,10,52,7,4,1,23,20231021,117,2025-11-16 08:20:51
6946,10,52,6,4,1,0,20231022,96,2025-11-16 08:20:51
6947,10,52,6,4,1,1,20231022,70,2025-11-16 08:20:51
6948,10,52,3,4,1,2,20231022,31,2025-11-16 08:20:51
6949,10,52,8,4,1,3,20231022,20,2025-11-16 08:20:51
6950,5,14,2,4,1,4,20231022,8,2025-11-16 08:20:51
6951,5,14,1,4,1,5,20231022,8,2025-11-16 08:20:51
6952,6,13,1,4,1,6,20231022,18,2025-11-16 08:20:51
6953,6,5,15,4,1,7,20231022,57,2025-11-16 08:20:51
6954,10,13,1,4,1,8,20231022,114,2025-11-16 08:20:51
6955,7,69,2,4,1,9,20231022,169,2025-11-16 08:20:51
6956,9,52,15,4,2,10,20231022,236,2025-11-16 08:20:51
6957,9,52,15,4,2,11,20231022,282,2025-11-16 08:20:51
6958,8,29,2,4,1,12,20231022,343,2025-11-16 08:20:51
6959,30,50,1,4,1,13,20231022,322,2025-11-16 08:20:51
6960,28,38,7,4,2,14,20231022,310,2025-11-16 08:20:51
6961,28,34,7,4,1,15,20231022,382,2025-11-16 08:20:51
6962,30,50,6,4,1,16,20231022,359,2025-11-16 08:20:51
6963,8,29,8,4,1,17,20231022,360,2025-11-16 08:20:51
6964,9,48,2,4,1,18,20231022,335,2025-11-16 08:20:51
6965,9,69,1,4,1,19,20231022,220,2025-11-16 08:20:51
6966,7,69,1,4,1,20,20231022,159,2025-11-16 08:20:51
6967,10,5,1,4,1,21,20231022,157,2025-11-16 08:20:51
6968,10,5,1,4,1,22,20231022,144,2025-11-16 08:20:51
6969,5,8,1,4,1,23,20231022,108,2025-11-16 08:20:51
6970,6,10,1,4,1,0,20231023,88,2025-11-16 08:20:51
6971,6,10,1,4,1,1,20231023,71,2025-11-16 08:20:51
6972,11,10,2,4,1,2,20231023,50,2025-11-16 08:20:51
6973,11,10,1,4,1,3,20231023,46,2025-11-16 08:20:51
6974,11,10,1,4,1,4,20231023,6,2025-11-16 08:20:51
6975,4,10,1,4,1,5,20231023,3,2025-11-16 08:20:51
6976,4,10,15,4,1,6,20231023,12,2025-11-16 08:20:51
6977,11,10,2,4,1,7,20231023,21,2025-11-16 08:20:51
6978,6,10,8,4,1,8,20231023,88,2025-11-16 08:20:51
6979,10,5,1,4,1,9,20231023,143,2025-11-16 08:20:51
6980,7,13,2,4,1,10,20231023,289,2025-11-16 08:20:51
6981,8,7,9,4,1,11,20231023,333,2025-11-16 08:20:51
6982,30,30,3,4,1,12,20231023,413,2025-11-16 08:20:51
6983,24,29,6,4,1,13,20231023,415,2025-11-16 08:20:51
6984,24,29,7,4,1,14,20231023,408,2025-11-16 08:20:51
6985,24,36,9,4,1,15,20231023,387,2025-11-16 08:20:51
6986,24,29,6,4,1,16,20231023,405,2025-11-16 08:20:51
6987,30,31,8,4,1,17,20231023,340,2025-11-16 08:20:51
6988,30,31,15,4,1,18,20231023,284,2025-11-16 08:20:51
6989,8,6,1,4,1,19,20231023,193,2025-11-16 08:20:51
6990,9,7,2,4,1,20,20231023,144,2025-11-16 08:20:51
6991,9,7,2,4,1,21,20231023,99,2025-11-16 08:20:51
6992,7,6,15,4,1,22,20231023,94,2025-11-16 08:20:51
6993,7,6,9,4,1,23,20231023,49,2025-11-16 08:20:51
6994,7,6,1,4,1,0,20231024,32,2025-11-16 08:20:51
6995,10,8,8,4,1,1,20231024,15,2025-11-16 08:20:51
6996,10,10,15,4,1,2,20231024,7,2025-11-16 08:20:51
6997,10,8,2,4,1,3,20231024,4,2025-11-16 08:20:51
6998,10,8,1,4,1,4,20231024,6,2025-11-16 08:20:51
6999,5,10,1,4,1,5,20231024,21,2025-11-16 08:20:51
7000,10,10,15,4,1,6,20231024,86,2025-11-16 08:20:51
7001,5,11,15,4,2,7,20231024,285,2025-11-16 08:20:51
7002,7,9,9,4,2,8,20231024,398,2025-11-16 08:20:51
7003,9,8,9,4,2,9,20231024,195,2025-11-16 08:20:51
7004,8,8,3,4,2,10,20231024,129,2025-11-16 08:20:51
7005,30,7,9,4,2,11,20231024,168,2025-11-16 08:20:51
7006,24,32,15,4,2,12,20231024,220,2025-11-16 08:20:51
7007,29,27,7,4,2,13,20231024,198,2025-11-16 08:20:51
7008,29,27,6,4,2,14,20231024,206,2025-11-16 08:20:51
7009,25,55,9,4,1,15,20231024,177,2025-11-16 08:20:51
7010,29,27,6,4,1,16,20231024,310,2025-11-16 08:20:51
7011,24,32,8,4,1,17,20231024,614,2025-11-16 08:20:51
7012,29,55,2,4,1,18,20231024,486,2025-11-16 08:20:51
7013,28,8,1,4,3,19,20231024,237,2025-11-16 08:20:51
7014,28,8,15,4,1,20,20231024,129,2025-11-16 08:20:51
7015,8,10,15,4,1,21,20231024,126,2025-11-16 08:20:51
7016,28,3,9,4,1,22,20231024,79,2025-11-16 08:20:51
7017,8,6,2,4,1,23,20231024,59,2025-11-16 08:20:51
7018,9,6,8,4,1,0,20231025,30,2025-11-16 08:20:51
7019,9,6,8,4,1,1,20231025,11,2025-11-16 08:20:51
7020,7,8,8,4,1,2,20231025,5,2025-11-16 08:20:51
7021,10,10,1,4,1,3,20231025,4,2025-11-16 08:20:51
7022,5,10,8,4,1,4,20231025,5,2025-11-16 08:20:51
7023,5,10,8,4,1,5,20231025,24,2025-11-16 08:20:51
7024,5,8,15,4,1,6,20231025,98,2025-11-16 08:20:51
7025,10,5,6,4,1,7,20231025,314,2025-11-16 08:20:51
7026,9,7,1,4,1,8,20231025,408,2025-11-16 08:20:51
7027,28,29,7,4,1,9,20231025,223,2025-11-16 08:20:51
7028,30,34,3,4,1,10,20231025,128,2025-11-16 08:20:51
7029,24,38,4,4,1,11,20231025,166,2025-11-16 08:20:51
7030,29,18,12,4,1,12,20231025,200,2025-11-16 08:20:51
7031,25,39,14,4,1,13,20231025,198,2025-11-16 08:20:51
7032,25,23,3,4,1,14,20231025,200,2025-11-16 08:20:51
7033,25,39,15,4,1,15,20231025,234,2025-11-16 08:20:51
7034,25,39,6,4,1,16,20231025,285,2025-11-16 08:20:51
7035,25,39,15,4,1,17,20231025,585,2025-11-16 08:20:51
7036,24,17,15,4,1,18,20231025,518,2025-11-16 08:20:51
7037,28,69,6,4,1,19,20231025,338,2025-11-16 08:20:51
7038,8,69,15,4,1,20,20231025,248,2025-11-16 08:20:51
7039,9,7,8,4,1,21,20231025,201,2025-11-16 08:20:51
7040,8,69,6,4,1,22,20231025,170,2025-11-16 08:20:51
7041,9,7,8,4,1,23,20231025,94,2025-11-16 08:20:51
7042,9,7,6,4,1,0,20231026,32,2025-11-16 08:20:51
7043,9,69,3,4,1,1,20231026,12,2025-11-16 08:20:51
7044,9,69,9,4,1,2,20231026,3,2025-11-16 08:20:51
7045,9,69,7,4,1,3,20231026,3,2025-11-16 08:20:51
7046,7,13,3,4,1,4,20231026,5,2025-11-16 08:20:51
7047,7,13,7,4,1,5,20231026,21,2025-11-16 08:20:51
7048,7,13,7,4,1,6,20231026,92,2025-11-16 08:20:51
7049,7,13,9,4,1,7,20231026,299,2025-11-16 08:20:51
7050,9,69,6,4,2,8,20231026,464,2025-11-16 08:20:51
7051,28,31,7,4,2,9,20231026,240,2025-11-16 08:20:51
7052,24,52,3,4,2,10,20231026,131,2025-11-16 08:20:51
7053,24,30,10,4,1,11,20231026,155,2025-11-16 08:20:51
7054,26,46,7,4,3,12,20231026,194,2025-11-16 08:20:51
7055,25,55,15,4,3,13,20231026,82,2025-11-16 08:20:51
7056,24,6,1,4,2,14,20231026,66,2025-11-16 08:20:51
7057,24,6,1,4,2,15,20231026,70,2025-11-16 08:20:51
7058,24,6,2,4,2,16,20231026,213,2025-11-16 08:20:51
7059,24,6,15,4,2,17,20231026,454,2025-11-16 08:20:51
7060,24,6,9,4,1,18,20231026,453,2025-11-16 08:20:51
7061,30,8,1,4,1,19,20231026,331,2025-11-16 08:20:51
7062,30,9,1,4,1,20,20231026,207,2025-11-16 08:20:51
7063,24,6,1,4,2,21,20231026,157,2025-11-16 08:20:51
7064,28,9,2,4,2,22,20231026,135,2025-11-16 08:20:51
7065,28,9,2,4,2,23,20231026,75,2025-11-16 08:20:51
7066,8,11,1,4,1,0,20231027,26,2025-11-16 08:20:51
7067,8,11,1,4,1,1,20231027,11,2025-11-16 08:20:51
7068,8,11,1,4,3,2,20231027,8,2025-11-16 08:20:51
7069,8,11,1,4,3,3,20231027,4,2025-11-16 08:20:51
7070,28,9,1,4,3,4,20231027,4,2025-11-16 08:20:51
7071,28,9,2,4,3,5,20231027,15,2025-11-16 08:20:51
7072,30,8,1,4,3,6,20231027,46,2025-11-16 08:20:51
7073,8,11,2,4,2,7,20231027,137,2025-11-16 08:20:51
7074,28,9,6,4,3,8,20231027,316,2025-11-16 08:20:51
7075,30,8,9,4,2,9,20231027,171,2025-11-16 08:20:51
7076,30,9,6,4,3,10,20231027,62,2025-11-16 08:20:51
7077,30,9,8,4,3,11,20231027,52,2025-11-16 08:20:51
7078,30,9,8,4,3,12,20231027,53,2025-11-16 08:20:51
7079,30,9,9,4,2,13,20231027,74,2025-11-16 08:20:51
7080,24,83,1,4,2,14,20231027,92,2025-11-16 08:20:51
7081,24,83,15,4,2,15,20231027,107,2025-11-16 08:20:51
7082,25,63,9,4,2,16,20231027,207,2025-11-16 08:20:51
7083,30,7,18,4,2,17,20231027,322,2025-11-16 08:20:51
7084,28,69,18,4,2,18,20231027,240,2025-11-16 08:20:51
7085,9,69,18,4,2,19,20231027,219,2025-11-16 08:20:51
7086,7,69,16,4,1,20,20231027,182,2025-11-16 08:20:51
7087,10,52,19,4,1,21,20231027,132,2025-11-16 08:20:51
7088,6,14,16,4,1,22,20231027,111,2025-11-16 08:20:51
7089,11,54,13,4,1,23,20231027,68,2025-11-16 08:20:51
7090,11,14,3,4,1,0,20231028,44,2025-11-16 08:20:51
7091,4,14,3,4,1,1,20231028,16,2025-11-16 08:20:51
7092,4,14,4,4,1,2,20231028,4,2025-11-16 08:20:51
7093,12,57,4,4,1,3,20231028,8,2025-11-16 08:20:51
7094,12,56,4,4,1,4,20231028,10,2025-11-16 08:20:51
7095,12,54,3,4,2,5,20231028,25,2025-11-16 08:20:51
7096,18,56,3,4,1,6,20231028,75,2025-11-16 08:20:51
7097,18,56,3,4,1,7,20231028,205,2025-11-16 08:20:51
7098,12,54,4,4,1,8,20231028,374,2025-11-16 08:20:51
7099,4,15,7,4,1,9,20231028,229,2025-11-16 08:20:51
7100,11,15,7,4,1,10,20231028,130,2025-11-16 08:20:51
7101,6,21,7,4,1,11,20231028,168,2025-11-16 08:20:51
7102,5,23,9,4,2,12,20231028,213,2025-11-16 08:20:51
7103,5,17,7,4,2,13,20231028,228,2025-11-16 08:20:51
7104,6,16,6,4,2,14,20231028,185,2025-11-16 08:20:51
7105,6,22,3,4,2,15,20231028,215,2025-11-16 08:20:51
7106,6,16,9,4,2,16,20231028,308,2025-11-16 08:20:51
7107,6,21,8,4,2,17,20231028,446,2025-11-16 08:20:51
7108,6,46,9,4,2,18,20231028,368,2025-11-16 08:20:51
7109,6,21,8,4,2,19,20231028,204,2025-11-16 08:20:51
7110,11,54,7,4,3,20,20231028,143,2025-11-16 08:20:51
7111,4,57,9,4,3,21,20231028,74,2025-11-16 08:20:51
7112,12,3,4,4,3,22,20231028,36,2025-11-16 08:20:51
7113,12,1,10,4,3,23,20231028,39,2025-11-16 08:20:51
7114,18,10,5,4,3,0,20231029,19,2025-11-16 08:20:51
7115,12,10,5,4,3,1,20231029,18,2025-11-16 08:20:51
7116,12,10,5,4,3,2,20231029,17,2025-11-16 08:20:51
7117,12,1,13,4,3,3,20231029,8,2025-11-16 08:20:51
7118,12,1,13,4,3,4,20231029,1,2025-11-16 08:20:51
7119,13,44,12,4,3,5,20231029,1,2025-11-16 08:20:51
7120,13,10,12,4,3,6,20231029,5,2025-11-16 08:20:51
7121,13,10,12,4,3,7,20231029,7,2025-11-16 08:20:51
7122,18,10,12,4,3,8,20231029,20,2025-11-16 08:20:51
7123,18,10,12,4,3,9,20231029,20,2025-11-16 08:20:51
7124,13,44,10,4,3,10,20231029,12,2025-11-16 08:20:51
7125,13,44,14,4,3,11,20231029,27,2025-11-16 08:20:51
7126,1,10,16,4,3,12,20231029,50,2025-11-16 08:20:51
7127,1,10,19,4,3,13,20231029,30,2025-11-16 08:20:51
7128,1,10,11,4,3,14,20231029,29,2025-11-16 08:20:51
7129,2,44,3,4,3,15,20231029,41,2025-11-16 08:20:51
7130,2,44,10,4,3,16,20231029,22,2025-11-16 08:20:51
7131,2,44,10,4,3,17,20231029,31,2025-11-16 08:20:51
7132,2,44,10,4,3,18,20231029,43,2025-11-16 08:20:51
7133,1,10,12,4,1,19,20231029,39,2025-11-16 08:20:51
7134,1,10,12,4,1,20,20231029,47,2025-11-16 08:20:51
7135,1,10,12,4,1,21,20231029,50,2025-11-16 08:20:51
7136,2,10,7,4,1,22,20231029,54,2025-11-16 08:20:51
7137,2,10,6,4,1,23,20231029,36,2025-11-16 08:20:51
7138,2,10,7,4,1,0,20231030,54,2025-11-16 08:20:51
7139,2,10,3,4,1,1,20231030,43,2025-11-16 08:20:51
7140,2,10,4,4,1,2,20231030,50,2025-11-16 08:20:51
7141,1,3,12,4,1,3,20231030,33,2025-11-16 08:20:51
7142,2,2,10,4,1,4,20231030,11,2025-11-16 08:20:51
7143,1,3,5,4,1,5,20231030,4,2025-11-16 08:20:51
7144,1,3,3,4,1,6,20231030,10,2025-11-16 08:20:51
7145,1,3,1,4,1,7,20231030,22,2025-11-16 08:20:51
7146,13,57,7,4,1,8,20231030,80,2025-11-16 08:20:51
7147,12,56,3,4,1,9,20231030,147,2025-11-16 08:20:51
7148,4,54,2,4,1,10,20231030,178,2025-11-16 08:20:51
7149,6,46,7,4,1,11,20231030,240,2025-11-16 08:20:51
7150,5,21,6,4,1,12,20231030,314,2025-11-16 08:20:51
7151,10,22,7,4,1,13,20231030,345,2025-11-16 08:20:51
7152,7,42,6,4,1,14,20231030,300,2025-11-16 08:20:51
7153,7,24,9,4,1,15,20231030,290,2025-11-16 08:20:51
7154,7,26,8,4,1,16,20231030,320,2025-11-16 08:20:51
7155,10,24,15,4,1,17,20231030,245,2025-11-16 08:20:51
7156,6,23,8,4,1,18,20231030,213,2025-11-16 08:20:51
7157,25,37,5,4,1,19,20231030,153,2025-11-16 08:20:51
7158,11,15,1,4,1,20,20231030,92,2025-11-16 08:20:51
7159,4,14,1,4,1,21,20231030,79,2025-11-16 08:20:51
7160,12,3,1,4,1,22,20231030,71,2025-11-16 08:20:51
7161,13,10,1,4,1,23,20231030,37,2025-11-16 08:20:51
7162,13,10,1,4,1,0,20231031,23,2025-11-16 08:20:51
7163,13,1,1,4,1,1,20231031,13,2025-11-16 08:20:51
7164,1,10,1,4,1,2,20231031,3,2025-11-16 08:20:51
7165,1,10,15,4,1,3,20231031,3,2025-11-16 08:20:51
7166,1,10,1,4,1,4,20231031,6,2025-11-16 08:20:51
7167,2,44,1,4,1,5,20231031,18,2025-11-16 08:20:51
7168,1,10,1,4,1,6,20231031,86,2025-11-16 08:20:51
7169,1,44,1,4,1,7,20231031,227,2025-11-16 08:20:51
7170,18,10,1,4,2,8,20231031,372,2025-11-16 08:20:51
7171,4,5,9,4,2,9,20231031,211,2025-11-16 08:20:51
7172,6,15,9,4,2,10,20231031,105,2025-11-16 08:20:51
7173,10,21,8,4,1,11,20231031,128,2025-11-16 08:20:51
7174,7,19,7,4,1,12,20231031,170,2025-11-16 08:20:51
7175,9,19,7,4,2,13,20231031,152,2025-11-16 08:20:51
7176,9,20,7,4,2,14,20231031,141,2025-11-16 08:20:51
7177,9,20,9,4,1,15,20231031,168,2025-11-16 08:20:51
7178,7,48,9,4,1,16,20231031,272,2025-11-16 08:20:51
7179,7,48,8,4,1,17,20231031,486,2025-11-16 08:20:51
7180,10,14,2,4,1,18,20231031,422,2025-11-16 08:20:51
7181,10,14,2,4,1,19,20231031,238,2025-11-16 08:20:51
7182,10,14,2,4,1,20,20231031,172,2025-11-16 08:20:51
7183,6,5,6,4,2,21,20231031,116,2025-11-16 08:20:51
7184,6,5,6,4,2,22,20231031,85,2025-11-16 08:20:51
7185,6,5,6,4,2,23,20231031,52,2025-11-16 08:20:51
7186,6,10,9,4,2,0,20231101,21,2025-11-16 08:20:51
7187,6,1,8,4,1,1,20231101,11,2025-11-16 08:20:51
7188,6,1,9,4,2,2,20231101,4,2025-11-16 08:20:51
7189,6,1,8,4,2,3,20231101,6,2025-11-16 08:20:51
7190,11,1,7,4,1,4,20231101,8,2025-11-16 08:20:51
7191,4,1,6,4,1,5,20231101,18,2025-11-16 08:20:51
7192,4,1,6,4,1,6,20231101,93,2025-11-16 08:20:51
7193,11,5,6,4,1,7,20231101,254,2025-11-16 08:20:51
7194,6,13,3,4,1,8,20231101,419,2025-11-16 08:20:51
7195,10,14,9,4,1,9,20231101,222,2025-11-16 08:20:51
7196,9,52,8,4,1,10,20231101,135,2025-11-16 08:20:51
7197,8,31,15,4,1,11,20231101,117,2025-11-16 08:20:51
7198,30,38,2,4,1,12,20231101,176,2025-11-16 08:20:51
7199,28,29,6,4,1,13,20231101,167,2025-11-16 08:20:51
7200,30,38,3,4,1,14,20231101,150,2025-11-16 08:20:51
7201,30,50,8,4,1,15,20231101,186,2025-11-16 08:20:51
7202,28,19,9,4,1,16,20231101,298,2025-11-16 08:20:51
7203,9,48,9,4,1,17,20231101,506,2025-11-16 08:20:51
7204,7,53,15,4,1,18,20231101,460,2025-11-16 08:20:51
7205,7,53,2,4,1,19,20231101,313,2025-11-16 08:20:51
7206,10,13,1,4,1,20,20231101,209,2025-11-16 08:20:51
7207,6,1,1,4,1,21,20231101,127,2025-11-16 08:20:51
7208,6,1,1,4,1,22,20231101,96,2025-11-16 08:20:51
7209,11,10,1,4,1,23,20231101,72,2025-11-16 08:20:51
7210,4,10,1,4,1,0,20231102,19,2025-11-16 08:20:51
7211,12,10,1,4,1,1,20231102,10,2025-11-16 08:20:51
7212,12,10,1,4,1,2,20231102,2,2025-11-16 08:20:51
7213,12,3,1,4,1,3,20231102,2,2025-11-16 08:20:51
7214,12,10,1,4,1,4,20231102,4,2025-11-16 08:20:51
7215,12,1,1,4,1,5,20231102,27,2025-11-16 08:20:51
7216,12,1,1,4,1,6,20231102,92,2025-11-16 08:20:51
7217,12,1,1,4,1,7,20231102,251,2025-11-16 08:20:51
7218,4,10,1,4,1,8,20231102,472,2025-11-16 08:20:51
7219,11,10,1,4,1,9,20231102,228,2025-11-16 08:20:51
7220,10,13,2,4,1,10,20231102,133,2025-11-16 08:20:51
7221,7,13,8,4,1,11,20231102,144,2025-11-16 08:20:51
7222,8,29,9,4,1,12,20231102,189,2025-11-16 08:20:51
7223,28,38,9,4,1,13,20231102,161,2025-11-16 08:20:51
7224,30,50,9,4,1,14,20231102,172,2025-11-16 08:20:51
7225,28,34,9,4,1,15,20231102,187,2025-11-16 08:20:51
7226,28,34,15,4,1,16,20231102,266,2025-11-16 08:20:51
7227,9,52,6,4,1,17,20231102,553,2025-11-16 08:20:51
7228,7,13,9,4,1,18,20231102,479,2025-11-16 08:20:51
7229,10,5,8,4,1,19,20231102,282,2025-11-16 08:20:51
7230,10,14,8,4,1,20,20231102,182,2025-11-16 08:20:51
7231,5,13,8,4,1,21,20231102,168,2025-11-16 08:20:51
7232,6,13,8,4,1,22,20231102,106,2025-11-16 08:20:51
7233,6,5,2,4,1,23,20231102,57,2025-11-16 08:20:51
7234,6,5,2,4,1,0,20231103,31,2025-11-16 08:20:51
7235,11,1,8,4,1,1,20231103,15,2025-11-16 08:20:51
7236,11,5,8,4,1,2,20231103,7,2025-11-16 08:20:51
7237,11,1,8,4,1,3,20231103,5,2025-11-16 08:20:51
7238,4,1,2,4,1,4,20231103,4,2025-11-16 08:20:51
7239,4,1,8,4,1,5,20231103,28,2025-11-16 08:20:51
7240,11,5,6,4,1,6,20231103,99,2025-11-16 08:20:51
7241,4,1,2,4,2,7,20231103,292,2025-11-16 08:20:51
7242,11,1,2,4,2,8,20231103,402,2025-11-16 08:20:51
7243,6,1,6,4,2,9,20231103,164,2025-11-16 08:20:51
7244,10,5,6,4,2,10,20231103,110,2025-11-16 08:20:51
7245,9,69,6,4,1,11,20231103,120,2025-11-16 08:20:51
7246,30,34,6,4,1,12,20231103,179,2025-11-16 08:20:51
7247,24,38,3,4,2,13,20231103,169,2025-11-16 08:20:51
7248,24,36,9,4,1,14,20231103,152,2025-11-16 08:20:51
7249,24,36,9,4,1,15,20231103,162,2025-11-16 08:20:51
7250,24,38,6,4,1,16,20231103,267,2025-11-16 08:20:51
7251,28,29,2,4,1,17,20231103,498,2025-11-16 08:20:51
7252,8,31,8,4,1,18,20231103,433,2025-11-16 08:20:51
7253,9,69,2,4,1,19,20231103,252,2025-11-16 08:20:51
7254,7,13,15,4,1,20,20231103,209,2025-11-16 08:20:51
7255,10,5,8,4,1,21,20231103,144,2025-11-16 08:20:51
7256,10,8,1,4,1,22,20231103,137,2025-11-16 08:20:51
7257,10,8,2,4,1,23,20231103,95,2025-11-16 08:20:51
7258,10,8,1,4,2,0,20231104,43,2025-11-16 08:20:51
7259,10,8,1,4,2,1,20231104,17,2025-11-16 08:20:51
7260,10,5,1,4,2,2,20231104,10,2025-11-16 08:20:51
7261,5,10,9,4,2,3,20231104,8,2025-11-16 08:20:51
7262,5,10,2,4,2,4,20231104,7,2025-11-16 08:20:51
7263,5,10,1,4,2,5,20231104,23,2025-11-16 08:20:51
7264,5,10,2,4,2,6,20231104,66,2025-11-16 08:20:51
7265,10,4,7,4,2,7,20231104,245,2025-11-16 08:20:51
7266,10,10,12,4,2,8,20231104,395,2025-11-16 08:20:51
7267,7,13,18,4,2,9,20231104,254,2025-11-16 08:20:51
7268,7,13,10,4,2,10,20231104,134,2025-11-16 08:20:51
7269,9,69,11,4,2,11,20231104,162,2025-11-16 08:20:51
7270,28,29,16,4,2,12,20231104,197,2025-11-16 08:20:51
7271,9,34,13,4,1,13,20231104,194,2025-11-16 08:20:51
7272,9,20,5,4,1,14,20231104,201,2025-11-16 08:20:51
7273,8,19,14,4,1,15,20231104,237,2025-11-16 08:20:51
7274,8,43,14,4,1,16,20231104,290,2025-11-16 08:20:51
7275,7,42,12,4,1,17,20231104,480,2025-11-16 08:20:51
7276,7,26,18,4,1,18,20231104,374,2025-11-16 08:20:51
7277,10,39,12,4,1,19,20231104,196,2025-11-16 08:20:51
7278,6,22,4,4,1,20,20231104,186,2025-11-16 08:20:51
7279,11,16,3,4,1,21,20231104,123,2025-11-16 08:20:51
7280,11,16,10,4,1,22,20231104,115,2025-11-16 08:20:51
7281,4,37,10,4,1,23,20231104,89,2025-11-16 08:20:51
7282,4,50,12,4,1,0,20231105,52,2025-11-16 08:20:51
7283,4,50,5,4,1,1,20231105,62,2025-11-16 08:20:51
7284,12,36,10,4,1,2,20231105,31,2025-11-16 08:20:51
7285,12,36,5,4,1,3,20231105,8,2025-11-16 08:20:51
7286,18,35,10,4,1,4,20231105,8,2025-11-16 08:20:51
7287,13,55,10,4,1,5,20231105,2,2025-11-16 08:20:51
7288,13,55,3,4,1,6,20231105,23,2025-11-16 08:20:51
7289,13,55,4,4,1,7,20231105,34,2025-11-16 08:20:51
7290,18,35,10,4,1,8,20231105,84,2025-11-16 08:20:51
7291,12,35,5,4,1,9,20231105,141,2025-11-16 08:20:51
7292,4,46,3,4,1,10,20231105,227,2025-11-16 08:20:51
7293,6,16,15,4,1,11,20231105,238,2025-11-16 08:20:51
7294,6,16,9,4,1,12,20231105,372,2025-11-16 08:20:51
7295,10,39,15,4,1,13,20231105,355,2025-11-16 08:20:51
7296,7,24,8,4,1,14,20231105,386,2025-11-16 08:20:51
7297,10,39,6,4,1,15,20231105,343,2025-11-16 08:20:51
7298,10,23,7,4,1,16,20231105,335,2025-11-16 08:20:51
7299,5,23,9,4,1,17,20231105,334,2025-11-16 08:20:51
7300,6,21,2,4,1,18,20231105,237,2025-11-16 08:20:51
7301,11,46,1,4,1,19,20231105,204,2025-11-16 08:20:51
7302,4,14,1,4,1,20,20231105,165,2025-11-16 08:20:51
7303,4,14,1,4,1,21,20231105,118,2025-11-16 08:20:51
7304,12,56,1,4,1,22,20231105,82,2025-11-16 08:20:51
7305,18,57,1,4,1,23,20231105,85,2025-11-16 08:20:51
7306,18,3,1,4,1,0,20231106,75,2025-11-16 08:20:51
7307,13,1,1,4,1,1,20231106,115,2025-11-16 08:20:51
7308,13,1,1,4,1,2,20231106,29,2025-11-16 08:20:51
7309,1,10,1,4,1,3,20231106,9,2025-11-16 08:20:51
7310,1,10,1,4,1,4,20231106,6,2025-11-16 08:20:51
7311,1,10,8,4,1,5,20231106,5,2025-11-16 08:20:51
7312,13,1,2,4,1,6,20231106,16,2025-11-16 08:20:51
7313,13,10,15,4,1,7,20231106,28,2025-11-16 08:20:51
7314,18,10,2,4,2,8,20231106,90,2025-11-16 08:20:51
7315,12,3,2,4,2,9,20231106,170,2025-11-16 08:20:51
7316,6,14,2,4,1,10,20231106,262,2025-11-16 08:20:51
7317,7,53,2,4,1,11,20231106,320,2025-11-16 08:20:51
7318,9,48,1,4,1,12,20231106,346,2025-11-16 08:20:51
7319,8,34,9,4,1,13,20231106,314,2025-11-16 08:20:51
7320,8,29,6,4,1,14,20231106,320,2025-11-16 08:20:51
7321,28,34,6,4,1,15,20231106,306,2025-11-16 08:20:51
7322,8,29,7,4,1,16,20231106,347,2025-11-16 08:20:51
7323,9,52,9,4,1,17,20231106,256,2025-11-16 08:20:51
7324,7,13,15,4,1,18,20231106,185,2025-11-16 08:20:51
7325,5,5,6,4,1,19,20231106,151,2025-11-16 08:20:51
7326,6,1,15,4,1,20,20231106,116,2025-11-16 08:20:51
7327,6,1,2,4,1,21,20231106,88,2025-11-16 08:20:51
7328,6,10,1,4,1,22,20231106,45,2025-11-16 08:20:51
7329,11,10,2,4,1,23,20231106,50,2025-11-16 08:20:51
7330,11,10,1,4,1,0,20231107,15,2025-11-16 08:20:51
7331,11,10,1,4,1,1,20231107,8,2025-11-16 08:20:51
7332,4,44,1,4,1,2,20231107,2,2025-11-16 08:20:51
7333,4,44,1,4,1,3,20231107,3,2025-11-16 08:20:51
7334,4,44,1,4,1,4,20231107,6,2025-11-16 08:20:51
7335,12,44,1,4,1,5,20231107,26,2025-11-16 08:20:51
7336,18,44,1,4,2,6,20231107,99,2025-11-16 08:20:51
7337,18,44,1,4,2,7,20231107,311,2025-11-16 08:20:51
7338,12,12,2,4,2,8,20231107,410,2025-11-16 08:20:51
7339,11,12,8,4,2,9,20231107,174,2025-11-16 08:20:51
7340,6,44,8,4,1,10,20231107,123,2025-11-16 08:20:51
7341,7,6,15,4,1,11,20231107,128,2025-11-16 08:20:51
7342,8,69,1,4,1,12,20231107,179,2025-11-16 08:20:51
7343,29,37,2,4,1,13,20231107,189,2025-11-16 08:20:51
7344,25,39,9,4,1,14,20231107,145,2025-11-16 08:20:51
7345,25,39,15,4,1,15,20231107,170,2025-11-16 08:20:51
7346,24,50,1,4,1,16,20231107,295,2025-11-16 08:20:51
7347,30,50,9,4,1,17,20231107,528,2025-11-16 08:20:51
7348,8,30,15,4,1,18,20231107,425,2025-11-16 08:20:51
7349,8,30,1,4,1,19,20231107,300,2025-11-16 08:20:51
7350,10,13,1,4,1,20,20231107,204,2025-11-16 08:20:51
7351,5,8,15,4,1,21,20231107,139,2025-11-16 08:20:51
7352,6,1,2,4,1,22,20231107,108,2025-11-16 08:20:51
7353,6,10,2,4,1,23,20231107,48,2025-11-16 08:20:51
7354,11,10,2,4,1,0,20231108,18,2025-11-16 08:20:51
7355,4,44,15,4,1,1,20231108,11,2025-11-16 08:20:51
7356,4,10,1,4,1,2,20231108,1,2025-11-16 08:20:51
7357,4,10,1,4,1,3,20231108,3,2025-11-16 08:20:51
7358,12,10,1,4,1,4,20231108,4,2025-11-16 08:20:51
7359,12,10,2,4,1,5,20231108,18,2025-11-16 08:20:51
7360,12,10,1,4,1,6,20231108,99,2025-11-16 08:20:51
7361,12,10,15,4,1,7,20231108,323,2025-11-16 08:20:51
7362,4,44,15,4,1,8,20231108,466,2025-11-16 08:20:51
7363,6,10,1,4,1,9,20231108,191,2025-11-16 08:20:51
7364,7,13,2,4,1,10,20231108,129,2025-11-16 08:20:51
7365,8,31,8,4,1,11,20231108,147,2025-11-16 08:20:51
7366,24,36,8,4,1,12,20231108,203,2025-11-16 08:20:51
7367,29,37,9,4,1,13,20231108,196,2025-11-16 08:20:51
7368,25,16,15,4,1,14,20231108,161,2025-11-16 08:20:51
7369,26,16,15,4,1,15,20231108,188,2025-11-16 08:20:51
7370,25,16,8,4,1,16,20231108,289,2025-11-16 08:20:51
7371,24,22,9,4,1,17,20231108,499,2025-11-16 08:20:51
7372,28,29,8,4,1,18,20231108,462,2025-11-16 08:20:51
7373,8,30,1,4,1,19,20231108,278,2025-11-16 08:20:51
7374,10,5,1,4,1,20,20231108,181,2025-11-16 08:20:51
7375,10,5,1,4,1,21,20231108,182,2025-11-16 08:20:51
7376,6,10,1,4,1,22,20231108,108,2025-11-16 08:20:51
7377,6,1,1,4,1,23,20231108,48,2025-11-16 08:20:51
7378,6,10,1,4,1,0,20231109,13,2025-11-16 08:20:51
7379,11,10,1,4,1,1,20231109,10,2025-11-16 08:20:51
7380,4,44,1,4,1,2,20231109,5,2025-11-16 08:20:51
7381,4,44,1,4,1,3,20231109,4,2025-11-16 08:20:51
7382,4,10,1,4,1,4,20231109,4,2025-11-16 08:20:51
7383,12,10,1,4,1,5,20231109,28,2025-11-16 08:20:51
7384,12,10,1,4,1,6,20231109,98,2025-11-16 08:20:51
7385,12,10,1,4,1,7,20231109,300,2025-11-16 08:20:51
7386,4,44,1,4,1,8,20231109,456,2025-11-16 08:20:51
7387,11,44,1,4,1,9,20231109,219,2025-11-16 08:20:51
7388,10,5,15,4,1,10,20231109,105,2025-11-16 08:20:51
7389,8,69,9,4,1,11,20231109,152,2025-11-16 08:20:51
7390,30,34,9,4,1,12,20231109,180,2025-11-16 08:20:51
7391,30,34,9,4,1,13,20231109,167,2025-11-16 08:20:51
7392,24,38,9,4,1,14,20231109,179,2025-11-16 08:20:51
7393,24,50,7,4,1,15,20231109,151,2025-11-16 08:20:51
7394,24,38,6,4,1,16,20231109,281,2025-11-16 08:20:51
7395,8,31,15,4,1,17,20231109,485,2025-11-16 08:20:51
7396,9,69,15,4,1,18,20231109,408,2025-11-16 08:20:51
7397,9,7,15,4,1,19,20231109,304,2025-11-16 08:20:51
7398,9,6,1,4,1,20,20231109,219,2025-11-16 08:20:51
7399,10,10,1,4,1,21,20231109,161,2025-11-16 08:20:51
7400,10,10,1,4,1,22,20231109,114,2025-11-16 08:20:51
7401,5,10,1,4,1,23,20231109,66,2025-11-16 08:20:51
7402,10,10,1,4,1,0,20231110,24,2025-11-16 08:20:51
7403,10,10,1,4,2,1,20231110,11,2025-11-16 08:20:51
7404,5,11,1,4,2,2,20231110,5,2025-11-16 08:20:51
7405,5,11,2,4,1,3,20231110,11,2025-11-16 08:20:51
7406,5,11,2,4,1,4,20231110,3,2025-11-16 08:20:51
7407,6,12,8,4,2,5,20231110,23,2025-11-16 08:20:51
7408,6,12,8,4,2,6,20231110,114,2025-11-16 08:20:51
7409,5,11,9,4,2,7,20231110,272,2025-11-16 08:20:51
7410,10,11,2,4,2,8,20231110,436,2025-11-16 08:20:51
7411,7,11,15,4,2,9,20231110,211,2025-11-16 08:20:51
7412,9,9,7,4,2,10,20231110,117,2025-11-16 08:20:51
7413,8,69,14,4,2,11,20231110,108,2025-11-16 08:20:51
7414,7,69,12,4,2,12,20231110,167,2025-11-16 08:20:51
7415,6,1,12,4,3,13,20231110,96,2025-11-16 08:20:51
7416,6,10,4,4,3,14,20231110,64,2025-11-16 08:20:51
7417,6,1,5,4,3,15,20231110,62,2025-11-16 08:20:51
7418,6,1,7,4,3,16,20231110,73,2025-11-16 08:20:51
7419,6,1,7,4,3,17,20231110,177,2025-11-16 08:20:51
7420,6,1,9,4,2,18,20231110,273,2025-11-16 08:20:51
7421,6,13,7,4,2,19,20231110,211,2025-11-16 08:20:51
7422,6,52,4,4,2,20,20231110,168,2025-11-16 08:20:51
7423,6,15,3,4,1,21,20231110,136,2025-11-16 08:20:51
7424,6,46,4,4,1,22,20231110,89,2025-11-16 08:20:51
7425,11,15,9,4,2,23,20231110,82,2025-11-16 08:20:51
7426,11,46,3,4,1,0,20231111,66,2025-11-16 08:20:51
7427,4,15,10,4,1,1,20231111,19,2025-11-16 08:20:51
7428,4,15,4,4,1,2,20231111,11,2025-11-16 08:20:51
7429,12,54,6,4,1,3,20231111,6,2025-11-16 08:20:51
7430,12,54,6,4,1,4,20231111,8,2025-11-16 08:20:51
7431,12,37,3,4,1,5,20231111,13,2025-11-16 08:20:51
7432,18,50,10,4,1,6,20231111,46,2025-11-16 08:20:51
7433,18,50,3,4,1,7,20231111,121,2025-11-16 08:20:51
7434,12,17,12,4,1,8,20231111,258,2025-11-16 08:20:51
7435,4,50,11,4,1,9,20231111,201,2025-11-16 08:20:51
7436,4,17,17,4,1,10,20231111,200,2025-11-16 08:20:51
7437,11,17,16,4,1,11,20231111,170,2025-11-16 08:20:51
7438,11,17,18,4,1,12,20231111,239,2025-11-16 08:20:51
7439,5,39,17,4,1,13,20231111,236,2025-11-16 08:20:51
7440,5,39,18,4,1,14,20231111,247,2025-11-16 08:20:51
7441,6,39,13,4,1,15,20231111,216,2025-11-16 08:20:51
7442,6,47,10,4,1,16,20231111,238,2025-11-16 08:20:51
7443,11,18,10,4,1,17,20231111,310,2025-11-16 08:20:51
7444,11,18,3,4,1,18,20231111,208,2025-11-16 08:20:51
7445,4,18,9,4,1,19,20231111,199,2025-11-16 08:20:51
7446,4,18,6,4,1,20,20231111,109,2025-11-16 08:20:51
7447,12,50,9,4,1,21,20231111,83,2025-11-16 08:20:51
7448,4,18,6,4,1,22,20231111,91,2025-11-16 08:20:51
7449,12,50,2,4,1,23,20231111,73,2025-11-16 08:20:51
7450,1,55,8,4,1,0,20231112,64,2025-11-16 08:20:51
7451,1,55,8,4,1,1,20231112,54,2025-11-16 08:20:51
7452,1,56,2,4,1,2,20231112,46,2025-11-16 08:20:51
7453,1,57,8,4,1,3,20231112,17,2025-11-16 08:20:51
7454,3,2,8,4,1,4,20231112,7,2025-11-16 08:20:51
7455,2,3,2,4,1,5,20231112,4,2025-11-16 08:20:51
7456,2,3,9,4,1,6,20231112,7,2025-11-16 08:20:51
7457,2,3,6,4,1,7,20231112,27,2025-11-16 08:20:51
7458,13,57,6,4,1,8,20231112,101,2025-11-16 08:20:51
7459,12,54,9,4,1,9,20231112,160,2025-11-16 08:20:51
7460,11,54,4,4,1,10,20231112,232,2025-11-16 08:20:51
7461,5,48,4,4,1,11,20231112,315,2025-11-16 08:20:51
7462,9,19,4,4,1,12,20231112,366,2025-11-16 08:20:51
7463,28,43,4,4,1,13,20231112,353,2025-11-16 08:20:51
7464,30,43,5,4,1,14,20231112,435,2025-11-16 08:20:51
7465,24,45,4,4,1,15,20231112,386,2025-11-16 08:20:51
7466,24,26,3,4,1,16,20231112,361,2025-11-16 08:20:51
7467,30,47,3,4,1,17,20231112,285,2025-11-16 08:20:51
7468,7,53,6,4,1,18,20231112,203,2025-11-16 08:20:51
7469,7,21,3,4,1,19,20231112,171,2025-11-16 08:20:51
7470,7,21,4,4,1,20,20231112,132,2025-11-16 08:20:51
7471,7,20,4,4,1,21,20231112,122,2025-11-16 08:20:51
7472,7,20,3,4,1,22,20231112,118,2025-11-16 08:20:51
7473,10,53,9,4,1,23,20231112,101,2025-11-16 08:20:51
7474,10,53,6,4,2,0,20231113,73,2025-11-16 08:20:51
7475,6,14,6,4,2,1,20231113,71,2025-11-16 08:20:51
7476,6,15,15,4,1,2,20231113,57,2025-11-16 08:20:51
7477,6,52,8,4,2,3,20231113,28,2025-11-16 08:20:51
7478,6,52,8,4,2,4,20231113,6,2025-11-16 08:20:51
7479,11,54,9,4,1,5,20231113,5,2025-11-16 08:20:51
7480,11,14,8,4,1,6,20231113,23,2025-11-16 08:20:51
7481,11,14,7,4,1,7,20231113,43,2025-11-16 08:20:51
7482,11,14,2,4,1,8,20231113,79,2025-11-16 08:20:51
7483,10,48,4,4,1,9,20231113,135,2025-11-16 08:20:51
7484,9,19,10,4,1,10,20231113,241,2025-11-16 08:20:51
7485,8,23,13,4,1,11,20231113,295,2025-11-16 08:20:51
7486,24,45,13,4,2,12,20231113,354,2025-11-16 08:20:51
7487,24,45,13,4,2,13,20231113,339,2025-11-16 08:20:51
7488,29,41,16,4,2,14,20231113,371,2025-11-16 08:20:51
7489,30,17,10,4,2,15,20231113,310,2025-11-16 08:20:51
7490,29,41,14,4,2,16,20231113,319,2025-11-16 08:20:51
7491,24,58,10,4,1,17,20231113,231,2025-11-16 08:20:51
7492,24,58,10,4,1,18,20231113,190,2025-11-16 08:20:51
7493,30,45,12,4,1,19,20231113,157,2025-11-16 08:20:51
7494,30,62,12,4,1,20,20231113,139,2025-11-16 08:20:51
7495,28,43,3,4,1,21,20231113,95,2025-11-16 08:20:51
7496,28,49,14,4,1,22,20231113,89,2025-11-16 08:20:51
7497,8,34,5,4,1,23,20231113,67,2025-11-16 08:20:51
7498,8,30,4,4,1,0,20231114,30,2025-11-16 08:20:51
7499,8,31,5,4,1,1,20231114,11,2025-11-16 08:20:51
7500,8,31,12,4,1,2,20231114,17,2025-11-16 08:20:51
7501,9,69,4,4,1,3,20231114,7,2025-11-16 08:20:51
7502,9,69,7,4,1,4,20231114,5,2025-11-16 08:20:51
7503,9,69,3,4,2,5,20231114,19,2025-11-16 08:20:51
7504,9,7,7,4,2,6,20231114,114,2025-11-16 08:20:51
7505,9,7,3,4,1,7,20231114,322,2025-11-16 08:20:51
7506,8,69,6,4,2,8,20231114,452,2025-11-16 08:20:51
7507,28,69,10,4,2,9,20231114,233,2025-11-16 08:20:51
7508,30,31,4,4,2,10,20231114,111,2025-11-16 08:20:51
7509,29,55,4,4,2,11,20231114,128,2025-11-16 08:20:51
7510,25,35,5,4,1,12,20231114,202,2025-11-16 08:20:51
7511,27,37,14,4,1,13,20231114,203,2025-11-16 08:20:51
7512,33,16,11,4,1,14,20231114,185,2025-11-16 08:20:51
7513,32,19,10,4,1,15,20231114,195,2025-11-16 08:20:51
7514,33,16,13,4,1,16,20231114,315,2025-11-16 08:20:51
7515,33,16,3,4,1,17,20231114,519,2025-11-16 08:20:51
7516,25,35,4,4,1,18,20231114,489,2025-11-16 08:20:51
7517,27,46,5,4,1,19,20231114,302,2025-11-16 08:20:51
7518,27,46,12,4,1,20,20231114,240,2025-11-16 08:20:51
7519,27,46,12,4,1,21,20231114,213,2025-11-16 08:20:51
7520,26,35,12,4,1,22,20231114,113,2025-11-16 08:20:51
7521,25,27,5,4,1,23,20231114,61,2025-11-16 08:20:51
7522,25,27,12,4,1,0,20231115,22,2025-11-16 08:20:51
7523,25,55,5,4,1,1,20231115,10,2025-11-16 08:20:51
7524,25,27,3,4,1,2,20231115,15,2025-11-16 08:20:51
7525,29,32,10,4,2,3,20231115,4,2025-11-16 08:20:51
7526,25,27,5,4,1,4,20231115,7,2025-11-16 08:20:51
7527,29,32,4,4,1,5,20231115,28,2025-11-16 08:20:51
7528,25,27,2,4,2,6,20231115,108,2025-11-16 08:20:51
7529,29,32,9,4,2,7,20231115,319,2025-11-16 08:20:51
7530,29,32,15,4,2,8,20231115,480,2025-11-16 08:20:51
7531,25,27,2,4,2,9,20231115,200,2025-11-16 08:20:51
7532,25,27,4,4,2,10,20231115,138,2025-11-16 08:20:51
7533,25,27,6,4,2,11,20231115,134,2025-11-16 08:20:51
7534,29,32,1,4,2,12,20231115,176,2025-11-16 08:20:51
7535,29,55,7,4,3,13,20231115,153,2025-11-16 08:20:51
7536,29,55,4,4,2,14,20231115,147,2025-11-16 08:20:51
7537,29,55,8,4,2,15,20231115,191,2025-11-16 08:20:51
7538,24,32,8,4,2,16,20231115,271,2025-11-16 08:20:51
7539,30,7,6,4,2,17,20231115,451,2025-11-16 08:20:51
7540,30,7,4,4,2,18,20231115,441,2025-11-16 08:20:51
7541,30,7,12,4,2,19,20231115,286,2025-11-16 08:20:51
7542,28,8,8,4,2,20,20231115,238,2025-11-16 08:20:51
7543,30,6,2,4,2,21,20231115,168,2025-11-16 08:20:51
7544,8,9,15,4,2,22,20231115,128,2025-11-16 08:20:51
7545,8,11,15,4,2,23,20231115,80,2025-11-16 08:20:51
7546,8,11,1,4,2,0,20231116,31,2025-11-16 08:20:51
7547,8,11,2,4,3,1,20231116,5,2025-11-16 08:20:51
7548,8,11,15,4,2,2,20231116,10,2025-11-16 08:20:51
7549,8,11,15,4,2,3,20231116,5,2025-11-16 08:20:51
7550,9,12,7,4,2,4,20231116,4,2025-11-16 08:20:51
7551,8,11,15,4,3,5,20231116,13,2025-11-16 08:20:51
7552,8,11,2,4,2,6,20231116,56,2025-11-16 08:20:51
7553,8,11,1,4,3,7,20231116,137,2025-11-16 08:20:51
7554,8,11,1,4,3,8,20231116,232,2025-11-16 08:20:51
7555,8,11,1,4,3,9,20231116,82,2025-11-16 08:20:51
7556,8,11,1,4,3,10,20231116,36,2025-11-16 08:20:51
7557,8,11,2,4,3,11,20231116,60,2025-11-16 08:20:51
7558,8,12,1,4,3,12,20231116,54,2025-11-16 08:20:51
7559,8,11,8,4,3,13,20231116,58,2025-11-16 08:20:51
7560,8,12,8,4,2,14,20231116,61,2025-11-16 08:20:51
7561,28,11,15,4,3,15,20231116,66,2025-11-16 08:20:51
7562,28,11,15,4,3,16,20231116,123,2025-11-16 08:20:51
7563,28,9,6,4,2,17,20231116,233,2025-11-16 08:20:51
7564,8,9,14,4,3,18,20231116,189,2025-11-16 08:20:51
7565,8,9,14,4,3,19,20231116,111,2025-11-16 08:20:51
7566,9,9,14,4,3,20,20231116,99,2025-11-16 08:20:51
7567,9,9,4,4,3,21,20231116,75,2025-11-16 08:20:51
7568,7,9,7,4,3,22,20231116,46,2025-11-16 08:20:51
7569,7,9,8,4,3,23,20231116,31,2025-11-16 08:20:51
7570,7,9,3,4,2,0,20231117,24,2025-11-16 08:20:51
7571,7,8,9,4,2,1,20231117,5,2025-11-16 08:20:51
7572,7,8,7,4,2,2,20231117,5,2025-11-16 08:20:51
7573,7,6,10,4,2,3,20231117,3,2025-11-16 08:20:51
7574,10,52,13,4,2,4,20231117,4,2025-11-16 08:20:51
7575,11,13,10,4,3,5,20231117,22,2025-11-16 08:20:51
7576,6,15,7,4,3,6,20231117,75,2025-11-16 08:20:51
7577,11,54,4,4,3,7,20231117,168,2025-11-16 08:20:51
7578,11,54,5,4,3,8,20231117,355,2025-11-16 08:20:51
7579,11,54,10,4,2,9,20231117,198,2025-11-16 08:20:51
7580,11,54,10,4,2,10,20231117,81,2025-11-16 08:20:51
7581,4,14,10,4,3,11,20231117,97,2025-11-16 08:20:51
7582,11,46,5,4,2,12,20231117,121,2025-11-16 08:20:51
7583,11,37,11,4,2,13,20231117,124,2025-11-16 08:20:51
7584,11,37,14,4,2,14,20231117,110,2025-11-16 08:20:51
7585,11,37,11,4,2,15,20231117,116,2025-11-16 08:20:51
7586,4,18,13,4,1,16,20231117,195,2025-11-16 08:20:51
7587,4,17,14,4,1,17,20231117,399,2025-11-16 08:20:51
7588,4,18,6,4,1,18,20231117,307,2025-11-16 08:20:51
7589,12,50,7,4,1,19,20231117,217,2025-11-16 08:20:51
7590,12,17,4,4,1,20,20231117,169,2025-11-16 08:20:51
7591,12,17,3,4,1,21,20231117,116,2025-11-16 08:20:51
7592,13,36,3,4,1,22,20231117,84,2025-11-16 08:20:51
7593,13,36,7,4,1,23,20231117,58,2025-11-16 08:20:51
7594,13,38,9,4,1,0,20231118,30,2025-11-16 08:20:51
7595,13,19,10,4,1,1,20231118,10,2025-11-16 08:20:51
7596,1,19,7,4,1,2,20231118,10,2025-11-16 08:20:51
7597,1,49,4,4,1,3,20231118,2,2025-11-16 08:20:51
7598,2,19,9,4,1,4,20231118,5,2025-11-16 08:20:51
7599,2,19,8,4,1,5,20231118,22,2025-11-16 08:20:51
7600,2,19,2,4,1,6,20231118,71,2025-11-16 08:20:51
7601,2,19,9,4,1,7,20231118,216,2025-11-16 08:20:51
7602,2,19,6,4,1,8,20231118,375,2025-11-16 08:20:51
7603,13,49,6,4,1,9,20231118,213,2025-11-16 08:20:51
7604,13,49,4,4,1,10,20231118,115,2025-11-16 08:20:51
7605,12,43,8,4,1,11,20231118,140,2025-11-16 08:20:51
7606,4,40,1,4,1,12,20231118,165,2025-11-16 08:20:51
7607,11,62,7,4,1,13,20231118,177,2025-11-16 08:20:51
7608,11,62,8,4,1,14,20231118,154,2025-11-16 08:20:51
7609,11,45,8,4,1,15,20231118,178,2025-11-16 08:20:51
7610,11,45,8,4,1,16,20231118,209,2025-11-16 08:20:51
7611,4,62,8,4,1,17,20231118,378,2025-11-16 08:20:51
7612,12,43,9,4,1,18,20231118,328,2025-11-16 08:20:51
7613,18,49,9,4,1,19,20231118,190,2025-11-16 08:20:51
7614,18,38,6,4,1,20,20231118,137,2025-11-16 08:20:51
7615,18,38,9,4,1,21,20231118,111,2025-11-16 08:20:51
7616,13,36,15,4,1,22,20231118,97,2025-11-16 08:20:51
7617,13,55,8,4,1,23,20231118,59,2025-11-16 08:20:51
7618,13,35,6,4,1,0,20231119,53,2025-11-16 08:20:51
7619,13,36,5,4,1,1,20231119,35,2025-11-16 08:20:51
7620,1,35,9,4,1,2,20231119,46,2025-11-16 08:20:51
7621,13,38,3,4,1,3,20231119,15,2025-11-16 08:20:51
7622,13,38,10,4,1,4,20231119,8,2025-11-16 08:20:51
7623,1,35,3,4,1,5,20231119,2,2025-11-16 08:20:51
7624,1,55,10,4,1,6,20231119,12,2025-11-16 08:20:51
7625,1,55,3,4,1,7,20231119,41,2025-11-16 08:20:51
7626,13,35,3,4,1,8,20231119,92,2025-11-16 08:20:51
7627,18,36,5,4,1,9,20231119,142,2025-11-16 08:20:51
7628,4,50,3,4,1,10,20231119,200,2025-11-16 08:20:51
7629,6,23,1,4,1,11,20231119,233,2025-11-16 08:20:51
7630,10,24,4,4,1,12,20231119,311,2025-11-16 08:20:51
7631,7,25,4,4,1,13,20231119,363,2025-11-16 08:20:51
7632,7,26,5,4,1,14,20231119,349,2025-11-16 08:20:51
7633,7,49,6,4,1,15,20231119,382,2025-11-16 08:20:51
7634,7,42,5,4,1,16,20231119,287,2025-11-16 08:20:51
7635,10,23,6,4,1,17,20231119,232,2025-11-16 08:20:51
7636,5,16,8,4,1,18,20231119,208,2025-11-16 08:20:51
7637,11,13,8,4,2,19,20231119,182,2025-11-16 08:20:51
7638,6,15,15,4,2,20,20231119,163,2025-11-16 08:20:51
7639,6,52,6,4,2,21,20231119,108,2025-11-16 08:20:51
7640,5,52,9,4,2,22,20231119,106,2025-11-16 08:20:51
7641,5,52,7,4,1,23,20231119,93,2025-11-16 08:20:51
7642,5,14,9,4,1,0,20231120,93,2025-11-16 08:20:51
7643,10,52,3,4,1,1,20231120,84,2025-11-16 08:20:51
7644,10,52,4,4,1,2,20231120,56,2025-11-16 08:20:51
7645,10,14,4,4,2,3,20231120,37,2025-11-16 08:20:51
7646,10,13,4,4,2,4,20231120,12,2025-11-16 08:20:51
7647,7,69,4,4,2,5,20231120,4,2025-11-16 08:20:51
7648,7,69,3,4,2,6,20231120,9,2025-11-16 08:20:51
7649,7,69,7,4,1,7,20231120,23,2025-11-16 08:20:51
7650,7,13,4,4,2,8,20231120,65,2025-11-16 08:20:51
7651,9,7,9,4,1,9,20231120,138,2025-11-16 08:20:51
7652,9,7,15,4,2,10,20231120,229,2025-11-16 08:20:51
7653,30,31,15,4,2,11,20231120,286,2025-11-16 08:20:51
7654,30,31,8,4,2,12,20231120,304,2025-11-16 08:20:51
7655,29,55,6,4,2,13,20231120,369,2025-11-16 08:20:51
7656,24,31,3,4,1,14,20231120,363,2025-11-16 08:20:51
7657,24,32,6,4,2,15,20231120,351,2025-11-16 08:20:51
7658,24,31,8,4,2,16,20231120,306,2025-11-16 08:20:51
7659,24,31,6,4,2,17,20231120,203,2025-11-16 08:20:51
7660,29,27,6,4,2,18,20231120,145,2025-11-16 08:20:51
7661,30,7,15,4,2,19,20231120,157,2025-11-16 08:20:51
7662,24,32,15,4,2,20,20231120,113,2025-11-16 08:20:51
7663,28,6,2,4,2,21,20231120,105,2025-11-16 08:20:51
7664,8,9,2,4,3,22,20231120,40,2025-11-16 08:20:51
7665,8,9,2,4,3,23,20231120,28,2025-11-16 08:20:51
7666,8,11,1,4,2,0,20231121,17,2025-11-16 08:20:51
7667,8,11,6,4,3,1,20231121,12,2025-11-16 08:20:51
7668,9,12,6,4,3,2,20231121,3,2025-11-16 08:20:51
7669,9,12,8,4,3,3,20231121,4,2025-11-16 08:20:51
7670,9,12,8,4,3,4,20231121,5,2025-11-16 08:20:51
7671,9,12,1,4,2,5,20231121,20,2025-11-16 08:20:51
7672,7,12,1,4,2,6,20231121,76,2025-11-16 08:20:51
7673,8,11,9,4,2,7,20231121,246,2025-11-16 08:20:51
7674,8,11,1,4,2,8,20231121,391,2025-11-16 08:20:51
7675,28,11,15,4,2,9,20231121,237,2025-11-16 08:20:51
7676,24,83,1,4,2,10,20231121,135,2025-11-16 08:20:51
7677,24,83,15,4,2,11,20231121,128,2025-11-16 08:20:51
7678,30,6,8,4,2,12,20231121,162,2025-11-16 08:20:51
7679,30,6,8,4,2,13,20231121,134,2025-11-16 08:20:51
7680,28,8,6,4,2,14,20231121,135,2025-11-16 08:20:51
7681,9,11,7,4,3,15,20231121,108,2025-11-16 08:20:51
7682,9,11,7,4,3,16,20231121,108,2025-11-16 08:20:51
7683,7,11,5,4,3,17,20231121,210,2025-11-16 08:20:51
7684,7,9,6,4,3,18,20231121,192,2025-11-16 08:20:51
7685,10,11,6,4,3,19,20231121,137,2025-11-16 08:20:51
7686,10,10,7,4,3,20,20231121,80,2025-11-16 08:20:51
7687,10,10,9,4,3,21,20231121,114,2025-11-16 08:20:51
7688,10,10,8,4,3,22,20231121,78,2025-11-16 08:20:51
7689,10,10,9,4,3,23,20231121,33,2025-11-16 08:20:51
7690,5,11,15,4,3,0,20231122,14,2025-11-16 08:20:51
7691,10,11,8,4,3,1,20231122,6,2025-11-16 08:20:51
7692,5,12,15,4,3,2,20231122,6,2025-11-16 08:20:51
7693,5,12,15,4,3,3,20231122,3,2025-11-16 08:20:51
7694,5,11,9,4,3,4,20231122,7,2025-11-16 08:20:51
7695,5,11,9,4,3,5,20231122,18,2025-11-16 08:20:51
7696,5,11,15,4,2,6,20231122,64,2025-11-16 08:20:51
7697,5,11,7,4,3,7,20231122,121,2025-11-16 08:20:51
7698,5,11,7,4,3,8,20231122,190,2025-11-16 08:20:51
7699,10,11,1,4,3,9,20231122,149,2025-11-16 08:20:51
7700,10,11,1,4,3,10,20231122,52,2025-11-16 08:20:51
7701,10,11,8,4,3,11,20231122,32,2025-11-16 08:20:51
7702,10,12,2,4,3,12,20231122,21,2025-11-16 08:20:51
7703,7,12,2,4,3,13,20231122,26,2025-11-16 08:20:51
7704,7,12,2,4,3,14,20231122,35,2025-11-16 08:20:51
7705,9,11,1,4,3,15,20231122,34,2025-11-16 08:20:51
7706,9,11,1,4,3,16,20231122,62,2025-11-16 08:20:51
7707,9,12,2,4,3,17,20231122,165,2025-11-16 08:20:51
7708,9,12,1,4,3,18,20231122,148,2025-11-16 08:20:51
7709,8,11,15,4,3,19,20231122,111,2025-11-16 08:20:51
7710,8,12,7,4,2,20,20231122,127,2025-11-16 08:20:51
7711,8,12,3,4,2,21,20231122,90,2025-11-16 08:20:51
7712,30,11,6,4,2,22,20231122,87,2025-11-16 08:20:51
7713,28,11,3,4,2,23,20231122,39,2025-11-16 08:20:51
7714,28,11,3,4,2,0,20231123,16,2025-11-16 08:20:51
7715,28,11,5,4,2,1,20231123,8,2025-11-16 08:20:51
7716,30,11,12,4,3,2,20231123,6,2025-11-16 08:20:51
7717,30,11,12,4,3,3,20231123,3,2025-11-16 08:20:51
7718,24,9,12,4,3,4,20231123,5,2025-11-16 08:20:51
7719,8,11,6,4,2,5,20231123,17,2025-11-16 08:20:51
7720,9,12,1,4,2,6,20231123,69,2025-11-16 08:20:51
7721,8,12,2,4,2,7,20231123,156,2025-11-16 08:20:51
7722,28,11,15,4,2,8,20231123,323,2025-11-16 08:20:51
7723,24,11,6,4,2,9,20231123,167,2025-11-16 08:20:51
7724,24,11,6,4,2,10,20231123,76,2025-11-16 08:20:51
7725,30,7,13,4,2,11,20231123,116,2025-11-16 08:20:51
7726,28,29,13,4,1,12,20231123,160,2025-11-16 08:20:51
7727,9,48,16,4,2,13,20231123,174,2025-11-16 08:20:51
7728,7,48,18,4,1,14,20231123,213,2025-11-16 08:20:51
7729,7,48,11,4,2,15,20231123,207,2025-11-16 08:20:51
7730,10,52,18,4,2,16,20231123,173,2025-11-16 08:20:51
7731,5,13,14,4,3,17,20231123,163,2025-11-16 08:20:51
7732,10,53,19,4,2,18,20231123,145,2025-11-16 08:20:51
7733,5,53,14,4,1,19,20231123,122,2025-11-16 08:20:51
7734,6,52,14,4,1,20,20231123,68,2025-11-16 08:20:51
7735,6,15,18,4,1,21,20231123,66,2025-11-16 08:20:51
7736,11,54,11,4,1,22,20231123,62,2025-11-16 08:20:51
7737,11,54,12,4,1,23,20231123,51,2025-11-16 08:20:51
7738,4,15,7,4,1,0,20231124,23,2025-11-16 08:20:51
7739,4,15,13,4,1,1,20231124,24,2025-11-16 08:20:51
7740,12,54,4,4,1,2,20231124,22,2025-11-16 08:20:51
7741,18,56,8,4,1,3,20231124,5,2025-11-16 08:20:51
7742,12,54,2,4,1,4,20231124,2,2025-11-16 08:20:51
7743,12,54,15,4,1,5,20231124,11,2025-11-16 08:20:51
7744,12,54,2,4,1,6,20231124,6,2025-11-16 08:20:51
7745,13,3,15,4,1,7,20231124,40,2025-11-16 08:20:51
7746,12,56,2,4,1,8,20231124,46,2025-11-16 08:20:51
7747,11,54,1,4,1,9,20231124,81,2025-11-16 08:20:51
7748,6,15,1,4,1,10,20231124,98,2025-11-16 08:20:51
7749,7,49,5,4,1,11,20231124,142,2025-11-16 08:20:51
7750,8,43,7,4,1,12,20231124,150,2025-11-16 08:20:51
7751,28,40,7,4,1,13,20231124,175,2025-11-16 08:20:51
7752,30,62,5,4,1,14,20231124,168,2025-11-16 08:20:51
7753,30,62,3,4,1,15,20231124,149,2025-11-16 08:20:51
7754,30,47,4,4,1,16,20231124,114,2025-11-16 08:20:51
7755,28,40,15,4,1,17,20231124,74,2025-11-16 08:20:51
7756,7,21,2,4,1,18,20231124,37,2025-11-16 08:20:51
7757,10,48,15,4,1,19,20231124,28,2025-11-16 08:20:51
7758,6,5,9,4,1,20,20231124,31,2025-11-16 08:20:51
7759,6,13,9,4,1,21,20231124,26,2025-11-16 08:20:51
7760,6,13,9,4,1,22,20231124,22,2025-11-16 08:20:51
7761,11,5,15,4,1,23,20231124,21,2025-11-16 08:20:51
7762,11,5,9,4,1,0,20231125,29,2025-11-16 08:20:51
7763,11,5,1,4,1,1,20231125,14,2025-11-16 08:20:51
7764,18,1,15,4,1,2,20231125,10,2025-11-16 08:20:51
7765,18,3,15,4,1,3,20231125,2,2025-11-16 08:20:51
7766,12,3,15,4,1,4,20231125,7,2025-11-16 08:20:51
7767,18,3,1,4,1,5,20231125,5,2025-11-16 08:20:51
7768,13,1,15,4,1,6,20231125,13,2025-11-16 08:20:51
7769,13,1,1,4,1,7,20231125,35,2025-11-16 08:20:51
7770,13,1,8,4,1,8,20231125,74,2025-11-16 08:20:51
7771,4,5,1,4,1,9,20231125,95,2025-11-16 08:20:51
7772,6,13,9,4,1,10,20231125,142,2025-11-16 08:20:51
7773,10,14,15,4,1,11,20231125,226,2025-11-16 08:20:51
7774,8,34,15,4,1,12,20231125,272,2025-11-16 08:20:51
7775,30,50,7,4,1,13,20231125,283,2025-11-16 08:20:51
7776,24,18,7,4,1,14,20231125,272,2025-11-16 08:20:51
7777,24,43,6,4,1,15,20231125,310,2025-11-16 08:20:51
7778,30,18,9,4,1,16,20231125,261,2025-11-16 08:20:51
7779,30,47,15,4,1,17,20231125,184,2025-11-16 08:20:51
7780,8,19,2,4,1,18,20231125,153,2025-11-16 08:20:51
7781,7,69,1,4,1,19,20231125,134,2025-11-16 08:20:51
7782,10,53,2,4,1,20,20231125,95,2025-11-16 08:20:51
7783,6,13,1,4,1,21,20231125,85,2025-11-16 08:20:51
7784,11,13,2,4,1,22,20231125,58,2025-11-16 08:20:51
7785,11,5,15,4,1,23,20231125,33,2025-11-16 08:20:51
7786,11,5,15,4,1,0,20231126,47,2025-11-16 08:20:51
7787,4,5,2,4,1,1,20231126,29,2025-11-16 08:20:51
7788,12,1,15,4,1,2,20231126,23,2025-11-16 08:20:51
7789,12,1,1,4,1,3,20231126,17,2025-11-16 08:20:51
7790,12,1,1,4,1,4,20231126,4,2025-11-16 08:20:51
7791,12,3,15,4,1,5,20231126,3,2025-11-16 08:20:51
7792,12,3,2,4,2,6,20231126,10,2025-11-16 08:20:51
7793,13,10,15,4,1,7,20231126,17,2025-11-16 08:20:51
7794,4,5,2,4,1,8,20231126,60,2025-11-16 08:20:51
7795,11,5,2,4,1,9,20231126,83,2025-11-16 08:20:51
7796,6,1,1,4,1,10,20231126,141,2025-11-16 08:20:51
7797,10,52,15,4,1,11,20231126,230,2025-11-16 08:20:51
7798,9,34,1,4,1,12,20231126,309,2025-11-16 08:20:51
7799,28,19,1,4,1,13,20231126,325,2025-11-16 08:20:51
7800,28,38,8,4,2,14,20231126,299,2025-11-16 08:20:51
7801,30,17,15,4,2,15,20231126,314,2025-11-16 08:20:51
7802,8,20,8,4,2,16,20231126,275,2025-11-16 08:20:51
7803,8,20,8,4,2,17,20231126,184,2025-11-16 08:20:51
7804,7,52,9,4,2,18,20231126,185,2025-11-16 08:20:51
7805,10,13,2,4,2,19,20231126,146,2025-11-16 08:20:51
7806,7,53,1,4,2,20,20231126,141,2025-11-16 08:20:51
7807,5,8,1,4,2,21,20231126,92,2025-11-16 08:20:51
7808,5,5,1,4,2,22,20231126,65,2025-11-16 08:20:51
7809,6,1,1,4,1,23,20231126,69,2025-11-16 08:20:51
7810,6,1,1,4,1,0,20231127,46,2025-11-16 08:20:51
7811,6,1,1,4,1,1,20231127,44,2025-11-16 08:20:51
7812,11,1,1,4,1,2,20231127,31,2025-11-16 08:20:51
7813,11,10,1,4,1,3,20231127,17,2025-11-16 08:20:51
7814,11,10,15,4,1,4,20231127,4,2025-11-16 08:20:51
7815,6,10,6,4,1,5,20231127,5,2025-11-16 08:20:51
7816,5,8,9,4,1,6,20231127,9,2025-11-16 08:20:51
7817,5,10,7,4,1,7,20231127,23,2025-11-16 08:20:51
7818,10,8,5,4,1,8,20231127,42,2025-11-16 08:20:51
7819,8,7,4,4,1,9,20231127,111,2025-11-16 08:20:51
7820,8,7,4,4,1,10,20231127,189,2025-11-16 08:20:51
7821,30,31,12,4,1,11,20231127,240,2025-11-16 08:20:51
7822,29,35,4,4,1,12,20231127,256,2025-11-16 08:20:51
7823,29,55,6,4,1,13,20231127,313,2025-11-16 08:20:51
7824,33,22,18,4,1,14,20231127,313,2025-11-16 08:20:51
7825,33,22,4,4,1,15,20231127,317,2025-11-16 08:20:51
7826,25,36,3,4,1,16,20231127,323,2025-11-16 08:20:51
7827,29,35,6,4,1,17,20231127,204,2025-11-16 08:20:51
7828,30,31,9,4,1,18,20231127,155,2025-11-16 08:20:51
7829,28,69,7,4,1,19,20231127,139,2025-11-16 08:20:51
7830,30,31,3,4,1,20,20231127,104,2025-11-16 08:20:51
7831,28,69,4,4,1,21,20231127,88,2025-11-16 08:20:51
7832,28,7,3,4,1,22,20231127,66,2025-11-16 08:20:51
7833,28,7,3,4,1,23,20231127,32,2025-11-16 08:20:51
7834,8,6,4,4,1,0,20231128,16,2025-11-16 08:20:51
7835,8,6,5,4,1,1,20231128,13,2025-11-16 08:20:51
7836,9,9,7,4,1,3,20231128,5,2025-11-16 08:20:51
7837,9,8,2,4,1,4,20231128,4,2025-11-16 08:20:51
7838,10,10,1,4,1,5,20231128,34,2025-11-16 08:20:51
7839,7,8,2,4,1,6,20231128,104,2025-11-16 08:20:51
7840,7,9,1,4,1,7,20231128,277,2025-11-16 08:20:51
7841,7,11,1,4,2,8,20231128,407,2025-11-16 08:20:51
7842,9,9,7,4,2,9,20231128,208,2025-11-16 08:20:51
7843,28,6,8,4,2,10,20231128,107,2025-11-16 08:20:51
7844,24,32,15,4,2,11,20231128,118,2025-11-16 08:20:51
7845,25,55,15,4,1,12,20231128,178,2025-11-16 08:20:51
7846,26,35,1,4,2,13,20231128,162,2025-11-16 08:20:51
7847,27,35,1,4,1,14,20231128,143,2025-11-16 08:20:51
7848,26,55,9,4,1,15,20231128,150,2025-11-16 08:20:51
7849,25,55,6,4,1,16,20231128,264,2025-11-16 08:20:51
7850,26,35,6,4,1,17,20231128,468,2025-11-16 08:20:51
7851,25,27,7,4,1,18,20231128,416,2025-11-16 08:20:51
7852,29,63,7,4,1,19,20231128,264,2025-11-16 08:20:51
7853,29,63,3,4,2,20,20231128,218,2025-11-16 08:20:51
7854,29,6,7,4,2,21,20231128,156,2025-11-16 08:20:51
7855,24,83,15,4,2,22,20231128,109,2025-11-16 08:20:51
7856,24,83,8,4,2,23,20231128,46,2025-11-16 08:20:51
7857,24,83,1,4,1,0,20231129,22,2025-11-16 08:20:51
7858,24,83,2,4,1,1,20231129,17,2025-11-16 08:20:51
7859,30,9,1,4,2,2,20231129,5,2025-11-16 08:20:51
7860,30,9,1,4,2,3,20231129,2,2025-11-16 08:20:51
7861,24,83,10,4,2,4,20231129,6,2025-11-16 08:20:51
7862,30,9,4,4,1,5,20231129,22,2025-11-16 08:20:51
7863,24,83,4,4,1,6,20231129,89,2025-11-16 08:20:51
7864,24,6,7,4,1,7,20231129,342,2025-11-16 08:20:51
7865,29,6,4,4,1,8,20231129,449,2025-11-16 08:20:51
7866,25,63,13,4,3,9,20231129,202,2025-11-16 08:20:51
7867,25,63,13,4,3,10,20231129,36,2025-11-16 08:20:51
7868,30,9,5,4,3,11,20231129,11,2025-11-16 08:20:51
7869,7,8,13,4,3,12,20231129,18,2025-11-16 08:20:51
7870,7,6,4,4,3,13,20231129,22,2025-11-16 08:20:51
7871,10,11,6,4,3,14,20231129,36,2025-11-16 08:20:51
7872,10,10,10,4,3,15,20231129,65,2025-11-16 08:20:51
7873,10,10,7,4,3,16,20231129,151,2025-11-16 08:20:51
7874,10,10,5,4,2,17,20231129,354,2025-11-16 08:20:51
7875,10,8,5,4,2,18,20231129,358,2025-11-16 08:20:51
7876,10,8,10,4,2,19,20231129,250,2025-11-16 08:20:51
7877,5,10,3,4,2,20,20231129,184,2025-11-16 08:20:51
7878,5,10,3,4,2,21,20231129,125,2025-11-16 08:20:51
7879,5,8,5,4,1,22,20231129,95,2025-11-16 08:20:51
7880,6,5,14,4,1,23,20231129,53,2025-11-16 08:20:51
7881,6,52,13,4,1,0,20231130,24,2025-11-16 08:20:51
7882,11,14,10,4,1,1,20231130,8,2025-11-16 08:20:51
7883,4,57,9,4,1,2,20231130,5,2025-11-16 08:20:51
7884,4,57,9,4,1,3,20231130,1,2025-11-16 08:20:51
7885,12,3,7,4,1,4,20231130,5,2025-11-16 08:20:51
7886,18,1,6,4,1,5,20231130,22,2025-11-16 08:20:51
7887,13,10,15,4,1,6,20231130,103,2025-11-16 08:20:51
7888,13,1,15,4,1,7,20231130,285,2025-11-16 08:20:51
7889,18,1,6,4,1,8,20231130,478,2025-11-16 08:20:51
7890,12,3,4,4,1,9,20231130,193,2025-11-16 08:20:51
7891,11,14,7,4,1,10,20231130,110,2025-11-16 08:20:51
7892,5,48,5,4,1,11,20231130,122,2025-11-16 08:20:51
7893,6,46,4,4,2,12,20231130,160,2025-11-16 08:20:51
7894,5,22,12,4,2,13,20231130,147,2025-11-16 08:20:51
7895,5,22,12,4,2,14,20231130,112,2025-11-16 08:20:51
7896,6,16,10,4,1,15,20231130,115,2025-11-16 08:20:51
7897,6,16,4,4,1,16,20231130,226,2025-11-16 08:20:51
7898,11,37,10,4,2,17,20231130,380,2025-11-16 08:20:51
7899,11,37,10,4,1,18,20231130,376,2025-11-16 08:20:51
7900,4,15,4,4,2,19,20231130,279,2025-11-16 08:20:51
7901,4,15,4,4,2,20,20231130,190,2025-11-16 08:20:51
7902,4,46,14,4,1,21,20231130,135,2025-11-16 08:20:51
7903,12,35,5,4,1,22,20231130,87,2025-11-16 08:20:51
7904,18,36,4,4,1,23,20231130,50,2025-11-16 08:20:51
7905,18,36,10,4,1,0,20231201,20,2025-11-16 08:20:51
7906,13,55,4,4,1,1,20231201,10,2025-11-16 08:20:51
7907,13,35,5,4,1,2,20231201,9,2025-11-16 08:20:51
7908,13,35,3,4,1,3,20231201,7,2025-11-16 08:20:51
7909,13,35,4,4,1,4,20231201,1,2025-11-16 08:20:51
7910,13,35,3,4,1,5,20231201,24,2025-11-16 08:20:51
7911,1,56,4,4,1,6,20231201,97,2025-11-16 08:20:51
7912,1,56,12,4,1,7,20231201,276,2025-11-16 08:20:51
7913,13,55,10,4,1,8,20231201,477,2025-11-16 08:20:51
7914,12,36,10,4,1,9,20231201,224,2025-11-16 08:20:51
7915,4,46,5,4,1,10,20231201,93,2025-11-16 08:20:51
7916,11,37,3,4,1,11,20231201,102,2025-11-16 08:20:51
7917,6,16,7,4,1,12,20231201,148,2025-11-16 08:20:51
7918,10,23,7,4,1,13,20231201,154,2025-11-16 08:20:51
7919,10,23,7,4,1,14,20231201,150,2025-11-16 08:20:51
7920,10,23,7,4,1,15,20231201,154,2025-11-16 08:20:51
7921,10,23,6,4,1,16,20231201,201,2025-11-16 08:20:51
7922,6,16,8,4,1,17,20231201,418,2025-11-16 08:20:51
7923,6,22,15,4,1,18,20231201,405,2025-11-16 08:20:51
7924,11,16,15,4,1,19,20231201,228,2025-11-16 08:20:51
7925,11,16,15,4,1,20,20231201,190,2025-11-16 08:20:51
7926,12,54,15,4,1,21,20231201,162,2025-11-16 08:20:51
7927,12,54,1,4,1,22,20231201,104,2025-11-16 08:20:51
7928,13,57,2,4,1,23,20231201,73,2025-11-16 08:20:51
7929,13,57,2,4,1,0,20231202,38,2025-11-16 08:20:51
7930,1,3,1,4,1,1,20231202,15,2025-11-16 08:20:51
7931,1,3,1,4,1,2,20231202,10,2025-11-16 08:20:51
7932,2,2,1,4,1,3,20231202,1,2025-11-16 08:20:51
7933,2,2,1,4,1,4,20231202,3,2025-11-16 08:20:51
7934,2,2,2,4,1,5,20231202,23,2025-11-16 08:20:51
7935,2,2,1,4,1,6,20231202,87,2025-11-16 08:20:51
7936,2,10,2,4,1,7,20231202,205,2025-11-16 08:20:51
7937,1,10,1,4,1,8,20231202,445,2025-11-16 08:20:51
7938,18,1,1,4,1,9,20231202,246,2025-11-16 08:20:51
7939,12,3,7,4,1,10,20231202,105,2025-11-16 08:20:51
7940,11,14,9,4,1,11,20231202,160,2025-11-16 08:20:51
7941,6,15,8,4,1,12,20231202,204,2025-11-16 08:20:51
7942,10,20,8,4,1,13,20231202,207,2025-11-16 08:20:51
7943,7,19,15,4,1,14,20231202,170,2025-11-16 08:20:51
7944,7,49,2,4,1,15,20231202,199,2025-11-16 08:20:51
7945,7,49,2,4,1,16,20231202,276,2025-11-16 08:20:51
7946,7,42,1,4,1,17,20231202,411,2025-11-16 08:20:51
7947,10,21,1,4,1,18,20231202,372,2025-11-16 08:20:51
7948,11,46,3,4,1,19,20231202,265,2025-11-16 08:20:51
7949,5,23,4,4,1,20,20231202,190,2025-11-16 08:20:51
7950,11,37,6,4,1,21,20231202,111,2025-11-16 08:20:51
7951,4,46,6,4,1,22,20231202,102,2025-11-16 08:20:51
7952,4,46,4,4,1,23,20231202,95,2025-11-16 08:20:51
7953,12,35,3,4,1,0,20231203,75,2025-11-16 08:20:51
7954,13,56,6,4,1,1,20231203,71,2025-11-16 08:20:51
7955,13,56,9,4,1,2,20231203,50,2025-11-16 08:20:51
7956,1,57,8,4,1,3,20231203,9,2025-11-16 08:20:51
7957,2,3,8,4,1,4,20231203,8,2025-11-16 08:20:51
7958,1,57,2,4,1,5,20231203,6,2025-11-16 08:20:51
7959,1,56,15,4,1,6,20231203,11,2025-11-16 08:20:51
7960,2,3,2,4,1,7,20231203,26,2025-11-16 08:20:51
7961,1,3,2,4,1,8,20231203,63,2025-11-16 08:20:51
7962,13,57,15,4,1,9,20231203,124,2025-11-16 08:20:51
7963,4,54,8,4,1,10,20231203,195,2025-11-16 08:20:51
7964,4,15,2,4,1,11,20231203,275,2025-11-16 08:20:51
7965,6,21,1,4,1,12,20231203,358,2025-11-16 08:20:51
7966,6,21,2,4,1,13,20231203,292,2025-11-16 08:20:51
7967,6,16,1,4,1,14,20231203,343,2025-11-16 08:20:51
7968,5,16,1,4,1,15,20231203,337,2025-11-16 08:20:51
7969,5,16,1,4,1,16,20231203,305,2025-11-16 08:20:51
7970,6,52,1,4,1,17,20231203,232,2025-11-16 08:20:51
7971,11,46,8,4,1,18,20231203,224,2025-11-16 08:20:51
7972,12,54,2,4,1,19,20231203,175,2025-11-16 08:20:51
7973,12,54,2,4,1,20,20231203,127,2025-11-16 08:20:51
7974,12,54,2,4,2,21,20231203,109,2025-11-16 08:20:51
7975,4,54,2,4,2,22,20231203,114,2025-11-16 08:20:51
7976,12,57,8,4,1,23,20231203,85,2025-11-16 08:20:51
7977,12,57,15,4,1,0,20231204,83,2025-11-16 08:20:51
7978,12,3,2,4,1,1,20231204,74,2025-11-16 08:20:51
7979,13,1,1,4,1,2,20231204,62,2025-11-16 08:20:51
7980,18,3,1,4,1,3,20231204,41,2025-11-16 08:20:51
7981,13,10,1,4,1,4,20231204,11,2025-11-16 08:20:51
7982,13,1,1,4,1,5,20231204,4,2025-11-16 08:20:51
7983,1,44,1,4,1,6,20231204,4,2025-11-16 08:20:51
7984,13,10,1,4,1,7,20231204,26,2025-11-16 08:20:51
7985,13,10,1,4,1,8,20231204,55,2025-11-16 08:20:51
7986,12,1,1,4,1,9,20231204,126,2025-11-16 08:20:51
7987,4,1,8,4,1,10,20231204,216,2025-11-16 08:20:51
7988,11,1,9,4,1,11,20231204,254,2025-11-16 08:20:51
7989,6,1,9,4,1,12,20231204,329,2025-11-16 08:20:51
7990,10,14,7,4,1,13,20231204,357,2025-11-16 08:20:51
7991,7,52,8,4,1,14,20231204,323,2025-11-16 08:20:51
7992,7,52,6,4,1,15,20231204,296,2025-11-16 08:20:51
7993,7,53,7,4,1,16,20231204,330,2025-11-16 08:20:51
7994,5,5,8,4,1,17,20231204,245,2025-11-16 08:20:51
7995,5,13,1,4,1,18,20231204,171,2025-11-16 08:20:51
7996,5,5,1,4,1,19,20231204,173,2025-11-16 08:20:51
7997,6,5,8,4,1,20,20231204,124,2025-11-16 08:20:51
7998,6,1,15,4,1,21,20231204,72,2025-11-16 08:20:51
7999,11,10,15,4,1,22,20231204,64,2025-11-16 08:20:51
8000,11,10,15,4,1,23,20231204,45,2025-11-16 08:20:51
8001,4,10,2,4,1,0,20231205,24,2025-11-16 08:20:51
8002,4,10,1,4,1,1,20231205,12,2025-11-16 08:20:51
8003,4,10,1,4,1,2,20231205,8,2025-11-16 08:20:51
8004,4,10,1,4,1,3,20231205,2,2025-11-16 08:20:51
8005,12,10,15,4,1,4,20231205,7,2025-11-16 08:20:51
8006,12,10,15,4,1,5,20231205,25,2025-11-16 08:20:51
8007,12,44,2,4,1,6,20231205,90,2025-11-16 08:20:51
8008,4,82,1,4,1,7,20231205,283,2025-11-16 08:20:51
8009,4,44,1,4,1,8,20231205,404,2025-11-16 08:20:51
8010,6,10,2,4,2,9,20231205,190,2025-11-16 08:20:51
8011,6,10,2,4,2,10,20231205,87,2025-11-16 08:20:51
8012,6,10,2,4,2,11,20231205,123,2025-11-16 08:20:51
8013,10,5,15,4,2,12,20231205,154,2025-11-16 08:20:51
8014,7,13,2,4,2,13,20231205,171,2025-11-16 08:20:51
8015,8,69,1,4,2,14,20231205,133,2025-11-16 08:20:51
8016,8,7,2,4,2,15,20231205,148,2025-11-16 08:20:51
8017,30,31,2,4,1,16,20231205,248,2025-11-16 08:20:51
8018,7,6,1,4,1,17,20231205,446,2025-11-16 08:20:51
8019,9,6,1,4,1,18,20231205,399,2025-11-16 08:20:51
8020,8,6,1,4,2,19,20231205,308,2025-11-16 08:20:51
8021,8,8,15,4,2,20,20231205,205,2025-11-16 08:20:51
8022,9,9,2,4,2,21,20231205,176,2025-11-16 08:20:51
8023,9,9,8,4,2,22,20231205,106,2025-11-16 08:20:51
8024,8,9,8,4,2,23,20231205,62,2025-11-16 08:20:51
8025,30,6,5,4,2,0,20231206,28,2025-11-16 08:20:51
8026,8,9,5,4,2,1,20231206,16,2025-11-16 08:20:51
8027,8,10,6,4,2,2,20231206,3,2025-11-16 08:20:51
8028,8,10,6,4,2,3,20231206,3,2025-11-16 08:20:51
8029,8,9,7,4,3,4,20231206,7,2025-11-16 08:20:51
8030,8,9,7,4,3,5,20231206,20,2025-11-16 08:20:51
8031,9,11,4,4,2,6,20231206,86,2025-11-16 08:20:51
8032,8,11,6,4,2,7,20231206,234,2025-11-16 08:20:51
8033,8,11,6,4,2,8,20231206,414,2025-11-16 08:20:51
8034,8,11,7,4,2,9,20231206,204,2025-11-16 08:20:51
8035,8,11,4,4,3,10,20231206,50,2025-11-16 08:20:51
8036,8,11,3,4,3,11,20231206,32,2025-11-16 08:20:51
8037,8,12,7,4,3,12,20231206,55,2025-11-16 08:20:51
8038,8,12,6,4,3,13,20231206,71,2025-11-16 08:20:51
8039,28,12,7,4,3,14,20231206,75,2025-11-16 08:20:51
8040,30,12,6,4,3,15,20231206,45,2025-11-16 08:20:51
8041,8,12,3,4,3,16,20231206,88,2025-11-16 08:20:51
8042,8,12,7,4,2,17,20231206,262,2025-11-16 08:20:51
8043,8,12,4,4,2,18,20231206,304,2025-11-16 08:20:51
8044,8,12,5,4,3,19,20231206,233,2025-11-16 08:20:51
8045,8,12,5,4,3,20,20231206,110,2025-11-16 08:20:51
8046,9,12,6,4,2,21,20231206,114,2025-11-16 08:20:51
8047,8,12,9,4,3,22,20231206,87,2025-11-16 08:20:51
8048,8,12,9,4,3,23,20231206,53,2025-11-16 08:20:51
8049,9,12,6,4,1,0,20231207,33,2025-11-16 08:20:51
8050,8,12,3,4,2,1,20231207,13,2025-11-16 08:20:51
8051,8,12,7,4,3,2,20231207,6,2025-11-16 08:20:51
8052,8,12,7,4,3,3,20231207,3,2025-11-16 08:20:51
8053,8,12,9,4,3,4,20231207,1,2025-11-16 08:20:51
8054,8,12,9,4,3,5,20231207,3,2025-11-16 08:20:51
8055,28,12,13,4,3,6,20231207,18,2025-11-16 08:20:51
8056,9,12,15,4,3,7,20231207,46,2025-11-16 08:20:51
8057,9,12,1,4,3,8,20231207,86,2025-11-16 08:20:51
8058,9,12,3,4,3,9,20231207,64,2025-11-16 08:20:51
8059,9,12,2,4,3,10,20231207,33,2025-11-16 08:20:51
8060,9,12,2,4,3,11,20231207,50,2025-11-16 08:20:51
8061,9,12,8,4,3,12,20231207,33,2025-11-16 08:20:51
8062,9,12,6,4,3,13,20231207,33,2025-11-16 08:20:51
8063,9,12,6,4,3,14,20231207,25,2025-11-16 08:20:51
8064,7,11,7,4,3,15,20231207,30,2025-11-16 08:20:51
8065,7,11,6,4,3,16,20231207,31,2025-11-16 08:20:51
8066,10,12,10,4,3,17,20231207,52,2025-11-16 08:20:51
8067,10,11,5,4,3,18,20231207,51,2025-11-16 08:20:51
8068,11,10,26,4,3,19,20231207,33,2025-11-16 08:20:51
8069,11,10,26,4,3,20,20231207,26,2025-11-16 08:20:51
8070,12,10,19,4,3,21,20231207,6,2025-11-16 08:20:51
8071,1,44,11,4,3,22,20231207,13,2025-11-16 08:20:51
8072,1,44,14,4,1,23,20231207,16,2025-11-16 08:20:51
8073,13,10,5,4,2,0,20231208,21,2025-11-16 08:20:51
8074,13,1,12,4,1,1,20231208,7,2025-11-16 08:20:51
8075,18,56,7,4,1,2,20231208,4,2025-11-16 08:20:51
8076,13,55,5,4,1,3,20231208,1,2025-11-16 08:20:51
8077,1,55,18,4,2,4,20231208,2,2025-11-16 08:20:51
8078,2,27,7,4,1,5,20231208,12,2025-11-16 08:20:51
8079,2,29,4,4,1,6,20231208,71,2025-11-16 08:20:51
8080,2,55,7,4,1,7,20231208,244,2025-11-16 08:20:51
8081,2,29,4,4,1,8,20231208,429,2025-11-16 08:20:51
8082,1,36,14,4,1,9,20231208,225,2025-11-16 08:20:51
8083,13,36,10,4,1,10,20231208,110,2025-11-16 08:20:51
8084,18,36,3,4,1,11,20231208,106,2025-11-16 08:20:51
8085,18,36,10,4,1,12,20231208,156,2025-11-16 08:20:51
8086,12,37,12,4,1,13,20231208,124,2025-11-16 08:20:51
8087,4,50,3,4,1,14,20231208,137,2025-11-16 08:20:51
8088,4,50,8,4,1,15,20231208,117,2025-11-16 08:20:51
8089,4,50,6,4,1,16,20231208,208,2025-11-16 08:20:51
8090,12,37,15,4,1,17,20231208,331,2025-11-16 08:20:51
8091,18,36,7,4,1,18,20231208,318,2025-11-16 08:20:51
8092,13,35,15,4,1,19,20231208,232,2025-11-16 08:20:51
8093,13,55,15,4,1,20,20231208,175,2025-11-16 08:20:51
8094,18,54,2,4,1,21,20231208,139,2025-11-16 08:20:51
8095,13,56,8,4,1,22,20231208,92,2025-11-16 08:20:51
8096,1,57,15,4,1,23,20231208,61,2025-11-16 08:20:51
8097,1,56,1,4,1,0,20231209,34,2025-11-16 08:20:51
8098,1,56,1,4,1,1,20231209,14,2025-11-16 08:20:51
8099,1,57,1,4,1,2,20231209,12,2025-11-16 08:20:51
8100,2,2,1,4,1,3,20231209,6,2025-11-16 08:20:51
8101,2,2,1,4,1,4,20231209,2,2025-11-16 08:20:51
8102,2,2,1,4,1,5,20231209,20,2025-11-16 08:20:51
8103,2,2,2,4,1,6,20231209,63,2025-11-16 08:20:51
8104,2,3,2,4,1,7,20231209,199,2025-11-16 08:20:51
8105,1,1,1,4,1,8,20231209,385,2025-11-16 08:20:51
8106,13,1,2,4,1,9,20231209,264,2025-11-16 08:20:51
8107,12,57,9,4,2,10,20231209,126,2025-11-16 08:20:51
8108,4,57,3,4,1,11,20231209,136,2025-11-16 08:20:51
8109,6,15,5,4,1,12,20231209,173,2025-11-16 08:20:51
8110,5,21,6,4,1,13,20231209,168,2025-11-16 08:20:51
8111,5,16,4,4,1,14,20231209,187,2025-11-16 08:20:51
8112,5,16,4,4,1,15,20231209,189,2025-11-16 08:20:51
8113,6,52,8,4,1,16,20231209,250,2025-11-16 08:20:51
8114,11,14,15,4,1,17,20231209,362,2025-11-16 08:20:51
8115,11,54,1,4,1,18,20231209,318,2025-11-16 08:20:51
8116,11,54,1,4,1,19,20231209,199,2025-11-16 08:20:51
8117,12,1,1,4,1,20,20231209,150,2025-11-16 08:20:51
8118,12,3,1,4,1,21,20231209,140,2025-11-16 08:20:51
8119,18,10,1,4,1,22,20231209,129,2025-11-16 08:20:51
8120,18,1,1,4,1,23,20231209,94,2025-11-16 08:20:51
8121,13,1,15,4,2,0,20231210,77,2025-11-16 08:20:51
8122,13,57,9,4,2,1,20231210,66,2025-11-16 08:20:51
8123,18,54,2,4,2,2,20231210,60,2025-11-16 08:20:51
8124,18,54,2,4,2,3,20231210,25,2025-11-16 08:20:51
8125,13,56,15,4,2,4,20231210,3,2025-11-16 08:20:51
8126,13,55,9,4,1,5,20231210,6,2025-11-16 08:20:51
8127,1,56,15,4,1,6,20231210,11,2025-11-16 08:20:51
8128,1,56,6,4,1,7,20231210,11,2025-11-16 08:20:51
8129,13,56,8,4,1,8,20231210,73,2025-11-16 08:20:51
8130,18,54,4,4,1,9,20231210,149,2025-11-16 08:20:51
8131,4,15,3,4,1,10,20231210,192,2025-11-16 08:20:51
8132,4,46,13,4,1,11,20231210,236,2025-11-16 08:20:51
8133,4,50,13,4,1,12,20231210,283,2025-11-16 08:20:51
8134,11,47,13,4,1,13,20231210,286,2025-11-16 08:20:51
8135,11,62,10,4,1,14,20231210,293,2025-11-16 08:20:51
8136,11,47,12,4,1,15,20231210,299,2025-11-16 08:20:51
8137,4,62,14,4,1,16,20231210,241,2025-11-16 08:20:51
8138,18,43,10,4,1,17,20231210,185,2025-11-16 08:20:51
8139,13,42,7,4,1,18,20231210,172,2025-11-16 08:20:51
8140,13,42,4,4,1,19,20231210,154,2025-11-16 08:20:51
8141,1,24,7,4,1,20,20231210,124,2025-11-16 08:20:51
8142,2,19,7,4,1,21,20231210,83,2025-11-16 08:20:51
8143,2,49,8,4,1,22,20231210,95,2025-11-16 08:20:51
8144,3,20,9,4,1,23,20231210,66,2025-11-16 08:20:51
8145,3,34,7,4,1,0,20231211,74,2025-11-16 08:20:51
8146,14,30,7,4,1,1,20231211,62,2025-11-16 08:20:51
8147,16,29,3,4,1,2,20231211,52,2025-11-16 08:20:51
8148,14,30,8,4,1,3,20231211,19,2025-11-16 08:20:51
8149,14,30,9,4,1,4,20231211,5,2025-11-16 08:20:51
8150,16,30,15,4,1,5,20231211,6,2025-11-16 08:20:51
8151,14,30,1,4,1,6,20231211,10,2025-11-16 08:20:51
8152,16,29,1,4,1,7,20231211,31,2025-11-16 08:20:51
8153,14,28,1,4,1,8,20231211,72,2025-11-16 08:20:51
8154,3,30,1,4,1,9,20231211,107,2025-11-16 08:20:51
8155,1,19,1,4,1,10,20231211,194,2025-11-16 08:20:51
8156,13,24,1,4,1,11,20231211,197,2025-11-16 08:20:51
8157,13,24,1,4,1,12,20231211,288,2025-11-16 08:20:51
8158,12,62,1,4,1,13,20231211,268,2025-11-16 08:20:51
8159,12,41,1,4,1,14,20231211,242,2025-11-16 08:20:51
8160,12,61,1,4,1,15,20231211,266,2025-11-16 08:20:51
8161,12,61,1,4,1,16,20231211,206,2025-11-16 08:20:51
8162,18,25,1,4,1,17,20231211,163,2025-11-16 08:20:51
8163,1,38,6,4,1,18,20231211,163,2025-11-16 08:20:51
8164,2,29,6,4,1,19,20231211,105,2025-11-16 08:20:51
8165,2,29,15,4,1,20,20231211,72,2025-11-16 08:20:51
8166,2,29,1,4,1,21,20231211,63,2025-11-16 08:20:51
8167,2,29,1,4,1,22,20231211,43,2025-11-16 08:20:51
8168,3,28,1,4,1,23,20231211,35,2025-11-16 08:20:51
8169,3,28,2,4,1,0,20231212,20,2025-11-16 08:20:51
8170,3,28,1,4,1,1,20231212,9,2025-11-16 08:20:51
8171,3,28,1,4,1,2,20231212,4,2025-11-16 08:20:51
8172,16,33,1,4,1,3,20231212,2,2025-11-16 08:20:51
8173,16,33,1,4,1,4,20231212,3,2025-11-16 08:20:51
8174,14,2,1,4,1,5,20231212,21,2025-11-16 08:20:51
8175,14,2,15,4,1,6,20231212,64,2025-11-16 08:20:51
8176,15,4,8,4,1,7,20231212,235,2025-11-16 08:20:51
8177,14,2,15,4,2,8,20231212,385,2025-11-16 08:20:51
8178,16,33,2,4,2,9,20231212,220,2025-11-16 08:20:51
8179,2,28,15,4,2,10,20231212,105,2025-11-16 08:20:51
8180,13,55,2,4,2,11,20231212,115,2025-11-16 08:20:51
8181,18,36,15,4,1,12,20231212,145,2025-11-16 08:20:51
8182,12,36,15,4,2,13,20231212,166,2025-11-16 08:20:51
8183,4,46,8,4,2,14,20231212,111,2025-11-16 08:20:51
8184,4,15,15,4,2,15,20231212,132,2025-11-16 08:20:51
8185,4,15,2,4,2,16,20231212,214,2025-11-16 08:20:51
8186,12,35,1,4,2,17,20231212,359,2025-11-16 08:20:51
8187,12,35,2,4,1,18,20231212,357,2025-11-16 08:20:51
8188,18,54,2,4,1,19,20231212,241,2025-11-16 08:20:51
8189,12,35,2,4,1,20,20231212,165,2025-11-16 08:20:51
8190,13,1,1,4,1,21,20231212,121,2025-11-16 08:20:51
8191,13,57,1,4,1,22,20231212,71,2025-11-16 08:20:51
8192,1,3,1,4,1,23,20231212,45,2025-11-16 08:20:51
8193,2,2,1,4,1,0,20231213,17,2025-11-16 08:20:51
8194,3,2,1,4,1,1,20231213,4,2025-11-16 08:20:51
8195,3,2,1,4,1,2,20231213,2,2025-11-16 08:20:51
8196,16,2,1,4,1,3,20231213,3,2025-11-16 08:20:51
8197,3,2,1,4,1,4,20231213,4,2025-11-16 08:20:51
8198,16,4,1,4,1,5,20231213,20,2025-11-16 08:20:51
8199,3,2,1,4,1,6,20231213,92,2025-11-16 08:20:51
8200,14,2,9,4,1,7,20231213,223,2025-11-16 08:20:51
8201,3,28,15,4,1,8,20231213,400,2025-11-16 08:20:51
8202,13,55,9,4,1,9,20231213,233,2025-11-16 08:20:51
8203,12,36,9,4,1,10,20231213,102,2025-11-16 08:20:51
8204,11,16,3,4,1,11,20231213,124,2025-11-16 08:20:51
8205,6,22,12,4,1,12,20231213,167,2025-11-16 08:20:51
8206,10,39,10,4,1,13,20231213,127,2025-11-16 08:20:51
8207,10,39,3,4,1,14,20231213,134,2025-11-16 08:20:51
8208,10,24,3,4,1,15,20231213,151,2025-11-16 08:20:51
8209,5,39,3,4,1,16,20231213,207,2025-11-16 08:20:51
8210,6,23,6,4,1,17,20231213,398,2025-11-16 08:20:51
8211,11,17,7,4,1,18,20231213,382,2025-11-16 08:20:51
8212,4,37,9,4,1,19,20231213,267,2025-11-16 08:20:51
8213,4,37,9,4,1,20,20231213,161,2025-11-16 08:20:51
8214,12,36,9,4,1,21,20231213,139,2025-11-16 08:20:51
8215,12,36,9,4,1,22,20231213,107,2025-11-16 08:20:51
8216,13,57,1,4,1,23,20231213,59,2025-11-16 08:20:51
8217,13,3,1,4,1,0,20231214,22,2025-11-16 08:20:51
8218,13,3,1,4,1,1,20231214,8,2025-11-16 08:20:51
8219,13,3,1,4,1,2,20231214,2,2025-11-16 08:20:51
8220,18,56,1,4,1,3,20231214,3,2025-11-16 08:20:51
8221,13,3,1,4,1,4,20231214,4,2025-11-16 08:20:51
8222,13,1,1,4,2,5,20231214,26,2025-11-16 08:20:51
8223,13,10,1,4,2,6,20231214,87,2025-11-16 08:20:51
8224,18,3,1,4,1,7,20231214,247,2025-11-16 08:20:51
8225,13,10,1,4,2,8,20231214,467,2025-11-16 08:20:51
8226,12,54,1,4,2,9,20231214,239,2025-11-16 08:20:51
8227,4,15,1,4,2,10,20231214,142,2025-11-16 08:20:51
8228,11,29,1,4,2,11,20231214,115,2025-11-16 08:20:51
8229,6,15,2,4,2,12,20231214,144,2025-11-16 08:20:51
8230,6,15,15,4,2,13,20231214,133,2025-11-16 08:20:51
8231,5,48,2,4,2,14,20231214,151,2025-11-16 08:20:51
8232,5,48,15,4,2,15,20231214,167,2025-11-16 08:20:51
8233,5,48,15,4,2,16,20231214,245,2025-11-16 08:20:51
8234,6,15,15,4,2,17,20231214,396,2025-11-16 08:20:51
8235,6,52,9,4,2,18,20231214,390,2025-11-16 08:20:51
8236,6,52,15,4,2,19,20231214,268,2025-11-16 08:20:51
8237,11,14,15,4,2,20,20231214,175,2025-11-16 08:20:51
8238,11,14,9,4,2,21,20231214,154,2025-11-16 08:20:51
8239,11,14,9,4,1,22,20231214,104,2025-11-16 08:20:51
8240,4,57,9,4,1,23,20231214,51,2025-11-16 08:20:51
8241,4,57,9,4,1,0,20231215,50,2025-11-16 08:20:51
8242,4,57,9,4,2,1,20231215,20,2025-11-16 08:20:51
8243,4,57,8,4,2,2,20231215,7,2025-11-16 08:20:51
8244,4,57,8,4,2,3,20231215,3,2025-11-16 08:20:51
8245,4,57,7,4,2,4,20231215,6,2025-11-16 08:20:51
8246,4,57,4,4,2,5,20231215,24,2025-11-16 08:20:51
8247,4,14,6,4,1,6,20231215,92,2025-11-16 08:20:51
8248,4,57,6,4,1,7,20231215,258,2025-11-16 08:20:51
8249,11,14,7,4,2,8,20231215,457,2025-11-16 08:20:51
8250,6,52,4,4,2,9,20231215,280,2025-11-16 08:20:51
8251,10,53,5,4,2,10,20231215,109,2025-11-16 08:20:51
8252,10,52,13,4,2,11,20231215,135,2025-11-16 08:20:51
8253,8,30,16,4,2,12,20231215,157,2025-11-16 08:20:51
8254,30,29,12,4,2,13,20231215,164,2025-11-16 08:20:51
8255,24,36,10,4,2,14,20231215,132,2025-11-16 08:20:51
8256,24,29,7,4,3,15,20231215,82,2025-11-16 08:20:51
8257,8,7,9,4,3,16,20231215,131,2025-11-16 08:20:51
8258,24,30,4,4,2,17,20231215,324,2025-11-16 08:20:51
8259,24,30,5,4,2,18,20231215,377,2025-11-16 08:20:51
8260,24,30,4,4,2,19,20231215,287,2025-11-16 08:20:51
8261,24,30,10,4,1,20,20231215,221,2025-11-16 08:20:51
8262,30,31,5,4,1,21,20231215,155,2025-11-16 08:20:51
8263,24,31,10,4,1,22,20231215,124,2025-11-16 08:20:51
8264,24,31,10,4,1,23,20231215,114,2025-11-16 08:20:51
8265,30,7,10,4,1,0,20231216,72,2025-11-16 08:20:51
8266,30,7,7,4,1,1,20231216,31,2025-11-16 08:20:51
8267,28,6,15,4,1,2,20231216,23,2025-11-16 08:20:51
8268,8,8,8,4,1,3,20231216,5,2025-11-16 08:20:51
8269,30,30,6,4,2,4,20231216,5,2025-11-16 08:20:51
8270,28,19,14,4,1,5,20231216,26,2025-11-16 08:20:51
8271,9,40,5,4,2,6,20231216,82,2025-11-16 08:20:51
8272,5,16,5,4,2,7,20231216,231,2025-11-16 08:20:51
8273,6,16,13,4,1,8,20231216,459,2025-11-16 08:20:51
8274,6,16,14,4,1,9,20231216,243,2025-11-16 08:20:51
8275,11,16,5,4,1,10,20231216,132,2025-11-16 08:20:51
8276,11,17,5,4,2,11,20231216,144,2025-11-16 08:20:51
8277,11,17,12,4,2,12,20231216,173,2025-11-16 08:20:51
8278,11,18,12,4,2,13,20231216,137,2025-11-16 08:20:51
8279,11,17,7,4,2,14,20231216,128,2025-11-16 08:20:51
8280,4,50,5,4,2,15,20231216,153,2025-11-16 08:20:51
8281,4,50,7,4,2,16,20231216,224,2025-11-16 08:20:51
8282,4,50,4,4,2,17,20231216,365,2025-11-16 08:20:51
8283,4,50,3,4,2,18,20231216,295,2025-11-16 08:20:51
8284,4,50,7,4,2,19,20231216,214,2025-11-16 08:20:51
8285,4,50,6,4,2,20,20231216,152,2025-11-16 08:20:51
8286,4,50,9,4,2,21,20231216,102,2025-11-16 08:20:51
8287,12,37,9,4,2,22,20231216,106,2025-11-16 08:20:51
8288,12,37,8,4,2,23,20231216,75,2025-11-16 08:20:51
8289,12,37,4,4,1,0,20231217,62,2025-11-16 08:20:51
8290,12,36,3,4,2,1,20231217,43,2025-11-16 08:20:51
8291,18,35,7,4,2,2,20231217,58,2025-11-16 08:20:51
8292,13,55,6,4,1,3,20231217,26,2025-11-16 08:20:51
8293,1,56,9,4,1,4,20231217,9,2025-11-16 08:20:51
8294,13,55,6,4,2,5,20231217,9,2025-11-16 08:20:51
8295,13,35,4,4,2,6,20231217,17,2025-11-16 08:20:51
8296,13,35,7,4,2,7,20231217,20,2025-11-16 08:20:51
8297,13,35,7,4,2,8,20231217,59,2025-11-16 08:20:51
8298,13,35,3,4,2,9,20231217,100,2025-11-16 08:20:51
8299,13,36,4,4,2,10,20231217,181,2025-11-16 08:20:51
8300,18,50,10,4,2,11,20231217,209,2025-11-16 08:20:51
8301,18,50,4,4,2,12,20231217,244,2025-11-16 08:20:51
8302,18,38,3,4,2,13,20231217,236,2025-11-16 08:20:51
8303,18,50,12,4,1,14,20231217,237,2025-11-16 08:20:51
8304,18,50,4,4,1,15,20231217,228,2025-11-16 08:20:51
8305,18,50,7,4,1,16,20231217,222,2025-11-16 08:20:51
8306,13,38,7,4,1,17,20231217,165,2025-11-16 08:20:51
8307,13,38,14,4,1,18,20231217,157,2025-11-16 08:20:51
8308,1,56,10,4,3,19,20231217,106,2025-11-16 08:20:51
8309,2,28,3,4,1,20,20231217,106,2025-11-16 08:20:51
8310,3,3,9,4,1,21,20231217,96,2025-11-16 08:20:51
8311,3,3,9,4,1,22,20231217,80,2025-11-16 08:20:51
8312,3,3,1,4,1,23,20231217,69,2025-11-16 08:20:51
8313,3,3,8,4,1,0,20231218,71,2025-11-16 08:20:51
8314,3,28,15,4,1,1,20231218,46,2025-11-16 08:20:51
8315,2,29,15,4,1,2,20231218,41,2025-11-16 08:20:51
8316,2,29,7,4,1,3,20231218,18,2025-11-16 08:20:51
8317,2,29,7,4,1,4,20231218,1,2025-11-16 08:20:51
8318,3,30,15,4,1,5,20231218,5,2025-11-16 08:20:51
8319,3,30,8,4,1,6,20231218,3,2025-11-16 08:20:51
8320,3,30,9,4,1,7,20231218,12,2025-11-16 08:20:51
8321,3,28,1,4,1,8,20231218,32,2025-11-16 08:20:51
8322,2,27,9,4,1,9,20231218,81,2025-11-16 08:20:51
8323,1,55,3,4,1,10,20231218,129,2025-11-16 08:20:51
8324,1,55,7,4,2,11,20231218,188,2025-11-16 08:20:51
8325,13,55,7,4,1,12,20231218,228,2025-11-16 08:20:51
8326,12,37,5,4,1,13,20231218,228,2025-11-16 08:20:51
8327,12,37,4,4,1,14,20231218,219,2025-11-16 08:20:51
8328,4,50,4,4,1,15,20231218,207,2025-11-16 08:20:51
8329,18,38,3,4,1,16,20231218,234,2025-11-16 08:20:51
8330,18,16,9,4,1,17,20231218,136,2025-11-16 08:20:51
8331,18,50,6,4,1,18,20231218,138,2025-11-16 08:20:51
8332,13,36,8,4,1,19,20231218,135,2025-11-16 08:20:51
8333,1,55,15,4,1,20,20231218,104,2025-11-16 08:20:51
8334,2,27,1,4,1,21,20231218,89,2025-11-16 08:20:51
8335,2,3,6,4,1,22,20231218,49,2025-11-16 08:20:51
8336,3,3,15,4,1,23,20231218,37,2025-11-16 08:20:51
8337,3,3,2,4,1,0,20231219,17,2025-11-16 08:20:51
8338,16,2,2,4,1,1,20231219,11,2025-11-16 08:20:51
8339,16,2,2,4,1,2,20231219,3,2025-11-16 08:20:51
8340,14,4,2,4,1,3,20231219,3,2025-11-16 08:20:51
8341,14,4,8,4,1,4,20231219,4,2025-11-16 08:20:51
8342,15,44,15,4,1,5,20231219,21,2025-11-16 08:20:51
8343,14,4,15,4,1,6,20231219,68,2025-11-16 08:20:51
8344,16,33,15,4,1,7,20231219,191,2025-11-16 08:20:51
8345,3,3,6,4,1,8,20231219,397,2025-11-16 08:20:51
8346,2,28,7,4,1,9,20231219,183,2025-11-16 08:20:51
8347,1,69,6,4,1,10,20231219,108,2025-11-16 08:20:51
8348,13,56,3,4,1,11,20231219,127,2025-11-16 08:20:51
8349,12,54,10,4,1,12,20231219,141,2025-11-16 08:20:51
8350,11,37,10,4,1,13,20231219,142,2025-11-16 08:20:51
8351,6,16,7,4,1,14,20231219,137,2025-11-16 08:20:51
8352,5,16,9,4,1,15,20231219,159,2025-11-16 08:20:51
8353,10,23,3,4,1,16,20231219,208,2025-11-16 08:20:51
8354,5,16,6,4,1,17,20231219,378,2025-11-16 08:20:51
8355,6,21,6,4,1,18,20231219,354,2025-11-16 08:20:51
8356,6,46,9,4,2,19,20231219,251,2025-11-16 08:20:51
8357,10,23,9,4,1,20,20231219,206,2025-11-16 08:20:51
8358,6,46,8,4,2,21,20231219,127,2025-11-16 08:20:51
8359,6,15,9,4,2,22,20231219,107,2025-11-16 08:20:51
8360,6,46,9,4,1,23,20231219,60,2025-11-16 08:20:51
8361,6,15,15,4,1,0,20231220,21,2025-11-16 08:20:51
8362,6,46,1,4,1,1,20231220,6,2025-11-16 08:20:51
8363,11,54,1,4,2,2,20231220,11,2025-11-16 08:20:51
8364,11,54,1,4,2,3,20231220,2,2025-11-16 08:20:51
8365,6,46,15,4,2,4,20231220,4,2025-11-16 08:20:51
8366,6,15,1,4,2,5,20231220,15,2025-11-16 08:20:51
8367,6,15,1,4,2,6,20231220,72,2025-11-16 08:20:51
8368,6,52,1,4,2,7,20231220,268,2025-11-16 08:20:51
8369,7,48,2,4,2,8,20231220,432,2025-11-16 08:20:51
8370,6,14,1,4,2,9,20231220,259,2025-11-16 08:20:51
8371,7,53,6,4,2,10,20231220,129,2025-11-16 08:20:51
8372,10,52,9,4,2,11,20231220,129,2025-11-16 08:20:51
8373,9,48,8,4,2,12,20231220,175,2025-11-16 08:20:51
8374,9,48,8,4,2,13,20231220,181,2025-11-16 08:20:51
8375,9,53,15,4,2,14,20231220,138,2025-11-16 08:20:51
8376,9,48,1,4,2,15,20231220,154,2025-11-16 08:20:51
8377,9,48,1,4,1,16,20231220,238,2025-11-16 08:20:51
8378,10,52,9,4,1,17,20231220,431,2025-11-16 08:20:51
8379,5,14,6,4,1,18,20231220,411,2025-11-16 08:20:51
8380,5,14,1,4,1,19,20231220,224,2025-11-16 08:20:51
8381,6,14,1,4,1,20,20231220,147,2025-11-16 08:20:51
8382,6,14,2,4,1,21,20231220,143,2025-11-16 08:20:51
8383,6,14,1,4,2,22,20231220,107,2025-11-16 08:20:51
8384,5,52,1,4,2,23,20231220,53,2025-11-16 08:20:51
8385,11,13,8,1,2,0,20231221,25,2025-11-16 08:20:51
8386,6,14,15,1,2,1,20231221,11,2025-11-16 08:20:51
8387,6,13,1,1,2,2,20231221,4,2025-11-16 08:20:51
8388,6,13,1,1,2,3,20231221,2,2025-11-16 08:20:51
8389,6,13,1,1,2,4,20231221,2,2025-11-16 08:20:51
8390,5,8,15,1,2,5,20231221,28,2025-11-16 08:20:51
8391,6,10,1,1,2,6,20231221,76,2025-11-16 08:20:51
8392,6,10,15,1,2,7,20231221,229,2025-11-16 08:20:51
8393,6,44,1,1,3,8,20231221,405,2025-11-16 08:20:51
8394,10,10,7,1,2,9,20231221,234,2025-11-16 08:20:51
8395,28,8,13,1,2,10,20231221,89,2025-11-16 08:20:51
8396,28,8,13,1,2,11,20231221,56,2025-11-16 08:20:51
8397,8,9,14,1,3,12,20231221,61,2025-11-16 08:20:51
8398,9,11,5,1,3,13,20231221,58,2025-11-16 08:20:51
8399,28,9,12,1,2,14,20231221,51,2025-11-16 08:20:51
8400,28,9,14,1,2,15,20231221,61,2025-11-16 08:20:51
8401,9,12,10,1,3,16,20231221,101,2025-11-16 08:20:51
8402,9,12,10,1,3,17,20231221,229,2025-11-16 08:20:51
8403,9,12,5,1,2,18,20231221,280,2025-11-16 08:20:51
8404,30,11,10,1,2,19,20231221,209,2025-11-16 08:20:51
8405,30,11,12,1,2,20,20231221,167,2025-11-16 08:20:51
8406,30,9,4,1,1,21,20231221,123,2025-11-16 08:20:51
8407,30,9,3,1,1,22,20231221,105,2025-11-16 08:20:51
8408,30,9,6,1,1,23,20231221,54,2025-11-16 08:20:51
8409,30,8,15,1,2,0,20231222,27,2025-11-16 08:20:51
8410,9,11,2,1,1,1,20231222,15,2025-11-16 08:20:51
8411,28,8,15,1,1,2,20231222,11,2025-11-16 08:20:51
8412,9,69,9,1,1,3,20231222,6,2025-11-16 08:20:51
8413,5,8,8,1,1,4,20231222,3,2025-11-16 08:20:51
8414,5,8,1,1,1,5,20231222,16,2025-11-16 08:20:51
8415,6,10,1,1,1,6,20231222,64,2025-11-16 08:20:51
8416,11,44,1,1,1,7,20231222,186,2025-11-16 08:20:51
8417,6,10,1,1,2,8,20231222,343,2025-11-16 08:20:51
8418,5,10,2,1,2,9,20231222,228,2025-11-16 08:20:51
8419,10,8,2,1,2,10,20231222,141,2025-11-16 08:20:51
8420,9,6,1,1,2,11,20231222,145,2025-11-16 08:20:51
8421,28,29,1,1,2,12,20231222,202,2025-11-16 08:20:51
8422,8,31,1,1,2,13,20231222,188,2025-11-16 08:20:51
8423,8,31,1,1,2,14,20231222,159,2025-11-16 08:20:51
8424,28,30,1,1,2,15,20231222,214,2025-11-16 08:20:51
8425,8,31,1,1,2,16,20231222,256,2025-11-16 08:20:51
8426,9,69,9,1,2,17,20231222,356,2025-11-16 08:20:51
8427,9,52,2,1,2,18,20231222,288,2025-11-16 08:20:51
8428,9,52,1,1,2,19,20231222,142,2025-11-16 08:20:51
8429,7,13,1,1,3,20,20231222,33,2025-11-16 08:20:51
8430,7,13,1,1,3,21,20231222,17,2025-11-16 08:20:51
8431,6,44,15,1,3,22,20231222,17,2025-11-16 08:20:51
8432,10,10,1,1,3,23,20231222,11,2025-11-16 08:20:51
8433,10,10,6,1,3,0,20231223,9,2025-11-16 08:20:51
8434,10,10,6,1,3,1,20231223,12,2025-11-16 08:20:51
8435,5,11,8,1,3,2,20231223,13,2025-11-16 08:20:51
8436,5,11,8,1,3,3,20231223,4,2025-11-16 08:20:51
8437,5,11,4,1,3,4,20231223,2,2025-11-16 08:20:51
8438,6,44,6,1,1,5,20231223,8,2025-11-16 08:20:51
8439,5,8,3,1,1,6,20231223,40,2025-11-16 08:20:51
8440,5,8,7,1,1,7,20231223,92,2025-11-16 08:20:51
8441,10,5,3,1,1,8,20231223,182,2025-11-16 08:20:51
8442,10,14,5,1,1,9,20231223,156,2025-11-16 08:20:51
8443,10,52,12,1,1,10,20231223,104,2025-11-16 08:20:51
8444,10,53,11,1,1,11,20231223,174,2025-11-16 08:20:51
8445,10,48,19,1,1,12,20231223,170,2025-11-16 08:20:51
8446,10,21,18,1,1,13,20231223,194,2025-11-16 08:20:51
8447,10,48,13,1,1,14,20231223,200,2025-11-16 08:20:51
8448,5,48,12,1,1,15,20231223,203,2025-11-16 08:20:51
8449,5,21,5,1,1,16,20231223,181,2025-11-16 08:20:51
8450,6,46,7,1,1,17,20231223,140,2025-11-16 08:20:51
8451,6,21,3,1,1,18,20231223,95,2025-11-16 08:20:51
8452,11,46,6,1,1,19,20231223,76,2025-11-16 08:20:51
8453,4,54,10,1,1,20,20231223,50,2025-11-16 08:20:51
8454,4,54,7,1,1,21,20231223,32,2025-11-16 08:20:51
8455,4,14,6,1,1,22,20231223,47,2025-11-16 08:20:51
8456,4,14,8,1,1,23,20231223,25,2025-11-16 08:20:51
8457,4,57,9,1,2,0,20231224,23,2025-11-16 08:20:51
8458,4,14,1,1,2,1,20231224,16,2025-11-16 08:20:51
8459,4,14,2,1,2,2,20231224,26,2025-11-16 08:20:51
8460,4,57,2,1,2,3,20231224,5,2025-11-16 08:20:51
8461,4,14,9,1,2,4,20231224,3,2025-11-16 08:20:51
8462,4,14,9,1,2,5,20231224,4,2025-11-16 08:20:51
8463,12,3,9,1,2,6,20231224,10,2025-11-16 08:20:51
8464,12,57,12,1,1,7,20231224,10,2025-11-16 08:20:51
8465,18,57,6,1,1,8,20231224,27,2025-11-16 08:20:51
8466,12,50,13,1,1,9,20231224,56,2025-11-16 08:20:51
8467,12,17,16,1,1,10,20231224,56,2025-11-16 08:20:51
8468,4,18,12,1,1,11,20231224,71,2025-11-16 08:20:51
8469,11,18,4,1,1,12,20231224,94,2025-11-16 08:20:51
8470,11,18,5,1,1,13,20231224,121,2025-11-16 08:20:51
8471,11,18,5,1,1,14,20231224,85,2025-11-16 08:20:51
8472,4,18,7,1,1,15,20231224,97,2025-11-16 08:20:51
8473,4,17,6,1,1,16,20231224,99,2025-11-16 08:20:51
8474,18,50,8,1,1,17,20231224,68,2025-11-16 08:20:51
8475,12,17,2,1,1,18,20231224,35,2025-11-16 08:20:51
8476,12,36,2,1,1,19,20231224,25,2025-11-16 08:20:51
8477,13,35,8,1,1,20,20231224,24,2025-11-16 08:20:51
8478,13,35,9,1,1,21,20231224,19,2025-11-16 08:20:51
8479,1,36,1,1,1,22,20231224,20,2025-11-16 08:20:51
8480,1,35,1,1,1,23,20231224,17,2025-11-16 08:20:51
8481,1,55,6,1,1,0,20231225,6,2025-11-16 08:20:51
8482,2,28,8,1,1,1,20231225,4,2025-11-16 08:20:51
8483,2,3,2,1,1,2,20231225,2,2025-11-16 08:20:51
8484,2,7,1,1,1,3,20231225,4,2025-11-16 08:20:51
8485,3,3,15,1,1,5,20231225,1,2025-11-16 08:20:51
8486,3,3,15,1,1,6,20231225,1,2025-11-16 08:20:51
8487,2,2,15,1,1,7,20231225,4,2025-11-16 08:20:51
8488,3,2,9,1,1,8,20231225,5,2025-11-16 08:20:51
8489,1,10,9,1,1,9,20231225,23,2025-11-16 08:20:51
8490,13,1,3,1,1,10,20231225,43,2025-11-16 08:20:51
8491,12,57,9,1,1,11,20231225,85,2025-11-16 08:20:51
8492,12,3,5,1,1,12,20231225,66,2025-11-16 08:20:51
8493,4,57,3,1,1,13,20231225,79,2025-11-16 08:20:51
8494,11,54,3,1,1,14,20231225,86,2025-11-16 08:20:51
8495,11,54,6,1,1,15,20231225,91,2025-11-16 08:20:51
8496,6,15,15,1,1,16,20231225,86,2025-11-16 08:20:51
8497,11,54,8,1,1,17,20231225,44,2025-11-16 08:20:51
8498,4,57,6,1,1,18,20231225,30,2025-11-16 08:20:51
8499,4,15,8,1,1,19,20231225,16,2025-11-16 08:20:51
8500,4,37,2,1,1,20,20231225,26,2025-11-16 08:20:51
8501,12,35,8,1,1,21,20231225,19,2025-11-16 08:20:51
8502,18,54,9,1,1,22,20231225,17,2025-11-16 08:20:51
8503,13,56,8,1,1,23,20231225,16,2025-11-16 08:20:51
8504,2,3,9,1,1,0,20231226,11,2025-11-16 08:20:51
8505,18,35,6,1,1,1,20231226,10,2025-11-16 08:20:51
8506,11,16,7,1,1,2,20231226,7,2025-11-16 08:20:51
8507,11,16,5,1,1,4,20231226,2,2025-11-16 08:20:51
8508,11,17,14,1,1,5,20231226,4,2025-11-16 08:20:51
8509,4,50,4,1,1,6,20231226,4,2025-11-16 08:20:51
8510,4,50,6,1,1,7,20231226,19,2025-11-16 08:20:51
8511,4,50,8,1,1,8,20231226,18,2025-11-16 08:20:51
8512,11,16,5,1,1,9,20231226,62,2025-11-16 08:20:51
8513,11,17,19,1,1,10,20231226,70,2025-11-16 08:20:51
8514,11,16,20,1,1,11,20231226,91,2025-11-16 08:20:51
8515,6,22,18,1,1,12,20231226,100,2025-11-16 08:20:51
8516,5,23,5,1,1,13,20231226,140,2025-11-16 08:20:51
8517,5,23,10,1,1,14,20231226,153,2025-11-16 08:20:51
8518,5,23,3,1,1,15,20231226,131,2025-11-16 08:20:51
8519,6,22,4,1,1,16,20231226,97,2025-11-16 08:20:51
8520,11,16,7,1,1,17,20231226,97,2025-11-16 08:20:51
8521,4,37,2,1,1,18,20231226,75,2025-11-16 08:20:51
8522,12,56,2,1,1,19,20231226,65,2025-11-16 08:20:51
8523,12,35,2,1,1,20,20231226,56,2025-11-16 08:20:51
8524,13,57,1,1,1,21,20231226,49,2025-11-16 08:20:51
8525,13,57,1,1,1,22,20231226,27,2025-11-16 08:20:51
8526,13,57,15,1,1,23,20231226,29,2025-11-16 08:20:51
8527,13,57,9,1,1,0,20231227,12,2025-11-16 08:20:51
8528,13,57,8,1,1,1,20231227,6,2025-11-16 08:20:51
8529,13,57,8,1,1,2,20231227,4,2025-11-16 08:20:51
8530,12,54,7,1,2,3,20231227,3,2025-11-16 08:20:51
8531,12,56,7,1,2,4,20231227,3,2025-11-16 08:20:51
8532,12,27,4,1,2,5,20231227,8,2025-11-16 08:20:51
8533,12,54,5,1,2,6,20231227,35,2025-11-16 08:20:51
8534,12,56,4,1,2,7,20231227,80,2025-11-16 08:20:51
8535,12,56,9,1,2,8,20231227,164,2025-11-16 08:20:51
8536,4,14,15,1,3,9,20231227,104,2025-11-16 08:20:51
8537,4,14,2,1,2,10,20231227,60,2025-11-16 08:20:51
8538,4,14,15,1,3,11,20231227,30,2025-11-16 08:20:51
8539,12,1,2,1,3,12,20231227,24,2025-11-16 08:20:51
8540,12,10,8,1,3,13,20231227,20,2025-11-16 08:20:51
8541,7,8,14,1,3,14,20231227,14,2025-11-16 08:20:51
8542,7,8,14,1,3,15,20231227,19,2025-11-16 08:20:51
8543,9,9,10,1,3,16,20231227,46,2025-11-16 08:20:51
8544,10,10,8,1,3,17,20231227,115,2025-11-16 08:20:51
8545,5,10,4,1,1,18,20231227,135,2025-11-16 08:20:51
8546,11,10,9,1,1,19,20231227,90,2025-11-16 08:20:51
8547,4,44,2,1,1,20,20231227,69,2025-11-16 08:20:51
8548,4,10,2,1,1,21,20231227,63,2025-11-16 08:20:51
8549,4,10,2,1,1,22,20231227,32,2025-11-16 08:20:51
8550,12,44,8,1,1,23,20231227,26,2025-11-16 08:20:51
8551,4,10,9,1,1,0,20231228,10,2025-11-16 08:20:51
8552,4,5,9,1,1,1,20231228,12,2025-11-16 08:20:51
8553,4,54,3,1,1,2,20231228,7,2025-11-16 08:20:51
8554,4,54,3,1,1,3,20231228,4,2025-11-16 08:20:51
8555,4,15,12,1,1,5,20231228,9,2025-11-16 08:20:51
8556,4,15,3,1,1,6,20231228,43,2025-11-16 08:20:51
8557,4,15,3,1,1,7,20231228,110,2025-11-16 08:20:51
8558,4,15,12,1,1,8,20231228,217,2025-11-16 08:20:51
8559,4,15,10,1,1,9,20231228,189,2025-11-16 08:20:51
8560,11,15,7,1,1,10,20231228,96,2025-11-16 08:20:51
8561,6,16,12,1,1,11,20231228,111,2025-11-16 08:20:51
8562,11,16,17,1,1,12,20231228,140,2025-11-16 08:20:51
8563,11,18,18,1,1,13,20231228,159,2025-11-16 08:20:51
8564,4,18,14,1,1,14,20231228,120,2025-11-16 08:20:51
8565,4,43,13,1,1,15,20231228,117,2025-11-16 08:20:51
8566,12,43,13,1,1,16,20231228,167,2025-11-16 08:20:51
8567,18,42,3,1,1,17,20231228,250,2025-11-16 08:20:51
8568,13,42,10,1,1,18,20231228,169,2025-11-16 08:20:51
8569,1,49,3,1,1,19,20231228,151,2025-11-16 08:20:51
8570,1,49,7,1,1,20,20231228,79,2025-11-16 08:20:51
8571,2,19,8,1,1,21,20231228,70,2025-11-16 08:20:51
8572,2,19,15,1,1,22,20231228,33,2025-11-16 08:20:51
8573,2,19,3,1,1,23,20231228,39,2025-11-16 08:20:51
8574,2,20,6,1,2,0,20231229,28,2025-11-16 08:20:51
8575,2,20,7,1,1,1,20231229,15,2025-11-16 08:20:51
8576,3,34,15,1,1,2,20231229,3,2025-11-16 08:20:51
8577,3,29,6,1,1,3,20231229,2,2025-11-16 08:20:51
8578,3,29,9,1,1,4,20231229,3,2025-11-16 08:20:51
8579,3,29,15,1,1,5,20231229,10,2025-11-16 08:20:51
8580,3,30,1,1,1,6,20231229,41,2025-11-16 08:20:51
8581,16,27,2,1,1,7,20231229,106,2025-11-16 08:20:51
8582,3,27,1,1,2,8,20231229,210,2025-11-16 08:20:51
8583,3,27,8,1,2,9,20231229,170,2025-11-16 08:20:51
8584,2,27,9,1,2,10,20231229,110,2025-11-16 08:20:51
8585,1,55,2,1,2,11,20231229,122,2025-11-16 08:20:51
8586,13,35,15,1,2,12,20231229,130,2025-11-16 08:20:51
8587,18,36,15,1,2,13,20231229,131,2025-11-16 08:20:51
8588,12,36,1,1,2,14,20231229,142,2025-11-16 08:20:51
8589,12,36,2,1,2,15,20231229,177,2025-11-16 08:20:51
8590,12,36,9,1,1,16,20231229,177,2025-11-16 08:20:51
8591,12,54,9,1,1,17,20231229,240,2025-11-16 08:20:51
8592,12,35,8,1,1,18,20231229,207,2025-11-16 08:20:51
8593,12,35,15,1,1,19,20231229,135,2025-11-16 08:20:51
8594,18,56,15,1,1,20,20231229,96,2025-11-16 08:20:51
8595,18,54,8,1,2,21,20231229,68,2025-11-16 08:20:51
8596,18,56,8,1,1,22,20231229,55,2025-11-16 08:20:51
8597,12,56,9,1,1,23,20231229,45,2025-11-16 08:20:51
8598,18,57,8,1,1,0,20231230,30,2025-11-16 08:20:51
8599,13,56,2,1,1,1,20231230,20,2025-11-16 08:20:51
8600,1,57,15,1,1,2,20231230,12,2025-11-16 08:20:51
8601,1,57,15,1,1,3,20231230,6,2025-11-16 08:20:51
8602,1,57,2,1,1,4,20231230,2,2025-11-16 08:20:51
8603,2,3,2,1,1,5,20231230,10,2025-11-16 08:20:51
8604,1,57,2,1,1,6,20231230,32,2025-11-16 08:20:51
8605,1,3,2,1,1,7,20231230,95,2025-11-16 08:20:51
8606,1,3,2,1,2,8,20231230,205,2025-11-16 08:20:51
8607,13,3,1,1,1,9,20231230,194,2025-11-16 08:20:51
8608,12,56,3,1,1,10,20231230,118,2025-11-16 08:20:51
8609,4,14,6,1,1,11,20231230,171,2025-11-16 08:20:51
8610,4,15,8,1,1,12,20231230,197,2025-11-16 08:20:51
8611,6,46,8,1,2,13,20231230,207,2025-11-16 08:20:51
8612,10,20,2,1,2,14,20231230,245,2025-11-16 08:20:51
8613,7,19,1,1,1,15,20231230,292,2025-11-16 08:20:51
8614,7,20,6,1,1,16,20231230,283,2025-11-16 08:20:51
8615,5,48,9,1,1,17,20231230,242,2025-11-16 08:20:51
8616,6,52,8,1,1,18,20231230,182,2025-11-16 08:20:51
8617,11,37,13,1,2,19,20231230,112,2025-11-16 08:20:51
8618,11,14,15,1,2,20,20231230,91,2025-11-16 08:20:51
8619,6,14,15,1,2,21,20231230,95,2025-11-16 08:20:51
8620,11,13,9,1,2,22,20231230,85,2025-11-16 08:20:51
8621,6,14,3,1,2,23,20231230,73,2025-11-16 08:20:51
8622,5,52,10,1,2,0,20231231,44,2025-11-16 08:20:51
8623,10,52,4,1,2,1,20231231,35,2025-11-16 08:20:51
8624,10,52,4,1,2,2,20231231,28,2025-11-16 08:20:51
8625,10,52,4,1,2,3,20231231,18,2025-11-16 08:20:51
8626,5,13,7,1,1,4,20231231,10,2025-11-16 08:20:51
8627,6,5,7,1,2,5,20231231,1,2025-11-16 08:20:51
8628,10,13,2,1,2,6,20231231,6,2025-11-16 08:20:51
8629,5,5,1,1,3,7,20231231,19,2025-11-16 08:20:51
8630,11,1,8,1,1,8,20231231,49,2025-11-16 08:20:51
8631,5,5,1,1,1,9,20231231,90,2025-11-16 08:20:51
8632,10,5,9,1,1,10,20231231,128,2025-11-16 08:20:51
8633,7,13,9,1,1,11,20231231,217,2025-11-16 08:20:51
8634,24,18,5,1,1,12,20231231,273,2025-11-16 08:20:51
8635,30,17,16,1,1,13,20231231,313,2025-11-16 08:20:51
8636,8,34,10,1,1,14,20231231,300,2025-11-16 08:20:51
8637,8,20,16,1,1,15,20231231,253,2025-11-16 08:20:51
8638,9,34,14,1,1,16,20231231,195,2025-11-16 08:20:51
8639,7,48,6,1,1,17,20231231,129,2025-11-16 08:20:51
8640,7,48,8,1,1,18,20231231,93,2025-11-16 08:20:51
8641,7,48,7,1,1,19,20231231,92,2025-11-16 08:20:51
8642,7,48,7,1,1,20,20231231,71,2025-11-16 08:20:51
8643,10,53,6,1,1,21,20231231,52,2025-11-16 08:20:51
8644,5,52,8,1,1,22,20231231,38,2025-11-16 08:20:51
8645,6,14,1,1,1,23,20231231,31,2025-11-16 08:20:51
8646,6,14,1,1,1,0,20240101,48,2025-11-16 08:20:51
8647,6,14,8,1,1,1,20240101,93,2025-11-16 08:20:51
8648,4,5,1,1,1,2,20240101,75,2025-11-16 08:20:51
8649,12,1,1,1,1,3,20240101,52,2025-11-16 08:20:51
8650,18,1,2,1,1,4,20240101,8,2025-11-16 08:20:51
8651,18,1,15,1,1,5,20240101,5,2025-11-16 08:20:51
8652,13,44,8,1,1,6,20240101,2,2025-11-16 08:20:51
8653,13,44,9,1,1,7,20240101,7,2025-11-16 08:20:51
8654,13,10,15,1,1,8,20240101,14,2025-11-16 08:20:51
8655,13,44,15,1,1,9,20240101,40,2025-11-16 08:20:51
8656,12,1,15,1,1,10,20240101,70,2025-11-16 08:20:51
8657,11,5,8,1,1,11,20240101,138,2025-11-16 08:20:51
8658,10,52,4,1,1,12,20240101,201,2025-11-16 08:20:51
8659,7,53,4,1,1,13,20240101,223,2025-11-16 08:20:51
8660,9,48,5,1,1,14,20240101,267,2025-11-16 08:20:51
8661,8,34,5,1,1,15,20240101,265,2025-11-16 08:20:51
8662,9,48,5,1,2,16,20240101,215,2025-11-16 08:20:51
8663,28,38,9,1,2,17,20240101,111,2025-11-16 08:20:51
8664,8,30,3,1,3,18,20240101,106,2025-11-16 08:20:51
8665,7,69,14,1,3,19,20240101,105,2025-11-16 08:20:51
8666,9,52,5,1,2,20,20240101,83,2025-11-16 08:20:51
8667,9,69,3,1,2,21,20240101,71,2025-11-16 08:20:51
8668,8,29,13,1,1,22,20240101,66,2025-11-16 08:20:51
8669,9,34,5,1,1,23,20240101,29,2025-11-16 08:20:51
8670,10,23,18,1,1,0,20240102,39,2025-11-16 08:20:51
8671,6,22,13,1,1,1,20240102,12,2025-11-16 08:20:51
8672,6,47,11,1,1,2,20240102,7,2025-11-16 08:20:51
8673,18,50,10,1,1,4,20240102,4,2025-11-16 08:20:51
8674,18,50,10,1,1,5,20240102,4,2025-11-16 08:20:51
8675,13,49,14,1,1,6,20240102,14,2025-11-16 08:20:51
8676,1,26,14,1,1,7,20240102,16,2025-11-16 08:20:51
8677,1,24,3,1,1,8,20240102,53,2025-11-16 08:20:51
8678,1,24,1,1,1,9,20240102,68,2025-11-16 08:20:51
8679,13,24,4,1,1,10,20240102,109,2025-11-16 08:20:51
8680,13,24,16,1,1,11,20240102,175,2025-11-16 08:20:51
8681,18,43,3,1,1,12,20240102,202,2025-11-16 08:20:51
8682,12,43,5,1,1,13,20240102,176,2025-11-16 08:20:51
8683,12,43,13,1,1,14,20240102,151,2025-11-16 08:20:51
8684,18,42,11,1,1,15,20240102,168,2025-11-16 08:20:51
8685,13,24,13,1,1,16,20240102,154,2025-11-16 08:20:51
8686,13,24,14,1,1,17,20240102,153,2025-11-16 08:20:51
8687,13,40,3,1,1,18,20240102,126,2025-11-16 08:20:51
8688,1,42,7,1,1,19,20240102,93,2025-11-16 08:20:51
8689,1,49,7,1,1,20,20240102,88,2025-11-16 08:20:51
8690,1,49,10,1,2,21,20240102,66,2025-11-16 08:20:51
8691,2,19,4,1,2,22,20240102,39,2025-11-16 08:20:51
8692,2,19,3,1,1,23,20240102,34,2025-11-16 08:20:51
8693,3,34,3,1,1,0,20240103,13,2025-11-16 08:20:51
8694,16,29,7,1,1,1,20240103,6,2025-11-16 08:20:51
8695,16,34,3,1,1,2,20240103,3,2025-11-16 08:20:51
8696,14,29,4,1,1,3,20240103,2,2025-11-16 08:20:51
8697,14,29,3,1,1,4,20240103,5,2025-11-16 08:20:51
8698,15,48,6,1,1,5,20240103,12,2025-11-16 08:20:51
8699,15,30,4,1,1,6,20240103,85,2025-11-16 08:20:51
8700,15,30,3,1,1,7,20240103,170,2025-11-16 08:20:51
8701,14,29,4,1,1,8,20240103,354,2025-11-16 08:20:51
8702,14,21,4,1,1,9,20240103,153,2025-11-16 08:20:51
8703,14,20,18,1,1,10,20240103,60,2025-11-16 08:20:51
8704,16,39,19,1,1,11,20240103,75,2025-11-16 08:20:51
8705,16,39,19,1,1,12,20240103,74,2025-11-16 08:20:51
8706,16,47,21,1,1,13,20240103,73,2025-11-16 08:20:51
8707,14,22,19,1,1,14,20240103,79,2025-11-16 08:20:51
8708,14,39,13,1,1,15,20240103,77,2025-11-16 08:20:51
8709,15,18,20,1,1,16,20240103,136,2025-11-16 08:20:51
8710,15,61,18,1,1,17,20240103,245,2025-11-16 08:20:51
8711,15,61,19,1,1,18,20240103,224,2025-11-16 08:20:51
8712,17,41,13,1,1,19,20240103,156,2025-11-16 08:20:51
8713,17,40,3,1,1,20,20240103,115,2025-11-16 08:20:51
8714,19,43,7,1,1,21,20240103,68,2025-11-16 08:20:51
8715,19,16,3,1,1,22,20240103,33,2025-11-16 08:20:51
8716,19,16,14,1,1,23,20240103,18,2025-11-16 08:20:51
8717,20,17,10,1,1,0,20240104,9,2025-11-16 08:20:51
8718,22,42,5,1,1,1,20240104,3,2025-11-16 08:20:51
8719,23,47,4,1,1,2,20240104,1,2025-11-16 08:20:51
8720,23,47,4,1,1,3,20240104,1,2025-11-16 08:20:51
8721,23,49,6,1,1,4,20240104,2,2025-11-16 08:20:51
8722,23,49,6,1,1,5,20240104,14,2025-11-16 08:20:51
8723,23,49,9,1,1,6,20240104,59,2025-11-16 08:20:51
8724,23,19,6,1,1,7,20240104,152,2025-11-16 08:20:51
8725,23,19,8,1,1,8,20240104,315,2025-11-16 08:20:51
8726,22,50,8,1,1,9,20240104,180,2025-11-16 08:20:51
8727,21,50,1,1,1,10,20240104,64,2025-11-16 08:20:51
8728,20,17,2,1,2,11,20240104,46,2025-11-16 08:20:51
8729,19,16,6,1,2,12,20240104,84,2025-11-16 08:20:51
8730,15,22,3,1,2,13,20240104,91,2025-11-16 08:20:51
8731,15,16,3,1,2,14,20240104,75,2025-11-16 08:20:51
8732,16,39,10,1,2,15,20240104,90,2025-11-16 08:20:51
8733,16,23,4,1,2,16,20240104,131,2025-11-16 08:20:51
8734,3,23,6,1,2,17,20240104,281,2025-11-16 08:20:51
8735,3,39,8,1,2,18,20240104,289,2025-11-16 08:20:51
8736,3,23,15,1,2,19,20240104,184,2025-11-16 08:20:51
8737,3,23,6,1,2,20,20240104,123,2025-11-16 08:20:51
8738,3,19,1,1,2,21,20240104,90,2025-11-16 08:20:51
8739,3,20,2,1,2,22,20240104,52,2025-11-16 08:20:51
8740,3,19,15,1,2,23,20240104,32,2025-11-16 08:20:51
8741,2,20,6,1,2,0,20240105,14,2025-11-16 08:20:51
8742,3,34,2,1,1,1,20240105,5,2025-11-16 08:20:51
8743,3,34,2,1,1,2,20240105,4,2025-11-16 08:20:51
8744,3,54,1,1,1,3,20240105,4,2025-11-16 08:20:51
8745,3,30,2,1,2,4,20240105,5,2025-11-16 08:20:51
8746,3,30,2,1,2,5,20240105,26,2025-11-16 08:20:51
8747,3,3,8,1,2,6,20240105,78,2025-11-16 08:20:51
8748,3,28,2,1,2,7,20240105,215,2025-11-16 08:20:51
8749,3,3,1,1,2,8,20240105,388,2025-11-16 08:20:51
8750,2,28,1,1,2,9,20240105,227,2025-11-16 08:20:51
8751,1,36,2,1,2,10,20240105,86,2025-11-16 08:20:51
8752,12,37,1,1,1,11,20240105,84,2025-11-16 08:20:51
8753,12,37,3,1,1,12,20240105,120,2025-11-16 08:20:51
8754,11,17,5,1,1,13,20240105,118,2025-11-16 08:20:51
8755,11,18,4,1,1,14,20240105,117,2025-11-16 08:20:51
8756,6,47,4,1,1,15,20240105,119,2025-11-16 08:20:51
8757,6,47,4,1,1,16,20240105,197,2025-11-16 08:20:51
8758,6,47,6,1,2,17,20240105,412,2025-11-16 08:20:51
8759,11,43,9,1,1,18,20240105,383,2025-11-16 08:20:51
8760,11,47,2,1,1,19,20240105,265,2025-11-16 08:20:51
8761,12,37,1,1,1,20,20240105,177,2025-11-16 08:20:51
8762,13,55,8,1,1,21,20240105,97,2025-11-16 08:20:51
8763,13,55,9,1,1,22,20240105,71,2025-11-16 08:20:51
8764,1,57,15,1,1,23,20240105,60,2025-11-16 08:20:51
8765,2,3,2,1,1,0,20240106,25,2025-11-16 08:20:51
8766,2,3,1,1,1,1,20240106,8,2025-11-16 08:20:51
8767,2,28,9,1,1,2,20240106,5,2025-11-16 08:20:51
8768,2,28,15,1,1,3,20240106,4,2025-11-16 08:20:51
8769,2,28,8,1,1,4,20240106,3,2025-11-16 08:20:51
8770,3,2,8,1,2,5,20240106,13,2025-11-16 08:20:51
8771,2,63,15,1,2,6,20240106,70,2025-11-16 08:20:51
8772,1,56,1,1,2,7,20240106,205,2025-11-16 08:20:51
8773,1,57,8,1,1,8,20240106,447,2025-11-16 08:20:51
8774,1,57,9,1,1,9,20240106,241,2025-11-16 08:20:51
8775,13,56,6,1,1,10,20240106,116,2025-11-16 08:20:51
8776,12,35,9,1,1,11,20240106,138,2025-11-16 08:20:51
8777,6,21,3,1,1,12,20240106,191,2025-11-16 08:20:51
8778,10,22,4,1,1,13,20240106,204,2025-11-16 08:20:51
8779,8,43,6,1,1,14,20240106,178,2025-11-16 08:20:51
8780,24,58,3,1,1,15,20240106,222,2025-11-16 08:20:51
8781,24,58,4,1,1,16,20240106,294,2025-11-16 08:20:51
8782,8,43,7,1,1,17,20240106,476,2025-11-16 08:20:51
8783,30,45,3,1,1,18,20240106,419,2025-11-16 08:20:51
8784,8,40,4,1,1,19,20240106,272,2025-11-16 08:20:51
8785,7,49,6,1,1,20,20240106,177,2025-11-16 08:20:51
8786,10,22,7,1,1,21,20240106,154,2025-11-16 08:20:51
8787,6,21,6,1,1,22,20240106,135,2025-11-16 08:20:51
8788,6,21,1,1,1,23,20240106,101,2025-11-16 08:20:51
8789,6,21,9,1,1,0,20240107,79,2025-11-16 08:20:51
8790,5,16,9,1,1,1,20240107,62,2025-11-16 08:20:51
8791,6,21,15,1,1,2,20240107,38,2025-11-16 08:20:51
8792,4,15,15,1,1,3,20240107,20,2025-11-16 08:20:51
8793,4,15,2,1,1,4,20240107,10,2025-11-16 08:20:51
8794,13,3,15,1,1,5,20240107,9,2025-11-16 08:20:51
8795,13,3,15,1,1,6,20240107,7,2025-11-16 08:20:51
8796,2,10,6,1,1,7,20240107,20,2025-11-16 08:20:51
8797,1,3,15,1,1,8,20240107,64,2025-11-16 08:20:51
8798,2,2,8,1,1,9,20240107,130,2025-11-16 08:20:51
8799,18,3,2,1,1,10,20240107,203,2025-11-16 08:20:51
8800,11,15,7,1,1,11,20240107,324,2025-11-16 08:20:51
8801,10,22,7,1,1,12,20240107,376,2025-11-16 08:20:51
8802,9,19,6,1,1,13,20240107,445,2025-11-16 08:20:51
8803,30,17,4,1,1,14,20240107,512,2025-11-16 08:20:51
8804,26,39,5,1,1,15,20240107,449,2025-11-16 08:20:51
8805,25,39,4,1,2,16,20240107,401,2025-11-16 08:20:51
8806,29,22,8,1,2,17,20240107,322,2025-11-16 08:20:51
8807,29,50,8,1,1,18,20240107,297,2025-11-16 08:20:51
8808,24,17,15,1,1,19,20240107,215,2025-11-16 08:20:51
8809,30,18,3,1,1,20,20240107,170,2025-11-16 08:20:51
8810,9,19,7,1,1,21,20240107,140,2025-11-16 08:20:51
8811,9,42,3,1,1,22,20240107,109,2025-11-16 08:20:51
8812,7,42,7,1,1,23,20240107,119,2025-11-16 08:20:51
8813,5,23,4,1,1,0,20240108,91,2025-11-16 08:20:51
8814,11,17,6,1,1,1,20240108,72,2025-11-16 08:20:51
8815,6,39,4,1,1,2,20240108,67,2025-11-16 08:20:51
8816,11,17,8,1,1,3,20240108,32,2025-11-16 08:20:51
8817,4,37,3,1,1,4,20240108,6,2025-11-16 08:20:51
8818,4,37,15,1,2,5,20240108,2,2025-11-16 08:20:51
8819,12,36,1,1,2,6,20240108,2,2025-11-16 08:20:51
8820,12,36,1,1,2,7,20240108,24,2025-11-16 08:20:51
8821,12,36,8,1,1,8,20240108,57,2025-11-16 08:20:51
8822,4,46,8,1,1,9,20240108,125,2025-11-16 08:20:51
8823,11,37,9,1,1,10,20240108,208,2025-11-16 08:20:51
8824,6,16,7,1,1,11,20240108,256,2025-11-16 08:20:51
8825,5,22,7,1,1,12,20240108,351,2025-11-16 08:20:51
8826,10,39,5,1,1,13,20240108,343,2025-11-16 08:20:51
8827,10,23,6,1,1,14,20240108,328,2025-11-16 08:20:51
8828,10,39,4,1,1,15,20240108,330,2025-11-16 08:20:51
8829,10,39,5,1,1,16,20240108,314,2025-11-16 08:20:51
8830,5,23,7,1,1,17,20240108,219,2025-11-16 08:20:51
8831,11,16,7,1,1,18,20240108,181,2025-11-16 08:20:51
8832,4,37,6,1,1,19,20240108,112,2025-11-16 08:20:51
8833,12,36,9,1,1,20,20240108,126,2025-11-16 08:20:51
8834,18,35,7,1,1,21,20240108,91,2025-11-16 08:20:51
8835,13,55,15,1,1,22,20240108,58,2025-11-16 08:20:51
8836,13,35,3,1,1,23,20240108,30,2025-11-16 08:20:51
8837,1,55,7,1,1,0,20240109,15,2025-11-16 08:20:51
8838,1,55,8,1,1,1,20240109,5,2025-11-16 08:20:51
8839,1,35,8,1,1,2,20240109,5,2025-11-16 08:20:51
8840,1,36,9,1,1,3,20240109,3,2025-11-16 08:20:51
8841,2,27,15,1,1,4,20240109,4,2025-11-16 08:20:51
8842,3,27,2,1,2,5,20240109,21,2025-11-16 08:20:51
8843,2,55,8,1,2,6,20240109,88,2025-11-16 08:20:51
8844,2,55,15,1,2,7,20240109,240,2025-11-16 08:20:51
8845,2,29,2,1,2,8,20240109,420,2025-11-16 08:20:51
8846,2,27,1,1,2,9,20240109,197,2025-11-16 08:20:51
8847,1,55,1,1,1,10,20240109,108,2025-11-16 08:20:51
8848,13,35,2,1,2,11,20240109,88,2025-11-16 08:20:51
8849,13,35,15,1,2,12,20240109,103,2025-11-16 08:20:51
8850,13,35,15,1,2,13,20240109,80,2025-11-16 08:20:51
8851,2,3,9,1,3,14,20240109,50,2025-11-16 08:20:51
8852,2,3,9,1,3,15,20240109,69,2025-11-16 08:20:51
8853,2,10,2,1,3,16,20240109,49,2025-11-16 08:20:51
8854,2,10,1,1,3,17,20240109,152,2025-11-16 08:20:51
8855,3,4,2,1,4,18,20240109,164,2025-11-16 08:20:51
8856,3,44,2,1,3,19,20240109,190,2025-11-16 08:20:51
8857,3,4,2,1,2,20,20240109,132,2025-11-16 08:20:51
8858,3,44,1,1,2,21,20240109,79,2025-11-16 08:20:51
8859,3,51,15,1,2,22,20240109,62,2025-11-16 08:20:51
8860,2,10,15,1,2,23,20240109,52,2025-11-16 08:20:51
8861,2,10,15,1,2,0,20240110,14,2025-11-16 08:20:51
8862,2,44,15,1,2,1,20240110,5,2025-11-16 08:20:51
8863,2,10,9,1,2,2,20240110,4,2025-11-16 08:20:51
8864,3,4,9,1,2,4,20240110,4,2025-11-16 08:20:51
8865,10,20,7,1,1,5,20240110,23,2025-11-16 08:20:51
8866,16,44,6,1,2,6,20240110,79,2025-11-16 08:20:51
8867,16,44,9,1,2,7,20240110,222,2025-11-16 08:20:51
8868,16,44,9,1,2,8,20240110,471,2025-11-16 08:20:51
8869,16,44,9,1,2,9,20240110,195,2025-11-16 08:20:51
8870,16,44,9,1,2,10,20240110,83,2025-11-16 08:20:51
8871,7,42,5,1,1,11,20240110,101,2025-11-16 08:20:51
8872,7,42,5,1,1,12,20240110,140,2025-11-16 08:20:51
8873,7,42,5,1,1,13,20240110,178,2025-11-16 08:20:51
8874,7,42,5,1,1,14,20240110,106,2025-11-16 08:20:51
8875,7,42,5,1,1,15,20240110,136,2025-11-16 08:20:51
8876,7,42,12,1,1,16,20240110,240,2025-11-16 08:20:51
8877,7,42,3,1,1,17,20240110,460,2025-11-16 08:20:51
8878,10,23,15,1,1,18,20240110,385,2025-11-16 08:20:51
8879,5,16,15,1,1,19,20240110,281,2025-11-16 08:20:51
8880,11,46,15,1,1,20,20240110,200,2025-11-16 08:20:51
8881,4,14,2,1,1,21,20240110,116,2025-11-16 08:20:51
8882,12,57,2,1,1,22,20240110,114,2025-11-16 08:20:51
8883,13,1,15,1,1,23,20240110,41,2025-11-16 08:20:51
8884,13,1,1,1,1,0,20240111,28,2025-11-16 08:20:51
8885,1,10,2,1,1,1,20240111,7,2025-11-16 08:20:51
8886,3,80,9,1,1,2,20240111,5,2025-11-16 08:20:51
8887,2,2,1,1,1,3,20240111,4,2025-11-16 08:20:51
8888,3,2,8,1,1,4,20240111,2,2025-11-16 08:20:51
8889,3,2,8,1,1,5,20240111,22,2025-11-16 08:20:51
8890,3,4,8,1,1,6,20240111,74,2025-11-16 08:20:51
8891,3,2,8,1,1,7,20240111,256,2025-11-16 08:20:51
8892,3,8,15,1,1,8,20240111,499,2025-11-16 08:20:51
8893,3,4,8,1,2,9,20240111,225,2025-11-16 08:20:51
8894,1,10,8,1,2,10,20240111,97,2025-11-16 08:20:51
8895,13,10,2,1,2,11,20240111,99,2025-11-16 08:20:51
8896,12,1,1,1,3,12,20240111,55,2025-11-16 08:20:51
8897,4,5,1,1,3,13,20240111,65,2025-11-16 08:20:51
8898,4,1,15,1,3,14,20240111,73,2025-11-16 08:20:51
8899,11,10,2,1,2,15,20240111,79,2025-11-16 08:20:51
8900,11,10,3,1,2,16,20240111,118,2025-11-16 08:20:51
8901,11,10,7,1,3,17,20240111,134,2025-11-16 08:20:51
8902,11,10,6,1,3,18,20240111,98,2025-11-16 08:20:51
8903,4,44,7,1,3,19,20240111,93,2025-11-16 08:20:51
8904,4,44,9,1,3,20,20240111,57,2025-11-16 08:20:51
8905,11,10,7,1,3,21,20240111,29,2025-11-16 08:20:51
8906,11,10,6,1,3,22,20240111,49,2025-11-16 08:20:51
8907,11,10,7,1,3,23,20240111,9,2025-11-16 08:20:51
8908,11,44,6,1,3,0,20240112,3,2025-11-16 08:20:51
8909,6,44,6,1,3,1,20240112,3,2025-11-16 08:20:51
8910,6,44,3,1,3,2,20240112,2,2025-11-16 08:20:51
8911,6,44,3,1,3,3,20240112,3,2025-11-16 08:20:51
8912,6,44,6,1,3,4,20240112,2,2025-11-16 08:20:51
8913,11,44,2,1,3,5,20240112,16,2025-11-16 08:20:51
8914,6,44,8,1,3,6,20240112,89,2025-11-16 08:20:51
8915,11,10,4,1,2,7,20240112,220,2025-11-16 08:20:51
8916,4,1,6,1,1,8,20240112,508,2025-11-16 08:20:51
8917,4,1,15,1,1,9,20240112,230,2025-11-16 08:20:51
8918,11,1,15,1,1,10,20240112,90,2025-11-16 08:20:51
8919,11,1,15,1,2,11,20240112,119,2025-11-16 08:20:51
8920,11,1,15,1,2,12,20240112,144,2025-11-16 08:20:51
8921,7,6,9,1,1,13,20240112,183,2025-11-16 08:20:51
8922,7,6,9,1,1,14,20240112,156,2025-11-16 08:20:51
8923,9,7,8,1,1,15,20240112,188,2025-11-16 08:20:51
8924,8,69,6,1,1,16,20240112,281,2025-11-16 08:20:51
8925,8,31,9,1,1,17,20240112,495,2025-11-16 08:20:51
8926,9,69,6,1,1,18,20240112,421,2025-11-16 08:20:51
8927,7,13,9,1,2,19,20240112,330,2025-11-16 08:20:51
8928,7,13,6,1,2,20,20240112,240,2025-11-16 08:20:51
8929,9,69,8,1,1,21,20240112,174,2025-11-16 08:20:51
8930,5,5,5,1,1,22,20240112,133,2025-11-16 08:20:51
8931,10,5,10,1,1,23,20240112,67,2025-11-16 08:20:51
8932,10,13,4,1,2,0,20240113,42,2025-11-16 08:20:51
8933,5,5,5,1,2,1,20240113,12,2025-11-16 08:20:51
8934,10,5,12,1,1,2,20240113,14,2025-11-16 08:20:51
8935,6,10,3,1,1,3,20240113,7,2025-11-16 08:20:51
8936,4,57,16,1,3,4,20240113,3,2025-11-16 08:20:51
8937,12,57,17,1,2,5,20240113,21,2025-11-16 08:20:51
8938,13,3,7,1,2,6,20240113,73,2025-11-16 08:20:51
8939,13,55,7,1,1,7,20240113,177,2025-11-16 08:20:51
8940,1,36,12,1,1,8,20240113,419,2025-11-16 08:20:51
8941,2,20,14,1,1,9,20240113,214,2025-11-16 08:20:51
8942,1,19,11,1,1,10,20240113,103,2025-11-16 08:20:51
8943,1,42,22,1,1,11,20240113,114,2025-11-16 08:20:51
8944,1,42,16,1,1,12,20240113,154,2025-11-16 08:20:51
8945,13,40,19,1,1,13,20240113,154,2025-11-16 08:20:51
8946,13,40,17,1,1,14,20240113,129,2025-11-16 08:20:51
8947,13,40,20,1,1,15,20240113,138,2025-11-16 08:20:51
8948,18,25,18,1,1,16,20240113,233,2025-11-16 08:20:51
8949,18,40,13,1,1,17,20240113,332,2025-11-16 08:20:51
8950,13,42,5,1,1,18,20240113,301,2025-11-16 08:20:51
8951,13,42,4,1,1,19,20240113,206,2025-11-16 08:20:51
8952,1,49,9,1,1,20,20240113,136,2025-11-16 08:20:51
8953,1,49,4,1,1,21,20240113,102,2025-11-16 08:20:51
8954,3,20,10,1,1,22,20240113,65,2025-11-16 08:20:51
8955,16,20,6,1,1,23,20240113,65,2025-11-16 08:20:51
8956,14,20,15,1,1,0,20240114,44,2025-11-16 08:20:51
8957,14,20,6,1,1,1,20240114,50,2025-11-16 08:20:51
8958,14,20,9,1,1,2,20240114,38,2025-11-16 08:20:51
8959,15,48,15,1,1,3,20240114,20,2025-11-16 08:20:51
8960,15,21,8,1,1,4,20240114,3,2025-11-16 08:20:51
8961,15,21,8,1,1,5,20240114,4,2025-11-16 08:20:51
8962,15,21,1,1,1,6,20240114,5,2025-11-16 08:20:51
8963,15,21,8,1,1,7,20240114,24,2025-11-16 08:20:51
8964,17,48,15,1,1,8,20240114,92,2025-11-16 08:20:51
8965,15,21,15,1,1,9,20240114,81,2025-11-16 08:20:51
8966,14,20,1,1,1,10,20240114,149,2025-11-16 08:20:51
8967,3,23,6,1,1,11,20240114,178,2025-11-16 08:20:51
8968,2,49,3,1,1,12,20240114,219,2025-11-16 08:20:51
8969,2,19,4,1,1,13,20240114,220,2025-11-16 08:20:51
8970,1,49,5,1,1,14,20240114,231,2025-11-16 08:20:51
8971,1,42,5,1,1,15,20240114,226,2025-11-16 08:20:51
8972,1,42,7,1,1,16,20240114,206,2025-11-16 08:20:51
8973,1,49,3,1,1,17,20240114,144,2025-11-16 08:20:51
8974,2,49,6,1,1,18,20240114,143,2025-11-16 08:20:51
8975,3,20,7,1,1,19,20240114,102,2025-11-16 08:20:51
8976,3,19,3,1,1,20,20240114,103,2025-11-16 08:20:51
8977,16,22,3,1,1,21,20240114,69,2025-11-16 08:20:51
8978,14,20,12,1,1,22,20240114,66,2025-11-16 08:20:51
8979,14,20,7,1,1,23,20240114,76,2025-11-16 08:20:51
8980,14,20,10,1,1,0,20240115,59,2025-11-16 08:20:51
8981,14,20,5,1,2,1,20240115,42,2025-11-16 08:20:51
8982,14,20,4,1,2,2,20240115,43,2025-11-16 08:20:51
8983,14,38,14,1,2,3,20240115,25,2025-11-16 08:20:51
8984,14,20,14,1,2,4,20240115,6,2025-11-16 08:20:51
8985,14,20,10,1,2,5,20240115,5,2025-11-16 08:20:51
8986,15,21,4,1,2,6,20240115,8,2025-11-16 08:20:51
8987,17,48,4,1,1,7,20240115,17,2025-11-16 08:20:51
8988,17,48,7,1,1,8,20240115,36,2025-11-16 08:20:51
8989,17,48,6,1,1,9,20240115,90,2025-11-16 08:20:51
8990,15,48,4,1,1,10,20240115,126,2025-11-16 08:20:51
8991,14,20,7,1,1,11,20240115,165,2025-11-16 08:20:51
8992,16,23,5,1,1,12,20240115,234,2025-11-16 08:20:51
8993,3,47,4,1,1,13,20240115,224,2025-11-16 08:20:51
8994,3,26,12,1,1,14,20240115,188,2025-11-16 08:20:51
8995,2,58,6,1,1,15,20240115,206,2025-11-16 08:20:51
8996,2,45,5,1,1,16,20240115,205,2025-11-16 08:20:51
8997,2,60,3,1,1,17,20240115,146,2025-11-16 08:20:51
8998,16,45,7,1,1,18,20240115,120,2025-11-16 08:20:51
8999,14,39,9,1,1,19,20240115,110,2025-11-16 08:20:51
9000,14,39,15,1,1,20,20240115,95,2025-11-16 08:20:51
9001,14,23,9,1,1,21,20240115,72,2025-11-16 08:20:51
9002,16,39,2,1,1,22,20240115,60,2025-11-16 08:20:51
9003,14,22,2,1,1,23,20240115,29,2025-11-16 08:20:51
9004,15,16,8,1,1,0,20240116,25,2025-11-16 08:20:51
9005,15,22,15,1,1,1,20240116,20,2025-11-16 08:20:51
9006,15,16,1,1,1,2,20240116,17,2025-11-16 08:20:51
9007,17,21,1,1,1,3,20240116,3,2025-11-16 08:20:51
9008,17,53,15,1,1,4,20240116,8,2025-11-16 08:20:51
9009,17,48,2,1,1,5,20240116,6,2025-11-16 08:20:51
9010,19,48,2,1,1,6,20240116,13,2025-11-16 08:20:51
9011,19,48,15,1,1,7,20240116,33,2025-11-16 08:20:51
9012,19,53,9,1,1,8,20240116,78,2025-11-16 08:20:51
9013,19,53,9,1,1,9,20240116,96,2025-11-16 08:20:51
9014,15,30,6,1,2,10,20240116,126,2025-11-16 08:20:51
9015,14,30,3,1,1,11,20240116,179,2025-11-16 08:20:51
9016,3,29,10,1,1,12,20240116,185,2025-11-16 08:20:51
9017,1,49,13,1,2,13,20240116,228,2025-11-16 08:20:51
9018,1,19,14,1,1,14,20240116,181,2025-11-16 08:20:51
9019,13,19,11,1,1,15,20240116,192,2025-11-16 08:20:51
9020,13,19,12,1,1,16,20240116,180,2025-11-16 08:20:51
9021,13,38,10,1,1,17,20240116,193,2025-11-16 08:20:51
9022,13,36,10,1,1,18,20240116,181,2025-11-16 08:20:51
9023,13,35,4,1,1,19,20240116,144,2025-11-16 08:20:51
9024,13,55,4,1,1,20,20240116,90,2025-11-16 08:20:51
9025,18,36,10,1,1,21,20240116,49,2025-11-16 08:20:51
9026,12,37,12,1,2,22,20240116,43,2025-11-16 08:20:51
9027,13,57,5,1,3,23,20240116,28,2025-11-16 08:20:51
9028,13,57,10,1,2,0,20240117,12,2025-11-16 08:20:51
9029,18,56,12,1,2,1,20240117,2,2025-11-16 08:20:51
9030,18,3,3,1,3,2,20240117,12,2025-11-16 08:20:51
9031,4,14,10,1,3,4,20240117,2,2025-11-16 08:20:51
9032,4,14,10,1,3,5,20240117,13,2025-11-16 08:20:51
9033,12,3,3,1,3,6,20240117,57,2025-11-16 08:20:51
9034,12,1,7,1,3,7,20240117,126,2025-11-16 08:20:51
9035,12,1,4,1,3,8,20240117,93,2025-11-16 08:20:51
9036,4,1,3,1,3,9,20240117,68,2025-11-16 08:20:51
9037,12,10,3,1,3,10,20240117,62,2025-11-16 08:20:51
9038,11,10,15,1,2,11,20240117,75,2025-11-16 08:20:51
9039,4,10,4,1,2,12,20240117,86,2025-11-16 08:20:51
9040,5,5,10,1,2,13,20240117,103,2025-11-16 08:20:51
9041,9,52,16,1,1,14,20240117,132,2025-11-16 08:20:51
9042,9,52,16,1,1,15,20240117,129,2025-11-16 08:20:51
9043,8,31,17,1,1,16,20240117,219,2025-11-16 08:20:51
9044,8,31,11,1,1,17,20240117,462,2025-11-16 08:20:51
9045,8,31,11,1,1,18,20240117,463,2025-11-16 08:20:51
9046,8,31,13,1,1,19,20240117,308,2025-11-16 08:20:51
9047,8,31,12,1,1,20,20240117,180,2025-11-16 08:20:51
9048,8,69,18,1,1,21,20240117,180,2025-11-16 08:20:51
9049,8,7,14,1,1,22,20240117,90,2025-11-16 08:20:51
9050,8,7,14,1,1,23,20240117,61,2025-11-16 08:20:51
9051,8,6,10,1,2,0,20240118,17,2025-11-16 08:20:51
9052,8,6,10,1,2,1,20240118,10,2025-11-16 08:20:51
9053,9,34,16,1,2,2,20240118,2,2025-11-16 08:20:51
9054,9,34,16,1,2,3,20240118,4,2025-11-16 08:20:51
9055,11,16,19,1,1,4,20240118,1,2025-11-16 08:20:51
9056,11,16,19,1,1,5,20240118,29,2025-11-16 08:20:51
9057,11,43,19,1,1,6,20240118,88,2025-11-16 08:20:51
9058,4,17,12,1,1,7,20240118,263,2025-11-16 08:20:51
9059,12,36,13,1,1,8,20240118,489,2025-11-16 08:20:51
9060,18,36,10,1,1,9,20240118,202,2025-11-16 08:20:51
9061,12,17,18,1,1,10,20240118,93,2025-11-16 08:20:51
9062,12,17,14,1,1,11,20240118,114,2025-11-16 08:20:51
9063,12,18,16,1,1,12,20240118,161,2025-11-16 08:20:51
9064,12,17,18,1,1,13,20240118,130,2025-11-16 08:20:51
9065,12,40,14,1,1,14,20240118,105,2025-11-16 08:20:51
9066,12,40,19,1,1,15,20240118,130,2025-11-16 08:20:51
9067,18,25,19,1,1,16,20240118,176,2025-11-16 08:20:51
9068,13,40,11,1,1,17,20240118,346,2025-11-16 08:20:51
9069,1,26,12,1,1,18,20240118,355,2025-11-16 08:20:51
9070,2,39,14,1,1,19,20240118,256,2025-11-16 08:20:51
9071,2,39,3,1,1,20,20240118,165,2025-11-16 08:20:51
9072,3,23,13,1,1,21,20240118,124,2025-11-16 08:20:51
9073,16,20,3,1,1,22,20240118,78,2025-11-16 08:20:51
9074,14,20,5,1,1,23,20240118,38,2025-11-16 08:20:51
9075,15,21,6,1,1,0,20240119,16,2025-11-16 08:20:51
9076,15,21,9,1,1,1,20240119,5,2025-11-16 08:20:51
9077,15,21,8,1,1,2,20240119,3,2025-11-16 08:20:51
9078,17,48,15,1,1,3,20240119,4,2025-11-16 08:20:51
9079,17,48,15,1,1,4,20240119,1,2025-11-16 08:20:51
9080,17,29,3,1,1,5,20240119,19,2025-11-16 08:20:51
9081,17,48,9,1,1,6,20240119,86,2025-11-16 08:20:51
9082,17,48,2,1,1,7,20240119,206,2025-11-16 08:20:51
9083,17,48,15,1,1,8,20240119,423,2025-11-16 08:20:51
9084,17,48,1,1,1,9,20240119,210,2025-11-16 08:20:51
9085,15,30,1,1,1,10,20240119,108,2025-11-16 08:20:51
9086,14,29,9,1,1,11,20240119,99,2025-11-16 08:20:51
9087,3,34,6,1,1,12,20240119,111,2025-11-16 08:20:51
9088,2,20,4,1,1,13,20240119,124,2025-11-16 08:20:51
9089,1,19,6,1,1,14,20240119,119,2025-11-16 08:20:51
9090,13,19,5,1,1,15,20240119,127,2025-11-16 08:20:51
9091,13,49,10,1,1,16,20240119,193,2025-11-16 08:20:51
9092,13,19,10,1,2,17,20240119,385,2025-11-16 08:20:51
9093,13,19,10,1,2,18,20240119,361,2025-11-16 08:20:51
9094,13,38,5,1,2,19,20240119,234,2025-11-16 08:20:51
9095,13,36,11,1,1,20,20240119,191,2025-11-16 08:20:51
9096,13,19,12,1,1,21,20240119,121,2025-11-16 08:20:51
9097,13,19,13,1,2,22,20240119,90,2025-11-16 08:20:51
9098,13,38,10,1,1,23,20240119,56,2025-11-16 08:20:51
9099,13,38,5,1,2,0,20240120,27,2025-11-16 08:20:51
9100,13,38,8,1,1,1,20240120,15,2025-11-16 08:20:51
9101,13,38,8,1,1,2,20240120,11,2025-11-16 08:20:51
9102,1,36,15,1,1,3,20240120,4,2025-11-16 08:20:51
9103,2,55,15,1,1,4,20240120,3,2025-11-16 08:20:51
9104,2,55,15,1,1,5,20240120,19,2025-11-16 08:20:51
9105,1,55,4,1,1,6,20240120,68,2025-11-16 08:20:51
9106,2,28,7,1,1,7,20240120,185,2025-11-16 08:20:51
9107,2,27,3,1,1,8,20240120,425,2025-11-16 08:20:51
9108,2,20,14,1,1,9,20240120,263,2025-11-16 08:20:51
9109,2,19,4,1,2,10,20240120,97,2025-11-16 08:20:51
9110,3,26,12,1,2,11,20240120,123,2025-11-16 08:20:51
9111,3,47,10,1,2,12,20240120,124,2025-11-16 08:20:51
9112,2,26,5,1,1,13,20240120,156,2025-11-16 08:20:51
9113,2,24,5,1,2,14,20240120,115,2025-11-16 08:20:51
9114,2,24,6,1,2,15,20240120,156,2025-11-16 08:20:51
9115,3,39,9,1,2,16,20240120,174,2025-11-16 08:20:51
9116,2,26,2,1,2,17,20240120,349,2025-11-16 08:20:51
9117,3,47,2,1,2,18,20240120,301,2025-11-16 08:20:51
9118,3,39,15,1,2,19,20240120,192,2025-11-16 08:20:51
9119,3,47,2,1,2,20,20240120,142,2025-11-16 08:20:51
9120,3,39,2,1,2,21,20240120,104,2025-11-16 08:20:51
9121,3,39,7,1,2,22,20240120,72,2025-11-16 08:20:51
9122,14,27,7,1,3,23,20240120,38,2025-11-16 08:20:51
9123,14,27,7,1,3,0,20240121,24,2025-11-16 08:20:51
9124,15,4,6,1,4,1,20240121,23,2025-11-16 08:20:51
9125,15,4,1,1,3,2,20240121,26,2025-11-16 08:20:51
9126,15,44,2,1,3,3,20240121,13,2025-11-16 08:20:51
9127,14,4,2,1,3,4,20240121,1,2025-11-16 08:20:51
9128,14,4,15,1,3,5,20240121,2,2025-11-16 08:20:51
9129,14,44,9,1,3,6,20240121,1,2025-11-16 08:20:51
9130,14,44,9,1,3,7,20240121,13,2025-11-16 08:20:51
9131,14,44,3,1,2,8,20240121,25,2025-11-16 08:20:51
9132,14,44,3,1,2,9,20240121,42,2025-11-16 08:20:51
9133,14,44,3,1,3,10,20240121,45,2025-11-16 08:20:51
9134,16,4,15,1,2,11,20240121,63,2025-11-16 08:20:51
9135,3,2,9,1,2,12,20240121,67,2025-11-16 08:20:51
9136,3,2,3,1,2,13,20240121,76,2025-11-16 08:20:51
9137,3,2,6,1,3,14,20240121,95,2025-11-16 08:20:51
9138,3,2,6,1,3,15,20240121,119,2025-11-16 08:20:51
9139,3,2,5,1,2,16,20240121,118,2025-11-16 08:20:51
9140,3,2,14,1,2,17,20240121,106,2025-11-16 08:20:51
9141,3,3,14,1,2,18,20240121,110,2025-11-16 08:20:51
9142,16,2,14,1,2,19,20240121,85,2025-11-16 08:20:51
9143,16,2,5,1,2,20,20240121,67,2025-11-16 08:20:51
9144,16,33,10,1,1,21,20240121,69,2025-11-16 08:20:51
9145,16,33,5,1,2,22,20240121,59,2025-11-16 08:20:51
9146,14,2,3,1,2,23,20240121,52,2025-11-16 08:20:51
9147,14,2,5,1,1,0,20240122,52,2025-11-16 08:20:51
9148,16,33,5,1,2,1,20240122,50,2025-11-16 08:20:51
9149,16,33,4,1,2,2,20240122,47,2025-11-16 08:20:51
9150,16,28,4,1,2,3,20240122,21,2025-11-16 08:20:51
9151,14,2,4,1,3,4,20240122,2,2025-11-16 08:20:51
9152,14,33,7,1,3,5,20240122,3,2025-11-16 08:20:51
9153,14,33,7,1,2,6,20240122,4,2025-11-16 08:20:51
9154,14,33,7,1,2,7,20240122,13,2025-11-16 08:20:51
9155,14,33,7,1,2,8,20240122,32,2025-11-16 08:20:51
9156,14,33,7,1,2,9,20240122,63,2025-11-16 08:20:51
9157,14,33,4,1,2,10,20240122,129,2025-11-16 08:20:51
9158,14,2,3,1,3,11,20240122,133,2025-11-16 08:20:51
9159,14,2,7,1,2,12,20240122,185,2025-11-16 08:20:51
9160,14,2,8,1,2,13,20240122,199,2025-11-16 08:20:51
9161,14,2,9,1,2,14,20240122,182,2025-11-16 08:20:51
9162,14,2,6,1,2,15,20240122,176,2025-11-16 08:20:51
9163,14,2,6,1,2,16,20240122,155,2025-11-16 08:20:51
9164,14,2,15,1,2,17,20240122,108,2025-11-16 08:20:51
9165,14,4,15,1,3,18,20240122,121,2025-11-16 08:20:51
9166,14,4,15,1,3,19,20240122,89,2025-11-16 08:20:51
9167,14,4,9,1,3,20,20240122,74,2025-11-16 08:20:51
9168,14,4,15,1,3,21,20240122,44,2025-11-16 08:20:51
9169,14,44,2,1,2,22,20240122,58,2025-11-16 08:20:51
9170,14,44,15,1,2,23,20240122,37,2025-11-16 08:20:51
9171,16,4,1,1,2,0,20240123,19,2025-11-16 08:20:51
9172,16,4,15,1,2,1,20240123,4,2025-11-16 08:20:51
9173,16,4,15,1,2,2,20240123,2,2025-11-16 08:20:51
9174,16,4,1,1,2,3,20240123,1,2025-11-16 08:20:51
9175,3,2,1,1,2,4,20240123,1,2025-11-16 08:20:51
9176,3,4,1,1,2,5,20240123,19,2025-11-16 08:20:51
9177,3,4,1,1,2,6,20240123,42,2025-11-16 08:20:51
9178,3,4,1,1,3,7,20240123,122,2025-11-16 08:20:51
9179,3,4,8,1,3,8,20240123,272,2025-11-16 08:20:51
9180,3,4,2,1,2,9,20240123,211,2025-11-16 08:20:51
9181,3,44,1,1,2,10,20240123,149,2025-11-16 08:20:51
9182,3,44,2,1,2,11,20240123,62,2025-11-16 08:20:51
9183,2,44,1,1,2,12,20240123,62,2025-11-16 08:20:51
9184,2,44,2,1,3,13,20240123,37,2025-11-16 08:20:51
9185,2,44,6,1,3,14,20240123,61,2025-11-16 08:20:51
9186,2,12,7,1,2,15,20240123,74,2025-11-16 08:20:51
9187,1,44,9,1,2,16,20240123,122,2025-11-16 08:20:51
9188,1,78,15,1,2,17,20240123,276,2025-11-16 08:20:51
9189,1,44,8,1,2,18,20240123,282,2025-11-16 08:20:51
9190,13,44,9,1,2,19,20240123,220,2025-11-16 08:20:51
9191,13,12,9,1,2,20,20240123,169,2025-11-16 08:20:51
9192,13,12,4,1,2,21,20240123,120,2025-11-16 08:20:51
9193,13,12,4,1,2,22,20240123,68,2025-11-16 08:20:51
9194,18,44,10,1,2,23,20240123,37,2025-11-16 08:20:51
9195,12,12,4,1,2,0,20240124,25,2025-11-16 08:20:51
9196,4,44,3,1,2,1,20240124,9,2025-11-16 08:20:51
9197,4,44,7,1,2,2,20240124,8,2025-11-16 08:20:51
9198,4,44,8,1,2,3,20240124,3,2025-11-16 08:20:51
9199,12,12,2,1,2,4,20240124,2,2025-11-16 08:20:51
9200,12,12,2,1,2,5,20240124,26,2025-11-16 08:20:51
9201,4,44,6,1,2,6,20240124,89,2025-11-16 08:20:51
9202,4,44,8,1,2,7,20240124,232,2025-11-16 08:20:51
9203,4,44,8,1,2,8,20240124,490,2025-11-16 08:20:51
9204,4,10,2,1,2,9,20240124,255,2025-11-16 08:20:51
9205,4,44,2,1,1,10,20240124,116,2025-11-16 08:20:51
9206,11,10,8,1,1,11,20240124,153,2025-11-16 08:20:51
9207,11,10,9,1,1,12,20240124,175,2025-11-16 08:20:51
9208,11,10,9,1,1,13,20240124,203,2025-11-16 08:20:51
9209,6,1,7,1,1,14,20240124,173,2025-11-16 08:20:51
9210,10,13,9,1,2,15,20240124,208,2025-11-16 08:20:51
9211,10,13,8,1,1,16,20240124,278,2025-11-16 08:20:51
9212,7,69,2,1,1,17,20240124,515,2025-11-16 08:20:51
9213,10,52,2,1,1,18,20240124,423,2025-11-16 08:20:51
9214,9,34,2,1,1,19,20240124,331,2025-11-16 08:20:51
9215,4,5,1,1,1,20,20240124,229,2025-11-16 08:20:51
9216,6,13,1,1,1,21,20240124,172,2025-11-16 08:20:51
9217,4,1,1,1,1,22,20240124,125,2025-11-16 08:20:51
9218,4,5,1,1,1,23,20240124,99,2025-11-16 08:20:51
9219,13,44,1,1,1,0,20240125,31,2025-11-16 08:20:51
9220,12,57,7,1,1,1,20240125,13,2025-11-16 08:20:51
9221,18,57,6,1,1,2,20240125,6,2025-11-16 08:20:51
9222,13,3,6,1,1,3,20240125,1,2025-11-16 08:20:51
9223,13,57,4,1,1,4,20240125,4,2025-11-16 08:20:51
9224,13,57,4,1,1,5,20240125,33,2025-11-16 08:20:51
9225,1,63,7,1,1,6,20240125,88,2025-11-16 08:20:51
9226,1,3,7,1,1,7,20240125,257,2025-11-16 08:20:51
9227,1,57,3,1,1,8,20240125,513,2025-11-16 08:20:51
9228,1,57,3,1,1,9,20240125,236,2025-11-16 08:20:51
9229,13,57,10,1,2,10,20240125,141,2025-11-16 08:20:51
9230,12,54,5,1,2,11,20240125,157,2025-11-16 08:20:51
9231,4,46,8,1,1,12,20240125,193,2025-11-16 08:20:51
9232,11,37,8,1,1,13,20240125,212,2025-11-16 08:20:51
9233,11,37,2,1,1,14,20240125,160,2025-11-16 08:20:51
9234,6,16,1,1,1,15,20240125,155,2025-11-16 08:20:51
9235,11,46,9,1,1,16,20240125,246,2025-11-16 08:20:51
9236,6,46,9,1,1,17,20240125,470,2025-11-16 08:20:51
9237,4,14,8,1,1,18,20240125,439,2025-11-16 08:20:51
9238,11,46,1,1,2,19,20240125,316,2025-11-16 08:20:51
9239,4,54,6,1,1,20,20240125,235,2025-11-16 08:20:51
9240,12,56,1,1,1,21,20240125,185,2025-11-16 08:20:51
9241,12,56,2,1,1,22,20240125,113,2025-11-16 08:20:51
9242,18,56,1,1,2,23,20240125,66,2025-11-16 08:20:51
9243,18,3,15,1,2,0,20240126,25,2025-11-16 08:20:51
9244,18,3,1,1,2,1,20240126,21,2025-11-16 08:20:51
9245,18,3,9,1,2,2,20240126,7,2025-11-16 08:20:51
9246,18,3,2,1,2,3,20240126,6,2025-11-16 08:20:51
9247,18,3,1,1,1,4,20240126,3,2025-11-16 08:20:51
9248,12,3,15,1,2,5,20240126,28,2025-11-16 08:20:51
9249,18,1,1,1,2,6,20240126,88,2025-11-16 08:20:51
9250,18,1,2,1,2,7,20240126,239,2025-11-16 08:20:51
9251,18,1,2,1,2,8,20240126,530,2025-11-16 08:20:51
9252,12,1,1,1,2,9,20240126,274,2025-11-16 08:20:51
9253,12,1,8,1,2,10,20240126,108,2025-11-16 08:20:51
9254,12,10,15,1,2,11,20240126,111,2025-11-16 08:20:51
9255,11,1,8,1,2,12,20240126,165,2025-11-16 08:20:51
9256,5,13,1,1,2,13,20240126,173,2025-11-16 08:20:51
9257,10,13,15,1,2,14,20240126,128,2025-11-16 08:20:51
9258,7,13,15,1,2,15,20240126,164,2025-11-16 08:20:51
9259,10,13,2,1,2,16,20240126,224,2025-11-16 08:20:51
9260,7,13,1,1,2,17,20240126,413,2025-11-16 08:20:51
9261,7,13,1,1,2,18,20240126,406,2025-11-16 08:20:51
9262,10,5,15,1,2,19,20240126,313,2025-11-16 08:20:51
9263,10,8,8,1,2,20,20240126,224,2025-11-16 08:20:51
9264,10,5,15,1,2,21,20240126,192,2025-11-16 08:20:51
9265,5,8,15,1,1,22,20240126,142,2025-11-16 08:20:51
9266,10,8,1,1,2,23,20240126,91,2025-11-16 08:20:51
9267,10,8,3,1,2,0,20240127,38,2025-11-16 08:20:51
9268,10,10,7,1,2,1,20240127,29,2025-11-16 08:20:51
9269,7,11,8,1,1,2,20240127,13,2025-11-16 08:20:51
9270,7,11,4,1,2,3,20240127,8,2025-11-16 08:20:51
9271,10,12,5,1,2,4,20240127,4,2025-11-16 08:20:51
9272,7,11,10,1,2,5,20240127,24,2025-11-16 08:20:51
9273,7,12,10,1,2,6,20240127,72,2025-11-16 08:20:51
9274,7,12,5,1,2,7,20240127,134,2025-11-16 08:20:51
9275,30,9,4,1,3,8,20240127,220,2025-11-16 08:20:51
9276,30,9,4,1,3,9,20240127,107,2025-11-16 08:20:51
9277,28,12,9,1,3,10,20240127,126,2025-11-16 08:20:51
9278,28,11,8,1,2,11,20240127,105,2025-11-16 08:20:51
9279,30,9,9,1,2,12,20240127,180,2025-11-16 08:20:51
9280,30,30,18,1,1,13,20240127,201,2025-11-16 08:20:51
9281,30,29,17,1,1,14,20240127,176,2025-11-16 08:20:51
9282,28,34,10,1,1,15,20240127,197,2025-11-16 08:20:51
9283,9,34,17,1,1,16,20240127,267,2025-11-16 08:20:51
9284,7,21,20,1,1,17,20240127,422,2025-11-16 08:20:51
9285,10,21,16,1,1,18,20240127,383,2025-11-16 08:20:51
9286,6,21,14,1,1,19,20240127,251,2025-11-16 08:20:51
9287,11,46,12,1,1,20,20240127,159,2025-11-16 08:20:51
9288,11,46,19,1,1,21,20240127,135,2025-11-16 08:20:51
9289,11,37,14,1,1,22,20240127,119,2025-11-16 08:20:51
9290,4,37,13,1,1,23,20240127,86,2025-11-16 08:20:51
9291,12,36,4,1,1,0,20240128,69,2025-11-16 08:20:51
9292,12,36,9,1,1,1,20240128,58,2025-11-16 08:20:51
9293,13,55,1,1,1,2,20240128,41,2025-11-16 08:20:51
9294,13,55,2,1,1,3,20240128,17,2025-11-16 08:20:51
9295,13,55,9,1,1,4,20240128,8,2025-11-16 08:20:51
9296,1,3,2,1,1,5,20240128,10,2025-11-16 08:20:51
9297,1,57,1,1,1,6,20240128,15,2025-11-16 08:20:51
9298,2,3,1,1,1,7,20240128,31,2025-11-16 08:20:51
9299,3,2,2,1,1,8,20240128,91,2025-11-16 08:20:51
9300,2,2,1,1,1,9,20240128,158,2025-11-16 08:20:51
9301,13,57,8,1,1,10,20240128,191,2025-11-16 08:20:51
9302,12,35,8,1,1,11,20240128,296,2025-11-16 08:20:51
9303,12,54,4,1,1,12,20240128,314,2025-11-16 08:20:51
9304,11,15,3,1,1,13,20240128,373,2025-11-16 08:20:51
9305,5,21,14,1,1,14,20240128,362,2025-11-16 08:20:51
9306,10,20,10,1,1,15,20240128,410,2025-11-16 08:20:51
9307,7,19,12,1,1,16,20240128,407,2025-11-16 08:20:51
9308,7,19,14,1,1,17,20240128,290,2025-11-16 08:20:51
9309,7,49,7,1,1,18,20240128,241,2025-11-16 08:20:51
9310,7,49,17,1,2,19,20240128,206,2025-11-16 08:20:51
9311,10,24,14,1,1,20,20240128,120,2025-11-16 08:20:51
9312,6,45,12,1,1,21,20240128,127,2025-11-16 08:20:51
9313,11,47,6,1,1,22,20240128,103,2025-11-16 08:20:51
9314,4,62,6,1,1,23,20240128,85,2025-11-16 08:20:51
9315,12,40,7,1,1,0,20240129,96,2025-11-16 08:20:51
9316,12,41,12,1,1,1,20240129,73,2025-11-16 08:20:51
9317,18,61,10,1,1,2,20240129,51,2025-11-16 08:20:51
9318,13,41,6,1,1,3,20240129,21,2025-11-16 08:20:51
9319,1,25,1,1,1,4,20240129,5,2025-11-16 08:20:51
9320,3,34,8,1,1,5,20240129,7,2025-11-16 08:20:51
9321,3,23,15,1,1,6,20240129,5,2025-11-16 08:20:51
9322,3,39,8,1,1,7,20240129,12,2025-11-16 08:20:51
9323,16,23,8,1,1,8,20240129,70,2025-11-16 08:20:51
9324,16,22,8,1,1,9,20240129,111,2025-11-16 08:20:51
9325,1,24,8,1,1,10,20240129,191,2025-11-16 08:20:51
9326,18,41,7,1,1,11,20240129,255,2025-11-16 08:20:51
9327,4,61,7,1,1,12,20240129,288,2025-11-16 08:20:51
9328,4,61,7,1,1,13,20240129,316,2025-11-16 08:20:51
9329,4,61,3,1,1,14,20240129,280,2025-11-16 08:20:51
9330,6,60,4,1,1,15,20240129,310,2025-11-16 08:20:51
9331,6,59,13,1,1,16,20240129,322,2025-11-16 08:20:51
9332,6,59,13,1,1,17,20240129,234,2025-11-16 08:20:51
9333,11,65,12,1,1,18,20240129,168,2025-11-16 08:20:51
9334,4,45,3,1,1,19,20240129,159,2025-11-16 08:20:51
9335,12,18,7,1,1,20,20240129,111,2025-11-16 08:20:51
9336,12,40,4,1,1,21,20240129,69,2025-11-16 08:20:51
9337,4,61,14,1,1,22,20240129,64,2025-11-16 08:20:51
9338,12,40,10,1,1,23,20240129,25,2025-11-16 08:20:51
9339,4,61,13,1,2,0,20240130,10,2025-11-16 08:20:51
9340,13,55,12,1,1,1,20240130,9,2025-11-16 08:20:51
9341,1,38,12,1,1,2,20240130,7,2025-11-16 08:20:51
9342,1,38,6,1,1,3,20240130,4,2025-11-16 08:20:51
9343,3,34,8,1,1,4,20240130,5,2025-11-16 08:20:51
9344,3,34,8,1,1,5,20240130,26,2025-11-16 08:20:51
9345,2,19,3,1,1,6,20240130,80,2025-11-16 08:20:51
9346,2,19,4,1,1,7,20240130,225,2025-11-16 08:20:51
9347,3,20,7,1,1,8,20240130,493,2025-11-16 08:20:51
9348,3,20,7,1,1,9,20240130,198,2025-11-16 08:20:51
9349,2,49,4,1,1,10,20240130,85,2025-11-16 08:20:51
9350,13,42,1,1,1,11,20240130,99,2025-11-16 08:20:51
9351,13,24,14,1,1,12,20240130,134,2025-11-16 08:20:51
9352,12,62,6,1,1,13,20240130,132,2025-11-16 08:20:51
9353,4,64,8,1,1,14,20240130,115,2025-11-16 08:20:51
9354,4,64,6,1,1,15,20240130,138,2025-11-16 08:20:51
9355,11,60,6,1,1,16,20240130,221,2025-11-16 08:20:51
9356,6,59,6,1,1,17,20240130,438,2025-11-16 08:20:51
9357,11,65,9,1,1,18,20240130,410,2025-11-16 08:20:51
9358,12,50,15,1,1,19,20240130,306,2025-11-16 08:20:51
9359,12,18,9,1,1,20,20240130,181,2025-11-16 08:20:51
9360,12,17,9,1,1,21,20240130,162,2025-11-16 08:20:51
9361,18,38,7,1,1,22,20240130,94,2025-11-16 08:20:51
9362,13,55,6,1,1,23,20240130,52,2025-11-16 08:20:51
9363,18,36,3,1,1,0,20240131,15,2025-11-16 08:20:51
9364,12,17,5,1,1,1,20240131,8,2025-11-16 08:20:51
9365,12,17,7,1,1,2,20240131,2,2025-11-16 08:20:51
9366,12,50,7,1,1,3,20240131,2,2025-11-16 08:20:51
9367,12,37,6,1,1,4,20240131,1,2025-11-16 08:20:51
9368,12,37,6,1,1,5,20240131,22,2025-11-16 08:20:51
9369,18,36,9,1,1,6,20240131,104,2025-11-16 08:20:51
9370,13,55,6,1,1,7,20240131,279,2025-11-16 08:20:51
9371,13,55,15,1,1,8,20240131,512,2025-11-16 08:20:51
9372,12,36,6,1,1,9,20240131,261,2025-11-16 08:20:51
9373,4,15,6,1,2,10,20240131,144,2025-11-16 08:20:51
9374,10,39,4,1,1,11,20240131,139,2025-11-16 08:20:51
9375,10,22,5,1,1,12,20240131,194,2025-11-16 08:20:51
9376,8,43,7,1,1,13,20240131,198,2025-11-16 08:20:51
9377,30,45,10,1,1,14,20240131,160,2025-11-16 08:20:51
9378,29,61,11,1,1,15,20240131,177,2025-11-16 08:20:51
9379,29,61,11,1,1,16,20240131,307,2025-11-16 08:20:51
9380,29,61,13,1,1,17,20240131,559,2025-11-16 08:20:51
9381,29,64,12,1,1,18,20240131,502,2025-11-16 08:20:51
9382,30,45,4,1,1,19,20240131,328,2025-11-16 08:20:51
9383,10,53,15,1,1,20,20240131,238,2025-11-16 08:20:51
9384,8,40,5,1,1,21,20240131,165,2025-11-16 08:20:51
9385,9,24,5,1,1,22,20240131,129,2025-11-16 08:20:51
9386,9,42,3,1,1,23,20240131,63,2025-11-16 08:20:51
9387,9,42,4,1,1,0,20240201,31,2025-11-16 08:20:51
9388,9,49,4,1,1,1,20240201,4,2025-11-16 08:20:51
9389,9,19,4,1,1,2,20240201,7,2025-11-16 08:20:51
9390,9,19,6,1,1,3,20240201,3,2025-11-16 08:20:51
9391,10,21,9,1,1,4,20240201,1,2025-11-16 08:20:51
9392,10,21,9,1,1,5,20240201,18,2025-11-16 08:20:51
9393,10,48,9,1,3,6,20240201,67,2025-11-16 08:20:51
9394,5,52,2,1,3,7,20240201,208,2025-11-16 08:20:51
9395,6,63,15,1,3,8,20240201,520,2025-11-16 08:20:51
9396,6,13,6,1,2,9,20240201,276,2025-11-16 08:20:51
9397,10,52,8,1,1,10,20240201,133,2025-11-16 08:20:51
9398,10,53,9,1,1,11,20240201,143,2025-11-16 08:20:51
9399,9,48,15,1,1,12,20240201,179,2025-11-16 08:20:51
9400,8,20,7,1,1,13,20240201,186,2025-11-16 08:20:51
9401,33,40,7,1,1,14,20240201,192,2025-11-16 08:20:51
9402,27,24,4,1,1,15,20240201,194,2025-11-16 08:20:51
9403,27,23,7,1,1,16,20240201,283,2025-11-16 08:20:51
9404,26,22,6,1,1,17,20240201,539,2025-11-16 08:20:51
9405,25,16,9,1,1,18,20240201,526,2025-11-16 08:20:51
9406,29,36,4,1,1,19,20240201,335,2025-11-16 08:20:51
9407,24,36,9,1,1,20,20240201,264,2025-11-16 08:20:51
9408,24,36,9,1,1,21,20240201,233,2025-11-16 08:20:51
9409,30,29,6,1,1,22,20240201,140,2025-11-16 08:20:51
9410,8,31,2,1,1,23,20240201,97,2025-11-16 08:20:51
9411,8,30,8,1,1,0,20240202,31,2025-11-16 08:20:51
9412,8,29,1,1,2,1,20240202,17,2025-11-16 08:20:51
9413,7,69,8,1,2,2,20240202,9,2025-11-16 08:20:51
9414,7,69,8,1,2,3,20240202,2,2025-11-16 08:20:51
9415,10,8,2,1,3,4,20240202,1,2025-11-16 08:20:51
9416,10,8,1,1,3,5,20240202,19,2025-11-16 08:20:51
9417,6,82,1,1,3,6,20240202,74,2025-11-16 08:20:51
9418,6,44,1,1,3,7,20240202,205,2025-11-16 08:20:51
9419,10,10,1,1,3,8,20240202,445,2025-11-16 08:20:51
9420,5,10,1,1,3,9,20240202,228,2025-11-16 08:20:51
9421,7,6,15,1,3,10,20240202,78,2025-11-16 08:20:51
9422,10,8,3,1,3,11,20240202,105,2025-11-16 08:20:51
9423,7,8,1,1,1,12,20240202,148,2025-11-16 08:20:51
9424,7,6,1,1,2,13,20240202,137,2025-11-16 08:20:51
9425,10,5,15,1,1,14,20240202,141,2025-11-16 08:20:51
9426,8,69,9,1,1,15,20240202,174,2025-11-16 08:20:51
9427,8,29,4,1,1,16,20240202,229,2025-11-16 08:20:51
9428,7,48,16,1,1,17,20240202,450,2025-11-16 08:20:51
9429,10,22,18,1,1,18,20240202,410,2025-11-16 08:20:51
9430,5,22,19,1,1,19,20240202,327,2025-11-16 08:20:51
9431,6,16,19,1,1,20,20240202,213,2025-11-16 08:20:51
9432,11,16,13,1,1,21,20240202,148,2025-11-16 08:20:51
9433,4,37,13,1,1,22,20240202,109,2025-11-16 08:20:51
9434,4,37,3,1,1,23,20240202,61,2025-11-16 08:20:51
9435,4,46,14,1,1,0,20240203,38,2025-11-16 08:20:51
9436,12,35,10,1,1,1,20240203,22,2025-11-16 08:20:51
9437,12,36,7,1,1,2,20240203,6,2025-11-16 08:20:51
9438,18,35,5,1,1,3,20240203,4,2025-11-16 08:20:51
9439,13,55,7,1,1,4,20240203,2,2025-11-16 08:20:51
9440,13,55,7,1,1,5,20240203,17,2025-11-16 08:20:51
9441,1,56,9,1,1,6,20240203,88,2025-11-16 08:20:51
9442,1,56,7,1,1,7,20240203,226,2025-11-16 08:20:51
9443,1,56,7,1,1,8,20240203,441,2025-11-16 08:20:51
9444,1,56,6,1,1,9,20240203,270,2025-11-16 08:20:51
9445,18,35,4,1,1,10,20240203,129,2025-11-16 08:20:51
9446,4,46,5,1,1,11,20240203,164,2025-11-16 08:20:51
9447,11,16,8,1,1,12,20240203,216,2025-11-16 08:20:51
9448,6,16,1,1,1,13,20240203,198,2025-11-16 08:20:51
9449,6,16,7,1,1,14,20240203,170,2025-11-16 08:20:51
9450,5,23,1,1,1,15,20240203,216,2025-11-16 08:20:51
9451,10,39,15,1,1,16,20240203,311,2025-11-16 08:20:51
9452,10,39,2,1,1,17,20240203,488,2025-11-16 08:20:51
9453,5,23,8,1,1,18,20240203,385,2025-11-16 08:20:51
9454,11,37,15,1,1,19,20240203,267,2025-11-16 08:20:51
9455,11,37,15,1,1,20,20240203,163,2025-11-16 08:20:51
9456,11,37,15,1,1,21,20240203,134,2025-11-16 08:20:51
9457,11,37,15,1,1,22,20240203,119,2025-11-16 08:20:51
9458,13,57,15,1,1,23,20240203,77,2025-11-16 08:20:51
9459,13,57,15,1,1,0,20240204,86,2025-11-16 08:20:51
9460,13,57,15,1,1,1,20240204,43,2025-11-16 08:20:51
9461,1,57,2,1,1,2,20240204,44,2025-11-16 08:20:51
9462,1,3,1,1,1,3,20240204,18,2025-11-16 08:20:51
9463,1,1,2,1,1,4,20240204,6,2025-11-16 08:20:51
9464,1,1,2,1,1,5,20240204,4,2025-11-16 08:20:51
9465,2,10,8,1,1,6,20240204,5,2025-11-16 08:20:51
9466,1,10,8,1,2,7,20240204,28,2025-11-16 08:20:51
9467,1,10,1,1,1,8,20240204,90,2025-11-16 08:20:51
9468,1,1,8,1,1,9,20240204,157,2025-11-16 08:20:51
9469,1,10,15,1,1,10,20240204,224,2025-11-16 08:20:51
9470,12,57,1,1,1,11,20240204,270,2025-11-16 08:20:51
9471,12,57,2,1,2,12,20240204,300,2025-11-16 08:20:51
9472,12,57,6,1,2,13,20240204,302,2025-11-16 08:20:51
9473,4,14,7,1,2,14,20240204,276,2025-11-16 08:20:51
9474,4,14,7,1,2,15,20240204,305,2025-11-16 08:20:51
9475,11,54,9,1,2,16,20240204,143,2025-11-16 08:20:51
9476,12,57,6,1,3,17,20240204,67,2025-11-16 08:20:51
9477,18,3,9,1,3,18,20240204,64,2025-11-16 08:20:51
9478,13,10,8,1,3,19,20240204,80,2025-11-16 08:20:51
9479,1,44,6,1,3,20,20240204,77,2025-11-16 08:20:51
9480,1,44,8,1,3,21,20240204,78,2025-11-16 08:20:51
9481,1,10,2,1,2,22,20240204,95,2025-11-16 08:20:51
9482,1,10,8,1,2,23,20240204,70,2025-11-16 08:20:51
9483,1,10,8,1,2,0,20240205,61,2025-11-16 08:20:51
9484,1,44,15,1,2,1,20240205,51,2025-11-16 08:20:51
9485,1,44,15,1,2,2,20240205,63,2025-11-16 08:20:51
9486,1,10,2,1,3,3,20240205,17,2025-11-16 08:20:51
9487,1,10,8,1,2,4,20240205,9,2025-11-16 08:20:51
9488,13,1,6,1,3,5,20240205,4,2025-11-16 08:20:51
9489,13,57,3,1,2,6,20240205,4,2025-11-16 08:20:51
9490,1,3,9,1,2,7,20240205,16,2025-11-16 08:20:51
9491,1,3,9,1,2,8,20240205,62,2025-11-16 08:20:51
9492,1,57,7,1,2,9,20240205,92,2025-11-16 08:20:51
9493,13,56,4,1,2,10,20240205,148,2025-11-16 08:20:51
9494,13,57,6,1,2,11,20240205,182,2025-11-16 08:20:51
9495,13,56,6,1,2,12,20240205,248,2025-11-16 08:20:51
9496,18,54,9,1,2,13,20240205,274,2025-11-16 08:20:51
9497,12,54,9,1,1,14,20240205,243,2025-11-16 08:20:51
9498,12,35,3,1,2,15,20240205,272,2025-11-16 08:20:51
9499,12,35,7,1,1,16,20240205,296,2025-11-16 08:20:51
9500,4,46,9,1,1,17,20240205,306,2025-11-16 08:20:51
9501,12,36,3,1,1,18,20240205,181,2025-11-16 08:20:51
9502,12,36,7,1,1,19,20240205,69,2025-11-16 08:20:51
9503,18,35,6,1,1,20,20240205,50,2025-11-16 08:20:51
9504,18,35,15,1,1,21,20240205,66,2025-11-16 08:20:51
9505,13,55,15,1,1,22,20240205,191,2025-11-16 08:20:51
9506,1,57,8,1,1,23,20240205,42,2025-11-16 08:20:51
9507,1,56,8,1,1,0,20240206,21,2025-11-16 08:20:51
9508,2,3,2,1,1,1,20240206,6,2025-11-16 08:20:51
9509,2,3,1,1,1,2,20240206,3,2025-11-16 08:20:51
9510,16,2,15,1,1,4,20240206,2,2025-11-16 08:20:51
9511,16,2,15,1,1,5,20240206,17,2025-11-16 08:20:51
9512,14,4,15,1,1,6,20240206,72,2025-11-16 08:20:51
9513,14,4,15,1,1,7,20240206,234,2025-11-16 08:20:51
9514,14,4,8,1,1,8,20240206,444,2025-11-16 08:20:51
9515,16,2,15,1,1,9,20240206,277,2025-11-16 08:20:51
9516,2,3,15,1,1,10,20240206,116,2025-11-16 08:20:51
9517,13,57,8,1,1,11,20240206,116,2025-11-16 08:20:51
9518,4,54,9,1,1,12,20240206,150,2025-11-16 08:20:51
9519,5,23,7,1,1,13,20240206,141,2025-11-16 08:20:51
9520,10,24,9,1,1,14,20240206,140,2025-11-16 08:20:51
9521,7,26,4,1,1,15,20240206,171,2025-11-16 08:20:51
9522,10,22,3,1,1,16,20240206,228,2025-11-16 08:20:51
9523,10,22,3,1,1,17,20240206,430,2025-11-16 08:20:51
9524,5,22,7,1,1,18,20240206,437,2025-11-16 08:20:51
9525,6,22,3,1,1,19,20240206,291,2025-11-16 08:20:51
9526,11,16,9,1,1,20,20240206,201,2025-11-16 08:20:51
9527,4,15,9,1,1,21,20240206,154,2025-11-16 08:20:51
9528,12,56,8,1,1,22,20240206,87,2025-11-16 08:20:51
9529,12,56,8,1,1,23,20240206,46,2025-11-16 08:20:51
9530,12,57,6,1,1,0,20240207,23,2025-11-16 08:20:51
9531,18,54,8,1,1,1,20240207,14,2025-11-16 08:20:51
9532,12,54,1,1,1,2,20240207,4,2025-11-16 08:20:51
9533,12,57,1,1,2,3,20240207,2,2025-11-16 08:20:51
9534,12,57,1,1,2,4,20240207,3,2025-11-16 08:20:51
9535,4,37,2,1,1,5,20240207,15,2025-11-16 08:20:51
9536,4,50,5,1,1,6,20240207,100,2025-11-16 08:20:51
9537,4,50,1,1,1,7,20240207,299,2025-11-16 08:20:51
9538,12,37,1,1,1,8,20240207,529,2025-11-16 08:20:51
9539,4,37,1,1,1,9,20240207,289,2025-11-16 08:20:51
9540,11,16,9,1,1,10,20240207,116,2025-11-16 08:20:51
9541,6,16,6,1,1,11,20240207,129,2025-11-16 08:20:51
9542,10,23,10,1,1,12,20240207,172,2025-11-16 08:20:51
9543,9,42,3,1,1,13,20240207,184,2025-11-16 08:20:51
9544,9,42,3,1,1,14,20240207,138,2025-11-16 08:20:51
9545,9,42,6,1,1,15,20240207,146,2025-11-16 08:20:51
9546,9,24,3,1,1,16,20240207,276,2025-11-16 08:20:51
9547,9,24,6,1,1,17,20240207,509,2025-11-16 08:20:51
9548,7,42,6,1,1,18,20240207,518,2025-11-16 08:20:51
9549,5,22,7,1,1,19,20240207,338,2025-11-16 08:20:51
9550,6,21,8,1,1,20,20240207,212,2025-11-16 08:20:51
9551,11,54,15,1,1,21,20240207,190,2025-11-16 08:20:51
9552,4,15,6,1,1,22,20240207,118,2025-11-16 08:20:51
9553,4,15,8,1,1,23,20240207,51,2025-11-16 08:20:51
9554,12,35,7,1,1,0,20240208,23,2025-11-16 08:20:51
9555,18,54,9,1,1,1,20240208,10,2025-11-16 08:20:51
9556,13,56,1,1,1,2,20240208,1,2025-11-16 08:20:51
9557,13,56,1,1,1,3,20240208,1,2025-11-16 08:20:51
9558,1,57,2,1,1,4,20240208,1,2025-11-16 08:20:51
9559,1,57,2,1,1,5,20240208,20,2025-11-16 08:20:51
9560,1,57,1,1,2,6,20240208,98,2025-11-16 08:20:51
9561,1,57,15,1,2,7,20240208,281,2025-11-16 08:20:51
9562,1,57,7,1,2,8,20240208,508,2025-11-16 08:20:51
9563,1,57,9,1,2,9,20240208,253,2025-11-16 08:20:51
9564,13,57,7,1,2,10,20240208,108,2025-11-16 08:20:51
9565,13,56,7,1,2,11,20240208,102,2025-11-16 08:20:51
9566,18,56,4,1,2,12,20240208,138,2025-11-16 08:20:51
9567,18,54,15,1,2,13,20240208,126,2025-11-16 08:20:51
9568,12,35,9,1,2,14,20240208,108,2025-11-16 08:20:51
9569,12,54,15,1,3,15,20240208,54,2025-11-16 08:20:51
9570,13,1,15,1,3,16,20240208,75,2025-11-16 08:20:51
9571,1,10,15,1,3,17,20240208,155,2025-11-16 08:20:51
9572,1,10,15,1,3,18,20240208,167,2025-11-16 08:20:51
9573,1,10,15,1,3,19,20240208,161,2025-11-16 08:20:51
9574,1,10,8,1,3,20,20240208,125,2025-11-16 08:20:51
9575,1,10,6,1,3,21,20240208,129,2025-11-16 08:20:51
9576,1,10,8,1,2,22,20240208,98,2025-11-16 08:20:51
9577,1,10,9,1,2,23,20240208,60,2025-11-16 08:20:51
9578,1,10,9,1,2,0,20240209,26,2025-11-16 08:20:51
9579,1,10,8,1,2,1,20240209,12,2025-11-16 08:20:51
9580,2,2,8,1,1,2,20240209,2,2025-11-16 08:20:51
9581,2,2,4,1,1,3,20240209,4,2025-11-16 08:20:51
9582,2,3,11,1,2,4,20240209,1,2025-11-16 08:20:51
9583,3,3,4,1,1,5,20240209,18,2025-11-16 08:20:51
9584,3,3,4,1,1,6,20240209,76,2025-11-16 08:20:51
9585,3,28,3,1,1,7,20240209,267,2025-11-16 08:20:51
9586,3,27,3,1,1,8,20240209,484,2025-11-16 08:20:51
9587,3,30,7,1,1,9,20240209,238,2025-11-16 08:20:51
9588,2,34,7,1,1,10,20240209,97,2025-11-16 08:20:51
9589,1,36,7,1,1,11,20240209,99,2025-11-16 08:20:51
9590,13,38,10,1,1,12,20240209,158,2025-11-16 08:20:51
9591,12,17,10,1,1,13,20240209,154,2025-11-16 08:20:51
9592,4,18,5,1,1,14,20240209,144,2025-11-16 08:20:51
9593,4,43,5,1,1,15,20240209,134,2025-11-16 08:20:51
9594,11,43,1,1,1,16,20240209,238,2025-11-16 08:20:51
9595,11,47,8,1,1,17,20240209,399,2025-11-16 08:20:51
9596,11,62,9,1,1,18,20240209,417,2025-11-16 08:20:51
9597,4,40,15,1,1,19,20240209,295,2025-11-16 08:20:51
9598,4,43,1,1,1,20,20240209,199,2025-11-16 08:20:51
9599,12,36,2,1,1,21,20240209,177,2025-11-16 08:20:51
9600,12,35,1,1,2,22,20240209,107,2025-11-16 08:20:51
9601,12,36,1,1,2,23,20240209,84,2025-11-16 08:20:51
9602,18,56,2,1,2,0,20240210,43,2025-11-16 08:20:51
9603,18,54,2,1,2,1,20240210,13,2025-11-16 08:20:51
9604,13,36,2,1,1,2,20240210,16,2025-11-16 08:20:51
9605,13,35,2,1,1,3,20240210,5,2025-11-16 08:20:51
9606,13,35,2,1,1,4,20240210,2,2025-11-16 08:20:51
9607,1,36,7,1,1,5,20240210,17,2025-11-16 08:20:51
9608,3,30,6,1,1,6,20240210,64,2025-11-16 08:20:51
9609,3,30,9,1,1,7,20240210,230,2025-11-16 08:20:51
9610,3,30,9,1,1,8,20240210,448,2025-11-16 08:20:51
9611,2,29,9,1,1,9,20240210,275,2025-11-16 08:20:51
9612,13,38,8,1,2,10,20240210,124,2025-11-16 08:20:51
9613,18,50,15,1,2,11,20240210,153,2025-11-16 08:20:51
9614,12,17,8,1,2,12,20240210,176,2025-11-16 08:20:51
9615,12,17,2,1,2,13,20240210,192,2025-11-16 08:20:51
9616,4,18,2,1,2,14,20240210,146,2025-11-16 08:20:51
9617,4,50,8,1,2,15,20240210,191,2025-11-16 08:20:51
9618,11,17,3,1,2,16,20240210,268,2025-11-16 08:20:51
9619,11,17,6,1,2,17,20240210,396,2025-11-16 08:20:51
9620,12,54,8,1,3,18,20240210,359,2025-11-16 08:20:51
9621,4,15,1,1,2,19,20240210,262,2025-11-16 08:20:51
9622,4,15,1,1,2,20,20240210,151,2025-11-16 08:20:51
9623,4,14,2,1,2,21,20240210,122,2025-11-16 08:20:51
9624,4,14,1,1,2,22,20240210,113,2025-11-16 08:20:51
9625,12,57,2,1,2,23,20240210,65,2025-11-16 08:20:51
9626,12,57,8,1,2,0,20240211,53,2025-11-16 08:20:51
9627,18,1,8,1,3,1,20240211,45,2025-11-16 08:20:51
9628,13,1,6,1,3,2,20240211,26,2025-11-16 08:20:51
9629,1,10,7,1,3,3,20240211,9,2025-11-16 08:20:51
9630,1,10,7,1,3,4,20240211,4,2025-11-16 08:20:51
9631,2,44,9,1,3,5,20240211,2,2025-11-16 08:20:51
9632,2,44,8,1,3,6,20240211,9,2025-11-16 08:20:51
9633,2,44,8,1,3,7,20240211,19,2025-11-16 08:20:51
9634,2,44,8,1,3,8,20240211,78,2025-11-16 08:20:51
9635,2,44,15,1,3,9,20240211,90,2025-11-16 08:20:51
9636,2,44,15,1,3,10,20240211,166,2025-11-16 08:20:51
9637,1,1,15,1,2,11,20240211,183,2025-11-16 08:20:51
9638,13,1,9,1,2,12,20240211,221,2025-11-16 08:20:51
9639,13,1,4,1,2,13,20240211,235,2025-11-16 08:20:51
9640,13,1,3,1,2,14,20240211,243,2025-11-16 08:20:51
9641,12,54,5,1,2,15,20240211,124,2025-11-16 08:20:51
9642,2,3,13,1,3,16,20240211,146,2025-11-16 08:20:51
9643,2,28,18,1,3,17,20240211,144,2025-11-16 08:20:51
9644,2,20,21,1,2,18,20240211,108,2025-11-16 08:20:51
9645,3,23,17,1,2,19,20240211,87,2025-11-16 08:20:51
9646,14,22,17,1,2,20,20240211,63,2025-11-16 08:20:51
9647,15,22,26,1,1,21,20240211,48,2025-11-16 08:20:51
9648,15,18,14,1,2,22,20240211,46,2025-11-16 08:20:51
9649,17,21,16,1,3,23,20240211,20,2025-11-16 08:20:51
9650,19,32,14,1,3,0,20240212,21,2025-11-16 08:20:51
9651,20,87,18,1,3,1,20240212,24,2025-11-16 08:20:51
9652,19,53,20,1,2,2,20240212,27,2025-11-16 08:20:51
9653,19,16,24,1,2,3,20240212,14,2025-11-16 08:20:51
9654,19,16,30,1,2,4,20240212,1,2025-11-16 08:20:51
9655,19,37,14,1,1,5,20240212,3,2025-11-16 08:20:51
9656,19,37,14,1,1,6,20240212,2,2025-11-16 08:20:51
9657,20,46,6,1,1,7,20240212,18,2025-11-16 08:20:51
9658,20,46,3,1,1,8,20240212,26,2025-11-16 08:20:51
9659,19,37,5,1,1,9,20240212,63,2025-11-16 08:20:51
9660,17,17,12,1,1,10,20240212,91,2025-11-16 08:20:51
9661,17,17,5,1,1,11,20240212,124,2025-11-16 08:20:51
9662,15,18,26,1,1,12,20240212,140,2025-11-16 08:20:51
9663,14,23,11,1,1,13,20240212,138,2025-11-16 08:20:51
9664,14,23,19,1,1,14,20240212,111,2025-11-16 08:20:51
9665,14,23,17,1,1,15,20240212,155,2025-11-16 08:20:51
9666,3,47,18,1,1,16,20240212,164,2025-11-16 08:20:51
9667,16,39,13,1,1,17,20240212,87,2025-11-16 08:20:51
9668,14,23,18,1,1,18,20240212,96,2025-11-16 08:20:51
9669,14,23,4,1,1,19,20240212,80,2025-11-16 08:20:51
9670,15,17,10,1,1,20,20240212,57,2025-11-16 08:20:51
9671,15,22,5,1,1,21,20240212,36,2025-11-16 08:20:51
9672,15,22,9,1,1,22,20240212,28,2025-11-16 08:20:51
9673,15,22,7,1,1,23,20240212,23,2025-11-16 08:20:51
9674,15,16,7,1,1,0,20240213,9,2025-11-16 08:20:51
9675,17,21,7,1,1,1,20240213,6,2025-11-16 08:20:51
9676,15,16,6,1,1,2,20240213,4,2025-11-16 08:20:51
9677,17,48,15,1,1,3,20240213,1,2025-11-16 08:20:51
9678,17,48,2,1,1,4,20240213,2,2025-11-16 08:20:51
9679,19,53,8,1,1,5,20240213,17,2025-11-16 08:20:51
9680,19,48,7,1,1,6,20240213,72,2025-11-16 08:20:51
9681,19,48,6,1,1,7,20240213,195,2025-11-16 08:20:51
9682,19,48,8,1,1,8,20240213,417,2025-11-16 08:20:51
9683,17,21,6,1,1,9,20240213,205,2025-11-16 08:20:51
9684,15,21,8,1,1,10,20240213,71,2025-11-16 08:20:51
9685,2,39,6,1,1,11,20240213,90,2025-11-16 08:20:51
9686,18,41,10,1,1,12,20240213,118,2025-11-16 08:20:51
9687,4,66,7,1,1,13,20240213,140,2025-11-16 08:20:51
9688,11,65,15,1,1,14,20240213,135,2025-11-16 08:20:51
9689,6,58,8,1,1,15,20240213,155,2025-11-16 08:20:51
9690,6,65,6,1,1,16,20240213,211,2025-11-16 08:20:51
9691,6,65,6,1,1,17,20240213,407,2025-11-16 08:20:51
9692,11,60,3,1,1,18,20240213,405,2025-11-16 08:20:51
9693,11,60,8,1,1,19,20240213,263,2025-11-16 08:20:51
9694,12,17,9,1,1,20,20240213,214,2025-11-16 08:20:51
9695,18,50,8,1,1,21,20240213,147,2025-11-16 08:20:51
9696,13,35,15,1,1,22,20240213,102,2025-11-16 08:20:51
9697,18,49,1,1,1,23,20240213,36,2025-11-16 08:20:51
9698,13,55,1,1,2,0,20240214,14,2025-11-16 08:20:51
9699,13,35,1,1,2,1,20240214,6,2025-11-16 08:20:51
9700,18,49,1,1,2,2,20240214,3,2025-11-16 08:20:51
9701,13,36,1,1,2,3,20240214,3,2025-11-16 08:20:51
9702,13,56,15,1,2,4,20240214,2,2025-11-16 08:20:51
9703,13,56,15,1,2,5,20240214,22,2025-11-16 08:20:51
9704,13,35,1,1,2,6,20240214,90,2025-11-16 08:20:51
9705,1,55,2,1,2,7,20240214,280,2025-11-16 08:20:51
9706,1,57,1,1,2,8,20240214,513,2025-11-16 08:20:51
9707,13,35,2,1,2,9,20240214,262,2025-11-16 08:20:51
9708,13,55,8,1,2,10,20240214,98,2025-11-16 08:20:51
9709,12,50,9,1,2,11,20240214,112,2025-11-16 08:20:51
9710,12,36,7,1,2,12,20240214,172,2025-11-16 08:20:51
9711,6,23,3,1,2,13,20240214,173,2025-11-16 08:20:51
9712,10,23,7,1,1,14,20240214,124,2025-11-16 08:20:51
9713,7,42,11,1,2,15,20240214,145,2025-11-16 08:20:51
9714,7,24,5,1,1,16,20240214,266,2025-11-16 08:20:51
9715,7,42,12,1,1,17,20240214,523,2025-11-16 08:20:51
9716,5,16,5,1,2,18,20240214,406,2025-11-16 08:20:51
9717,6,21,9,1,2,19,20240214,281,2025-11-16 08:20:51
9718,5,16,8,1,2,20,20240214,184,2025-11-16 08:20:51
9719,6,21,15,1,2,21,20240214,109,2025-11-16 08:20:51
9720,6,21,15,1,2,22,20240214,77,2025-11-16 08:20:51
9721,6,21,2,1,2,23,20240214,57,2025-11-16 08:20:51
9722,4,15,1,1,1,0,20240215,22,2025-11-16 08:20:51
9723,11,46,1,1,1,1,20240215,5,2025-11-16 08:20:51
9724,12,54,1,1,1,2,20240215,4,2025-11-16 08:20:51
9725,18,3,1,1,1,3,20240215,3,2025-11-16 08:20:51
9726,18,57,15,1,1,4,20240215,1,2025-11-16 08:20:51
9727,18,57,15,1,1,5,20240215,25,2025-11-16 08:20:51
9728,12,54,8,1,1,6,20240215,95,2025-11-16 08:20:51
9729,12,56,6,1,2,7,20240215,321,2025-11-16 08:20:51
9730,4,54,12,1,1,8,20240215,515,2025-11-16 08:20:51
9731,4,54,10,1,1,9,20240215,231,2025-11-16 08:20:51
9732,11,15,5,1,1,10,20240215,120,2025-11-16 08:20:51
9733,6,46,4,1,1,11,20240215,138,2025-11-16 08:20:51
9734,5,16,14,1,1,12,20240215,163,2025-11-16 08:20:51
9735,10,22,4,1,1,13,20240215,170,2025-11-16 08:20:51
9736,7,49,12,1,1,14,20240215,134,2025-11-16 08:20:51
9737,7,49,7,1,1,15,20240215,171,2025-11-16 08:20:51
9738,7,42,6,1,1,16,20240215,231,2025-11-16 08:20:51
9739,7,42,6,1,1,17,20240215,487,2025-11-16 08:20:51
9740,10,23,7,1,1,18,20240215,468,2025-11-16 08:20:51
9741,5,22,9,1,1,19,20240215,311,2025-11-16 08:20:51
9742,6,16,9,1,1,20,20240215,211,2025-11-16 08:20:51
9743,11,46,9,1,1,21,20240215,178,2025-11-16 08:20:51
9744,11,37,15,1,1,22,20240215,107,2025-11-16 08:20:51
9745,11,46,2,1,1,23,20240215,58,2025-11-16 08:20:51
9746,12,57,8,1,2,0,20240216,23,2025-11-16 08:20:51
9747,12,57,1,1,2,1,20240216,5,2025-11-16 08:20:51
9748,12,57,2,1,2,2,20240216,7,2025-11-16 08:20:51
9749,12,54,1,1,2,3,20240216,1,2025-11-16 08:20:51
9750,12,57,2,1,3,4,20240216,3,2025-11-16 08:20:51
9751,12,57,1,1,2,5,20240216,20,2025-11-16 08:20:51
9752,12,57,2,1,2,6,20240216,87,2025-11-16 08:20:51
9753,12,57,8,1,2,7,20240216,288,2025-11-16 08:20:51
9754,12,57,2,1,2,8,20240216,498,2025-11-16 08:20:51
9755,12,57,9,1,2,9,20240216,202,2025-11-16 08:20:51
9756,4,57,8,1,3,10,20240216,44,2025-11-16 08:20:51
9757,4,57,15,1,3,11,20240216,71,2025-11-16 08:20:51
9758,4,5,2,1,3,12,20240216,45,2025-11-16 08:20:51
9759,11,13,3,1,3,13,20240216,64,2025-11-16 08:20:51
9760,4,1,6,1,3,14,20240216,31,2025-11-16 08:20:51
9761,11,5,1,1,3,15,20240216,53,2025-11-16 08:20:51
9762,11,1,1,1,3,16,20240216,118,2025-11-16 08:20:51
9763,11,10,1,1,3,17,20240216,289,2025-11-16 08:20:51
9764,11,10,8,1,3,18,20240216,353,2025-11-16 08:20:51
9765,4,10,9,1,2,19,20240216,258,2025-11-16 08:20:51
9766,4,10,8,1,2,20,20240216,216,2025-11-16 08:20:51
9767,11,1,15,1,2,21,20240216,145,2025-11-16 08:20:51
9768,4,1,1,1,2,22,20240216,111,2025-11-16 08:20:51
9769,4,1,2,1,1,23,20240216,73,2025-11-16 08:20:51
9770,12,10,1,1,2,0,20240217,34,2025-11-16 08:20:51
9771,12,44,1,1,2,1,20240217,18,2025-11-16 08:20:51
9772,12,44,15,1,2,2,20240217,12,2025-11-16 08:20:51
9773,18,44,15,1,2,3,20240217,1,2025-11-16 08:20:51
9774,18,44,6,1,2,4,20240217,1,2025-11-16 08:20:51
9775,18,44,9,1,2,5,20240217,16,2025-11-16 08:20:51
9776,18,78,8,1,2,6,20240217,71,2025-11-16 08:20:51
9777,18,44,15,1,2,7,20240217,226,2025-11-16 08:20:51
9778,13,12,1,1,2,8,20240217,520,2025-11-16 08:20:51
9779,13,12,1,1,2,9,20240217,283,2025-11-16 08:20:51
9780,11,13,4,1,1,10,20240217,116,2025-11-16 08:20:51
9781,6,52,13,1,1,11,20240217,142,2025-11-16 08:20:51
9782,5,16,14,1,1,12,20240217,198,2025-11-16 08:20:51
9783,10,22,12,1,1,13,20240217,205,2025-11-16 08:20:51
9784,10,39,12,1,1,14,20240217,170,2025-11-16 08:20:51
9785,7,24,13,1,1,15,20240217,221,2025-11-16 08:20:51
9786,7,26,5,1,1,16,20240217,307,2025-11-16 08:20:51
9787,7,26,10,1,1,17,20240217,465,2025-11-16 08:20:51
9788,10,24,3,1,1,18,20240217,377,2025-11-16 08:20:51
9789,5,39,7,1,1,19,20240217,282,2025-11-16 08:20:51
9790,10,24,6,1,1,20,20240217,171,2025-11-16 08:20:51
9791,5,39,6,1,1,21,20240217,129,2025-11-16 08:20:51
9792,6,23,7,1,1,22,20240217,107,2025-11-16 08:20:51
9793,6,23,6,1,1,23,20240217,82,2025-11-16 08:20:51
9794,11,17,9,1,1,0,20240218,86,2025-11-16 08:20:51
9795,4,37,9,1,1,1,20240218,45,2025-11-16 08:20:51
9796,12,54,3,1,1,2,20240218,45,2025-11-16 08:20:51
9797,18,56,15,1,1,3,20240218,18,2025-11-16 08:20:51
9798,13,57,1,1,1,4,20240218,7,2025-11-16 08:20:51
9799,1,57,2,1,1,5,20240218,1,2025-11-16 08:20:51
9800,1,57,1,1,1,6,20240218,9,2025-11-16 08:20:51
9801,1,57,1,1,1,7,20240218,41,2025-11-16 08:20:51
9802,2,10,1,1,1,8,20240218,102,2025-11-16 08:20:51
9803,2,2,15,1,1,9,20240218,138,2025-11-16 08:20:51
9804,13,1,15,1,1,10,20240218,205,2025-11-16 08:20:51
9805,4,15,8,1,1,11,20240218,286,2025-11-16 08:20:51
9806,6,22,6,1,1,12,20240218,369,2025-11-16 08:20:51
9807,10,22,4,1,1,13,20240218,384,2025-11-16 08:20:51
9808,9,24,12,1,1,14,20240218,427,2025-11-16 08:20:51
9809,7,49,3,1,1,15,20240218,499,2025-11-16 08:20:51
9810,9,19,10,1,1,16,20240218,404,2025-11-16 08:20:51
9811,28,43,4,1,1,17,20240218,364,2025-11-16 08:20:51
9812,8,42,5,1,1,18,20240218,246,2025-11-16 08:20:51
9813,9,19,9,1,1,19,20240218,188,2025-11-16 08:20:51
9814,9,19,9,1,1,20,20240218,148,2025-11-16 08:20:51
9815,9,40,5,1,1,21,20240218,114,2025-11-16 08:20:51
9816,10,23,11,1,1,22,20240218,118,2025-11-16 08:20:51
9817,6,23,14,1,2,23,20240218,74,2025-11-16 08:20:51
9818,11,18,12,1,2,0,20240219,74,2025-11-16 08:20:51
9819,4,18,3,1,2,1,20240219,72,2025-11-16 08:20:51
9820,12,43,4,1,2,2,20240219,48,2025-11-16 08:20:51
9821,12,43,7,1,2,3,20240219,15,2025-11-16 08:20:51
9822,18,49,14,1,2,4,20240219,3,2025-11-16 08:20:51
9823,13,38,5,1,2,5,20240219,2,2025-11-16 08:20:51
9824,1,36,10,1,1,6,20240219,5,2025-11-16 08:20:51
9825,1,36,4,1,2,7,20240219,14,2025-11-16 08:20:51
9826,1,35,6,1,2,8,20240219,56,2025-11-16 08:20:51
9827,1,35,3,1,2,9,20240219,93,2025-11-16 08:20:51
9828,13,36,3,1,2,10,20240219,191,2025-11-16 08:20:51
9829,13,35,10,1,2,11,20240219,226,2025-11-16 08:20:51
9830,18,36,3,1,2,12,20240219,255,2025-11-16 08:20:51
9831,12,37,9,1,1,13,20240219,261,2025-11-16 08:20:51
9832,4,50,6,1,2,14,20240219,237,2025-11-16 08:20:51
9833,12,37,6,1,2,15,20240219,253,2025-11-16 08:20:51
9834,4,50,4,1,2,16,20240219,212,2025-11-16 08:20:51
9835,12,37,3,1,2,17,20240219,157,2025-11-16 08:20:51
9836,12,37,10,1,2,18,20240219,167,2025-11-16 08:20:51
9837,12,36,3,1,2,19,20240219,119,2025-11-16 08:20:51
9838,12,36,4,1,2,20,20240219,103,2025-11-16 08:20:51
9839,13,56,9,1,3,21,20240219,36,2025-11-16 08:20:51
9840,1,3,2,1,3,22,20240219,55,2025-11-16 08:20:51
9841,2,44,9,1,2,23,20240219,35,2025-11-16 08:20:51
9842,1,10,2,1,2,0,20240220,41,2025-11-16 08:20:51
9843,1,10,2,1,2,1,20240220,15,2025-11-16 08:20:51
9844,1,10,2,1,2,2,20240220,20,2025-11-16 08:20:51
9845,1,1,6,1,2,3,20240220,8,2025-11-16 08:20:51
9846,1,55,12,1,2,5,20240220,6,2025-11-16 08:20:51
9847,1,36,13,1,1,6,20240220,10,2025-11-16 08:20:51
9848,2,29,10,1,2,7,20240220,44,2025-11-16 08:20:51
9849,3,30,12,1,1,8,20240220,120,2025-11-16 08:20:51
9850,3,30,12,1,1,9,20240220,110,2025-11-16 08:20:51
9851,2,29,11,1,1,10,20240220,143,2025-11-16 08:20:51
9852,13,38,12,1,1,11,20240220,208,2025-11-16 08:20:51
9853,18,50,7,1,1,12,20240220,281,2025-11-16 08:20:51
9854,12,17,4,1,1,13,20240220,312,2025-11-16 08:20:51
9855,4,43,6,1,1,14,20240220,263,2025-11-16 08:20:51
9856,11,47,7,1,1,15,20240220,289,2025-11-16 08:20:51
9857,6,45,15,1,1,16,20240220,280,2025-11-16 08:20:51
9858,5,58,3,1,1,17,20240220,253,2025-11-16 08:20:51
9859,11,47,7,1,1,18,20240220,242,2025-11-16 08:20:51
9860,11,47,7,1,1,19,20240220,172,2025-11-16 08:20:51
9861,11,47,6,1,1,20,20240220,126,2025-11-16 08:20:51
9862,12,18,9,1,1,21,20240220,98,2025-11-16 08:20:51
9863,12,50,2,1,1,22,20240220,62,2025-11-16 08:20:51
9864,12,18,1,1,1,23,20240220,26,2025-11-16 08:20:51
9865,13,56,1,1,1,0,20240221,12,2025-11-16 08:20:51
9866,13,35,1,1,1,1,20240221,7,2025-11-16 08:20:51
9867,1,55,1,1,1,2,20240221,3,2025-11-16 08:20:51
9868,2,27,1,1,1,4,20240221,2,2025-11-16 08:20:51
9869,3,28,1,1,1,5,20240221,15,2025-11-16 08:20:51
9870,3,3,1,1,1,6,20240221,86,2025-11-16 08:20:51
9871,2,27,1,1,1,7,20240221,279,2025-11-16 08:20:51
9872,3,28,2,1,1,8,20240221,464,2025-11-16 08:20:51
9873,3,3,15,1,1,9,20240221,217,2025-11-16 08:20:51
9874,1,57,6,1,1,10,20240221,85,2025-11-16 08:20:51
9875,13,57,4,1,2,11,20240221,86,2025-11-16 08:20:51
9876,12,35,14,1,2,12,20240221,163,2025-11-16 08:20:51
9877,11,37,13,1,1,13,20240221,131,2025-11-16 08:20:51
9878,4,46,14,1,2,14,20240221,124,2025-11-16 08:20:51
9879,11,37,13,1,1,15,20240221,160,2025-11-16 08:20:51
9880,6,16,13,1,1,16,20240221,254,2025-11-16 08:20:51
9881,5,23,11,1,1,17,20240221,432,2025-11-16 08:20:51
9882,5,23,11,1,1,18,20240221,425,2025-11-16 08:20:51
9883,6,16,5,1,1,19,20240221,304,2025-11-16 08:20:51
9884,11,46,3,1,1,20,20240221,227,2025-11-16 08:20:51
9885,11,54,9,1,1,21,20240221,154,2025-11-16 08:20:51
9886,11,13,6,1,2,22,20240221,100,2025-11-16 08:20:51
9887,4,14,7,1,1,23,20240221,47,2025-11-16 08:20:51
9888,4,14,7,1,1,0,20240222,24,2025-11-16 08:20:51
9889,4,57,8,1,1,1,20240222,7,2025-11-16 08:20:51
9890,11,14,4,1,1,2,20240222,6,2025-11-16 08:20:51
9891,11,13,7,1,2,3,20240222,4,2025-11-16 08:20:51
9892,11,13,9,1,1,4,20240222,2,2025-11-16 08:20:51
9893,4,57,15,1,1,5,20240222,30,2025-11-16 08:20:51
9894,4,5,9,1,1,6,20240222,90,2025-11-16 08:20:51
9895,4,5,2,1,1,7,20240222,302,2025-11-16 08:20:51
9896,12,3,2,1,1,8,20240222,576,2025-11-16 08:20:51
9897,4,57,2,1,1,9,20240222,252,2025-11-16 08:20:51
9898,11,13,2,1,1,10,20240222,139,2025-11-16 08:20:51
9899,6,14,9,1,1,11,20240222,171,2025-11-16 08:20:51
9900,10,52,4,1,1,12,20240222,207,2025-11-16 08:20:51
9901,7,48,5,1,1,13,20240222,190,2025-11-16 08:20:51
9902,9,48,10,1,1,14,20240222,177,2025-11-16 08:20:51
9903,30,62,13,1,1,15,20240222,195,2025-11-16 08:20:51
9904,24,45,18,1,1,16,20240222,298,2025-11-16 08:20:51
9905,24,26,14,1,1,17,20240222,529,2025-11-16 08:20:51
9906,28,49,10,1,2,18,20240222,525,2025-11-16 08:20:51
9907,8,19,4,1,2,19,20240222,327,2025-11-16 08:20:51
9908,9,20,6,1,2,20,20240222,274,2025-11-16 08:20:51
9909,28,40,4,1,2,21,20240222,239,2025-11-16 08:20:51
9910,9,20,3,1,2,22,20240222,147,2025-11-16 08:20:51
9911,8,49,4,1,2,23,20240222,62,2025-11-16 08:20:51
9912,9,20,3,1,2,0,20240223,42,2025-11-16 08:20:51
9913,9,53,4,1,2,1,20240223,15,2025-11-16 08:20:51
9914,9,52,7,1,2,2,20240223,9,2025-11-16 08:20:51
9915,9,69,6,1,3,3,20240223,6,2025-11-16 08:20:51
9916,10,5,7,1,1,4,20240223,1,2025-11-16 08:20:51
9917,10,5,7,1,1,5,20240223,32,2025-11-16 08:20:51
9918,6,10,6,1,1,6,20240223,91,2025-11-16 08:20:51
9919,6,1,7,1,1,7,20240223,326,2025-11-16 08:20:51
9920,11,10,6,1,1,8,20240223,560,2025-11-16 08:20:51
9921,6,1,3,1,1,9,20240223,242,2025-11-16 08:20:51
9922,7,69,6,1,1,10,20240223,148,2025-11-16 08:20:51
9923,28,38,4,1,1,11,20240223,182,2025-11-16 08:20:51
9924,30,17,3,1,1,12,20240223,224,2025-11-16 08:20:51
9925,24,18,6,1,1,13,20240223,218,2025-11-16 08:20:51
9926,29,39,3,1,1,14,20240223,192,2025-11-16 08:20:51
9927,29,40,8,1,1,15,20240223,217,2025-11-16 08:20:51
9928,25,26,1,1,1,16,20240223,343,2025-11-16 08:20:51
9929,29,26,9,1,1,17,20240223,610,2025-11-16 08:20:51
9930,29,39,8,1,1,18,20240223,522,2025-11-16 08:20:51
9931,30,18,2,1,1,19,20240223,369,2025-11-16 08:20:51
9932,8,19,8,1,1,20,20240223,269,2025-11-16 08:20:51
9933,9,34,7,1,1,21,20240223,222,2025-11-16 08:20:51
9934,9,48,3,1,1,22,20240223,137,2025-11-16 08:20:51
9935,9,48,1,1,1,23,20240223,85,2025-11-16 08:20:51
9936,9,53,2,1,2,0,20240224,46,2025-11-16 08:20:51
9937,9,52,6,1,1,1,20240224,18,2025-11-16 08:20:51
9938,7,6,4,1,3,2,20240224,5,2025-11-16 08:20:51
9939,7,8,8,1,1,3,20240224,5,2025-11-16 08:20:51
9940,10,10,8,1,1,4,20240224,2,2025-11-16 08:20:51
9941,10,10,6,1,2,5,20240224,26,2025-11-16 08:20:51
9942,10,10,9,1,2,6,20240224,82,2025-11-16 08:20:51
9943,10,5,7,1,2,7,20240224,272,2025-11-16 08:20:51
9944,5,5,10,1,2,8,20240224,469,2025-11-16 08:20:51
9945,6,1,3,1,3,9,20240224,244,2025-11-16 08:20:51
9946,6,1,9,1,3,10,20240224,141,2025-11-16 08:20:51
9947,6,1,15,1,2,11,20240224,163,2025-11-16 08:20:51
9948,10,5,8,1,2,12,20240224,228,2025-11-16 08:20:51
9949,7,13,15,1,2,13,20240224,183,2025-11-16 08:20:51
9950,8,69,15,1,2,14,20240224,31,2025-11-16 08:20:51
9951,10,10,6,1,3,15,20240224,94,2025-11-16 08:20:51
9952,10,10,6,1,3,16,20240224,178,2025-11-16 08:20:51
9953,7,11,15,1,3,17,20240224,256,2025-11-16 08:20:51
9954,7,11,1,1,2,18,20240224,300,2025-11-16 08:20:51
9955,9,9,15,1,2,19,20240224,233,2025-11-16 08:20:51
9956,9,52,13,1,1,20,20240224,167,2025-11-16 08:20:51
9957,7,24,27,1,1,21,20240224,152,2025-11-16 08:20:51
9958,10,39,20,1,1,22,20240224,106,2025-11-16 08:20:51
9959,5,39,24,1,1,23,20240224,86,2025-11-16 08:20:51
9960,6,22,14,1,1,0,20240225,61,2025-11-16 08:20:51
9961,11,17,12,1,1,1,20240225,46,2025-11-16 08:20:51
9962,4,50,3,1,1,2,20240225,38,2025-11-16 08:20:51
9963,12,50,5,1,1,3,20240225,7,2025-11-16 08:20:51
9964,12,17,10,1,1,4,20240225,2,2025-11-16 08:20:51
9965,12,17,5,1,2,5,20240225,3,2025-11-16 08:20:51
9966,12,17,5,1,2,6,20240225,13,2025-11-16 08:20:51
9967,18,50,11,1,1,7,20240225,23,2025-11-16 08:20:51
9968,13,38,5,1,1,8,20240225,93,2025-11-16 08:20:51
9969,2,3,10,1,3,9,20240225,122,2025-11-16 08:20:51
9970,13,55,12,1,1,10,20240225,183,2025-11-16 08:20:51
9971,12,18,22,1,1,11,20240225,210,2025-11-16 08:20:51
9972,4,45,21,1,1,12,20240225,258,2025-11-16 08:20:51
9973,4,62,16,1,1,13,20240225,226,2025-11-16 08:20:51
9974,4,45,17,1,1,14,20240225,216,2025-11-16 08:20:51
9975,4,45,13,1,1,15,20240225,232,2025-11-16 08:20:51
9976,4,61,20,1,1,16,20240225,195,2025-11-16 08:20:51
9977,12,40,12,1,1,17,20240225,159,2025-11-16 08:20:51
9978,12,41,20,1,1,18,20240225,133,2025-11-16 08:20:51
9979,13,40,11,1,1,19,20240225,149,2025-11-16 08:20:51
9980,13,25,17,1,1,20,20240225,105,2025-11-16 08:20:51
9981,1,24,10,1,1,21,20240225,85,2025-11-16 08:20:51
9982,1,42,18,1,1,22,20240225,82,2025-11-16 08:20:51
9983,1,49,13,1,1,23,20240225,91,2025-11-16 08:20:51
9984,1,49,12,1,1,0,20240226,70,2025-11-16 08:20:51
9985,1,19,10,1,1,1,20240226,55,2025-11-16 08:20:51
9986,1,19,10,1,1,2,20240226,42,2025-11-16 08:20:51
9987,1,49,6,1,1,3,20240226,21,2025-11-16 08:20:51
9988,1,49,6,1,1,4,20240226,6,2025-11-16 08:20:51
9989,2,19,7,1,1,5,20240226,5,2025-11-16 08:20:51
9990,2,19,10,1,1,6,20240226,2,2025-11-16 08:20:51
9991,3,34,5,1,1,7,20240226,22,2025-11-16 08:20:51
9992,3,34,3,1,1,8,20240226,59,2025-11-16 08:20:51
9993,2,20,7,1,1,9,20240226,87,2025-11-16 08:20:51
9994,13,49,9,1,1,10,20240226,188,2025-11-16 08:20:51
9995,18,49,4,1,1,11,20240226,227,2025-11-16 08:20:51
9996,12,18,8,1,1,12,20240226,305,2025-11-16 08:20:51
9997,4,43,1,1,1,13,20240226,325,2025-11-16 08:20:51
9998,11,62,1,1,1,14,20240226,331,2025-11-16 08:20:51
9999,6,45,1,1,1,15,20240226,353,2025-11-16 08:20:51
10000,6,26,3,1,1,16,20240226,339,2025-11-16 08:20:51
10001,6,26,7,1,1,17,20240226,287,2025-11-16 08:20:51
10002,11,43,4,1,1,18,20240226,216,2025-11-16 08:20:51
10003,11,47,9,1,1,19,20240226,143,2025-11-16 08:20:51
10004,4,17,9,1,1,20,20240226,88,2025-11-16 08:20:51
10005,12,50,8,1,1,21,20240226,83,2025-11-16 08:20:51
10006,12,17,7,1,1,22,20240226,71,2025-11-16 08:20:51
10007,13,35,9,1,1,23,20240226,64,2025-11-16 08:20:51
10008,13,55,3,1,1,0,20240227,29,2025-11-16 08:20:51
10009,13,56,7,1,1,1,20240227,6,2025-11-16 08:20:51
10010,13,57,5,1,1,2,20240227,4,2025-11-16 08:20:51
10011,1,3,9,1,1,3,20240227,2,2025-11-16 08:20:51
10012,2,2,8,1,1,4,20240227,1,2025-11-16 08:20:51
10013,2,2,8,1,1,5,20240227,16,2025-11-16 08:20:51
10014,1,57,3,1,1,6,20240227,90,2025-11-16 08:20:51
10015,1,55,7,1,1,7,20240227,280,2025-11-16 08:20:51
10016,1,55,1,1,1,8,20240227,528,2025-11-16 08:20:51
10017,13,55,6,1,1,9,20240227,230,2025-11-16 08:20:51
10018,4,50,3,1,1,10,20240227,104,2025-11-16 08:20:51
10019,6,22,3,1,1,11,20240227,103,2025-11-16 08:20:51
10020,10,39,5,1,1,12,20240227,177,2025-11-16 08:20:51
10021,10,22,4,1,1,13,20240227,182,2025-11-16 08:20:51
10022,8,43,4,1,1,14,20240227,158,2025-11-16 08:20:51
10023,24,60,13,1,1,15,20240227,174,2025-11-16 08:20:51
10024,29,61,11,1,1,16,20240227,286,2025-11-16 08:20:51
10025,29,64,11,1,1,17,20240227,529,2025-11-16 08:20:51
10026,24,58,13,1,1,18,20240227,527,2025-11-16 08:20:51
10027,30,45,14,1,1,19,20240227,334,2025-11-16 08:20:51
10028,28,40,12,1,1,20,20240227,219,2025-11-16 08:20:51
10029,8,43,4,1,1,21,20240227,195,2025-11-16 08:20:51
10030,9,19,3,1,1,22,20240227,92,2025-11-16 08:20:51
10031,7,21,9,1,1,23,20240227,56,2025-11-16 08:20:51
10032,7,48,8,1,1,0,20240228,10,2025-11-16 08:20:51
10033,5,52,9,1,1,1,20240228,6,2025-11-16 08:20:51
10034,10,48,15,1,1,2,20240228,3,2025-11-16 08:20:51
10035,10,26,12,1,1,3,20240228,6,2025-11-16 08:20:51
10036,4,17,12,1,1,4,20240228,2,2025-11-16 08:20:51
10037,4,17,12,1,1,5,20240228,21,2025-11-16 08:20:51
10038,12,50,10,1,1,6,20240228,101,2025-11-16 08:20:51
10039,18,50,5,1,1,7,20240228,325,2025-11-16 08:20:51
10040,13,38,4,1,1,8,20240228,559,2025-11-16 08:20:51
10041,18,50,12,1,1,9,20240228,232,2025-11-16 08:20:51
10042,12,17,5,1,1,10,20240228,132,2025-11-16 08:20:51
10043,11,43,3,1,1,11,20240228,163,2025-11-16 08:20:51
10044,6,47,8,1,1,12,20240228,183,2025-11-16 08:20:51
10045,6,26,15,1,1,13,20240228,190,2025-11-16 08:20:51
10046,10,41,15,1,1,14,20240228,134,2025-11-16 08:20:51
10047,7,61,2,1,1,15,20240228,166,2025-11-16 08:20:51
10048,7,41,2,1,1,16,20240228,287,2025-11-16 08:20:51
10049,7,61,2,1,1,17,20240228,530,2025-11-16 08:20:51
10050,7,41,9,1,1,18,20240228,449,2025-11-16 08:20:51
10051,7,61,1,1,1,19,20240228,306,2025-11-16 08:20:51
10052,10,25,8,1,1,20,20240228,204,2025-11-16 08:20:51
10053,11,16,15,1,1,21,20240228,188,2025-11-16 08:20:51
10054,11,16,15,1,1,22,20240228,101,2025-11-16 08:20:51
10055,4,46,7,1,1,23,20240228,65,2025-11-16 08:20:51
10056,4,46,15,1,1,0,20240229,32,2025-11-16 08:20:51
10057,4,37,15,1,1,1,20240229,6,2025-11-16 08:20:51
10058,12,35,7,1,1,2,20240229,4,2025-11-16 08:20:51
10059,18,57,2,1,1,3,20240229,2,2025-11-16 08:20:51
10060,13,3,2,1,1,5,20240229,29,2025-11-16 08:20:51
10061,18,3,2,1,2,6,20240229,104,2025-11-16 08:20:51
10062,13,1,8,1,2,7,20240229,253,2025-11-16 08:20:51
10063,18,3,15,1,2,8,20240229,116,2025-11-16 08:20:51
10064,12,1,9,1,3,9,20240229,38,2025-11-16 08:20:51
10065,12,1,9,1,3,10,20240229,10,2025-11-16 08:20:51
10066,12,10,6,1,3,11,20240229,10,2025-11-16 08:20:51
10067,4,44,10,1,3,12,20240229,70,2025-11-16 08:20:51
10068,6,44,12,1,2,13,20240229,76,2025-11-16 08:20:51
10069,6,44,12,1,2,14,20240229,56,2025-11-16 08:20:51
10070,10,8,4,1,2,15,20240229,90,2025-11-16 08:20:51
10071,10,8,7,1,3,16,20240229,167,2025-11-16 08:20:51
10072,10,10,9,1,2,17,20240229,253,2025-11-16 08:20:51
10073,10,10,1,1,3,18,20240229,192,2025-11-16 08:20:51
10074,10,10,15,1,2,19,20240229,102,2025-11-16 08:20:51
10075,7,9,9,1,3,20,20240229,97,2025-11-16 08:20:51
10076,7,9,9,1,3,21,20240229,39,2025-11-16 08:20:51
10077,7,11,3,1,3,22,20240229,55,2025-11-16 08:20:51
10078,7,11,3,1,3,23,20240229,33,2025-11-16 08:20:51
10079,7,11,1,1,2,0,20240301,11,2025-11-16 08:20:51
10080,8,11,15,1,3,1,20240301,12,2025-11-16 08:20:51
10081,8,11,4,1,2,2,20240301,6,2025-11-16 08:20:51
10082,8,11,7,1,1,3,20240301,3,2025-11-16 08:20:51
10083,28,9,6,1,1,4,20240301,5,2025-11-16 08:20:51
10084,28,9,9,1,1,5,20240301,18,2025-11-16 08:20:51
10085,7,11,1,1,2,6,20240301,109,2025-11-16 08:20:51
10086,9,11,8,1,2,7,20240301,304,2025-11-16 08:20:51
10087,7,11,8,1,1,8,20240301,594,2025-11-16 08:20:51
10088,8,6,3,1,1,9,20240301,286,2025-11-16 08:20:51
10089,24,29,9,1,1,10,20240301,133,2025-11-16 08:20:51
10090,25,22,6,1,1,11,20240301,168,2025-11-16 08:20:51
10091,25,39,7,1,1,12,20240301,220,2025-11-16 08:20:51
10092,26,26,3,1,1,13,20240301,211,2025-11-16 08:20:51
10093,26,24,7,1,1,14,20240301,211,2025-11-16 08:20:51
10094,27,62,3,1,1,15,20240301,223,2025-11-16 08:20:51
10095,26,26,5,1,1,16,20240301,361,2025-11-16 08:20:51
10096,25,24,5,1,1,17,20240301,600,2025-11-16 08:20:51
10097,29,47,12,1,1,18,20240301,525,2025-11-16 08:20:51
10098,28,49,10,1,1,19,20240301,328,2025-11-16 08:20:51
10099,9,19,13,1,1,20,20240301,254,2025-11-16 08:20:51
10100,7,20,18,1,1,21,20240301,197,2025-11-16 08:20:51
10101,5,21,3,1,1,22,20240301,126,2025-11-16 08:20:51
10102,6,21,7,1,1,23,20240301,85,2025-11-16 08:20:51
10103,11,46,9,1,1,0,20240302,46,2025-11-16 08:20:51
10104,11,37,7,1,1,1,20240302,20,2025-11-16 08:20:51
10105,11,46,4,1,1,2,20240302,6,2025-11-16 08:20:51
10106,4,15,6,1,1,3,20240302,3,2025-11-16 08:20:51
10107,4,54,1,1,1,4,20240302,2,2025-11-16 08:20:51
10108,12,57,1,1,1,5,20240302,24,2025-11-16 08:20:51
10109,12,57,1,1,1,6,20240302,92,2025-11-16 08:20:51
10110,12,57,1,1,1,7,20240302,262,2025-11-16 08:20:51
10111,18,3,2,1,1,8,20240302,549,2025-11-16 08:20:51
10112,12,1,1,1,1,9,20240302,314,2025-11-16 08:20:51
10113,6,21,9,1,1,10,20240302,132,2025-11-16 08:20:51
10114,5,16,6,1,1,11,20240302,194,2025-11-16 08:20:51
10115,10,22,9,1,1,12,20240302,234,2025-11-16 08:20:51
10116,7,19,7,1,1,13,20240302,222,2025-11-16 08:20:51
10117,9,19,4,1,2,14,20240302,205,2025-11-16 08:20:51
10118,7,21,5,1,2,15,20240302,78,2025-11-16 08:20:51
10119,10,53,5,1,3,16,20240302,50,2025-11-16 08:20:51
10120,6,1,7,1,3,17,20240302,128,2025-11-16 08:20:51
10121,6,10,6,1,3,18,20240302,160,2025-11-16 08:20:51
10122,6,10,6,1,3,19,20240302,174,2025-11-16 08:20:51
10123,6,10,6,1,2,20,20240302,100,2025-11-16 08:20:51
10124,6,10,2,1,3,21,20240302,101,2025-11-16 08:20:51
10125,6,10,1,1,2,22,20240302,75,2025-11-16 08:20:51
10126,6,10,1,1,2,23,20240302,23,2025-11-16 08:20:51
10127,6,44,2,1,3,0,20240303,22,2025-11-16 08:20:51
10128,6,44,1,1,3,1,20240303,44,2025-11-16 08:20:51
10129,6,44,2,1,3,2,20240303,38,2025-11-16 08:20:51
10130,6,44,9,1,2,3,20240303,21,2025-11-16 08:20:51
10131,6,44,6,1,2,4,20240303,2,2025-11-16 08:20:51
10132,6,44,2,1,2,5,20240303,2,2025-11-16 08:20:51
10133,6,44,2,1,2,6,20240303,7,2025-11-16 08:20:51
10134,6,44,8,1,2,7,20240303,16,2025-11-16 08:20:51
10135,6,44,1,1,3,8,20240303,48,2025-11-16 08:20:51
10136,5,10,2,1,3,9,20240303,94,2025-11-16 08:20:51
10137,10,10,1,1,2,10,20240303,168,2025-11-16 08:20:51
10138,10,10,2,1,2,11,20240303,214,2025-11-16 08:20:51
10139,7,69,3,1,2,12,20240303,299,2025-11-16 08:20:51
10140,9,34,4,1,1,13,20240303,339,2025-11-16 08:20:51
10141,8,19,12,1,2,14,20240303,430,2025-11-16 08:20:51
10142,28,45,5,1,1,15,20240303,399,2025-11-16 08:20:51
10143,30,58,5,1,1,16,20240303,467,2025-11-16 08:20:51
10144,30,65,10,1,1,17,20240303,385,2025-11-16 08:20:51
10145,30,60,3,1,1,18,20240303,303,2025-11-16 08:20:51
10146,8,40,9,1,1,19,20240303,225,2025-11-16 08:20:51
10147,9,25,8,1,1,20,20240303,149,2025-11-16 08:20:51
10148,8,67,10,1,1,21,20240303,154,2025-11-16 08:20:51
10149,9,59,8,1,1,22,20240303,134,2025-11-16 08:20:51
10150,7,64,1,1,1,23,20240303,106,2025-11-16 08:20:51
10151,10,25,12,1,2,0,20240304,72,2025-11-16 08:20:51
10152,5,47,6,1,2,1,20240304,76,2025-11-16 08:20:51
10153,6,23,9,1,2,2,20240304,80,2025-11-16 08:20:51
10154,6,22,8,1,2,3,20240304,26,2025-11-16 08:20:51
10155,11,16,6,1,2,4,20240304,14,2025-11-16 08:20:51
10156,11,16,7,1,2,5,20240304,5,2025-11-16 08:20:51
10157,12,36,5,1,2,6,20240304,5,2025-11-16 08:20:51
10158,12,36,5,1,2,7,20240304,23,2025-11-16 08:20:51
10159,12,36,10,1,1,8,20240304,66,2025-11-16 08:20:51
10160,12,37,11,1,1,9,20240304,118,2025-11-16 08:20:51
10161,12,37,10,1,1,10,20240304,192,2025-11-16 08:20:51
10162,4,50,14,1,1,11,20240304,256,2025-11-16 08:20:51
10163,11,17,12,1,1,12,20240304,327,2025-11-16 08:20:51
10164,6,39,12,1,1,13,20240304,364,2025-11-16 08:20:51
10165,6,47,12,1,1,14,20240304,332,2025-11-16 08:20:51
10166,6,26,19,1,1,15,20240304,334,2025-11-16 08:20:51
10167,6,45,16,1,1,16,20240304,299,2025-11-16 08:20:51
10168,11,62,17,1,1,17,20240304,263,2025-11-16 08:20:51
10169,4,40,22,1,1,18,20240304,184,2025-11-16 08:20:51
10170,12,43,16,1,1,19,20240304,132,2025-11-16 08:20:51
10171,18,42,3,1,1,20,20240304,88,2025-11-16 08:20:51
10172,18,43,7,1,1,21,20240304,79,2025-11-16 08:20:51
10173,13,49,3,1,1,22,20240304,62,2025-11-16 08:20:51
10174,13,49,6,1,1,23,20240304,26,2025-11-16 08:20:51
10175,1,19,6,1,1,0,20240305,17,2025-11-16 08:20:51
10176,1,38,8,1,1,1,20240305,6,2025-11-16 08:20:51
10177,1,38,8,1,1,2,20240305,4,2025-11-16 08:20:51
10178,2,34,9,1,1,3,20240305,1,2025-11-16 08:20:51
10179,3,29,2,1,1,4,20240305,1,2025-11-16 08:20:51
10180,3,29,2,1,1,5,20240305,18,2025-11-16 08:20:51
10181,16,30,8,1,1,6,20240305,91,2025-11-16 08:20:51
10182,16,30,8,1,1,7,20240305,260,2025-11-16 08:20:51
10183,3,30,15,1,1,8,20240305,428,2025-11-16 08:20:51
10184,2,55,2,1,2,9,20240305,197,2025-11-16 08:20:51
10185,1,55,1,1,2,10,20240305,86,2025-11-16 08:20:51
10186,13,35,8,1,2,11,20240305,103,2025-11-16 08:20:51
10187,13,36,1,1,2,12,20240305,137,2025-11-16 08:20:51
10188,13,29,5,1,2,13,20240305,120,2025-11-16 08:20:51
10189,18,15,12,1,2,14,20240305,128,2025-11-16 08:20:51
10190,12,46,6,1,2,15,20240305,130,2025-11-16 08:20:51
10191,12,50,5,1,1,16,20240305,210,2025-11-16 08:20:51
10192,12,50,5,1,3,17,20240305,387,2025-11-16 08:20:51
10193,18,29,21,1,3,18,20240305,375,2025-11-16 08:20:51
10194,13,46,7,1,1,19,20240305,226,2025-11-16 08:20:51
10195,13,39,18,1,1,20,20240305,179,2025-11-16 08:20:51
10196,13,39,14,1,1,21,20240305,120,2025-11-16 08:20:51
10197,1,24,10,1,1,22,20240305,78,2025-11-16 08:20:51
10198,2,39,20,1,1,23,20240305,31,2025-11-16 08:20:51
10199,2,39,5,1,1,0,20240306,8,2025-11-16 08:20:51
10200,3,19,3,1,1,1,20240306,6,2025-11-16 08:20:51
10201,3,19,7,1,1,2,20240306,4,2025-11-16 08:20:51
10202,16,34,4,1,1,3,20240306,1,2025-11-16 08:20:51
10203,16,34,5,1,1,4,20240306,3,2025-11-16 08:20:51
10204,16,34,7,1,1,5,20240306,25,2025-11-16 08:20:51
10205,16,34,15,1,1,6,20240306,102,2025-11-16 08:20:51
10206,14,29,8,1,1,7,20240306,275,2025-11-16 08:20:51
10207,14,30,15,1,1,8,20240306,501,2025-11-16 08:20:51
10208,2,20,1,1,1,9,20240306,233,2025-11-16 08:20:51
10209,1,19,1,1,1,10,20240306,129,2025-11-16 08:20:51
10210,13,49,9,1,1,11,20240306,130,2025-11-16 08:20:51
10211,13,49,15,1,1,12,20240306,138,2025-11-16 08:20:51
10212,12,18,8,1,1,13,20240306,164,2025-11-16 08:20:51
10213,4,43,7,1,1,14,20240306,136,2025-11-16 08:20:51
10214,11,43,5,1,1,15,20240306,166,2025-11-16 08:20:51
10215,6,26,4,1,1,16,20240306,250,2025-11-16 08:20:51
10216,6,47,4,1,1,17,20240306,446,2025-11-16 08:20:51
10217,11,17,10,1,1,18,20240306,457,2025-11-16 08:20:51
10218,11,16,5,1,1,19,20240306,287,2025-11-16 08:20:51
10219,4,37,6,1,1,20,20240306,187,2025-11-16 08:20:51
10220,4,37,6,1,1,21,20240306,148,2025-11-16 08:20:51
10221,18,35,9,1,1,22,20240306,106,2025-11-16 08:20:51
10222,18,54,7,1,1,23,20240306,54,2025-11-16 08:20:51
10223,18,56,4,1,1,0,20240307,15,2025-11-16 08:20:51
10224,12,54,5,1,1,1,20240307,5,2025-11-16 08:20:51
10225,12,35,4,1,1,2,20240307,4,2025-11-16 08:20:51
10226,12,35,12,1,1,3,20240307,3,2025-11-16 08:20:51
10227,18,54,10,1,1,4,20240307,3,2025-11-16 08:20:51
10228,18,35,5,1,1,5,20240307,18,2025-11-16 08:20:51
10229,18,54,14,1,1,6,20240307,108,2025-11-16 08:20:51
10230,13,56,14,1,1,7,20240307,344,2025-11-16 08:20:51
10231,18,54,5,1,1,8,20240307,566,2025-11-16 08:20:51
10232,12,54,10,1,1,9,20240307,264,2025-11-16 08:20:51
10233,6,21,5,1,1,10,20240307,147,2025-11-16 08:20:51
10234,7,42,5,1,1,11,20240307,161,2025-11-16 08:20:51
10235,9,42,14,1,1,12,20240307,215,2025-11-16 08:20:51
10236,30,47,13,1,1,13,20240307,205,2025-11-16 08:20:51
10237,24,43,10,1,1,14,20240307,175,2025-11-16 08:20:51
10238,29,39,11,1,1,15,20240307,209,2025-11-16 08:20:51
10239,25,39,13,1,1,16,20240307,288,2025-11-16 08:20:51
10240,25,22,16,1,1,17,20240307,612,2025-11-16 08:20:51
10241,25,23,18,1,1,18,20240307,544,2025-11-16 08:20:51
10242,29,17,12,1,1,19,20240307,361,2025-11-16 08:20:51
10243,30,34,3,1,1,20,20240307,260,2025-11-16 08:20:51
10244,9,52,3,1,1,21,20240307,188,2025-11-16 08:20:51
10245,8,30,5,1,1,22,20240307,159,2025-11-16 08:20:51
10246,9,52,10,1,1,23,20240307,62,2025-11-16 08:20:51
10247,9,52,10,1,1,0,20240308,46,2025-11-16 08:20:51
10248,8,31,10,1,1,1,20240308,21,2025-11-16 08:20:51
10249,8,31,14,1,1,2,20240308,11,2025-11-16 08:20:51
10250,8,31,14,1,1,3,20240308,3,2025-11-16 08:20:51
10251,9,7,4,1,1,4,20240308,2,2025-11-16 08:20:51
10252,7,6,7,1,1,5,20240308,29,2025-11-16 08:20:51
10253,7,6,3,1,1,6,20240308,109,2025-11-16 08:20:51
10254,7,6,12,1,1,7,20240308,334,2025-11-16 08:20:51
10255,9,6,14,1,1,8,20240308,585,2025-11-16 08:20:51
10256,8,7,18,1,1,9,20240308,301,2025-11-16 08:20:51
10257,30,32,18,1,1,10,20240308,138,2025-11-16 08:20:51
10258,29,55,18,1,2,11,20240308,204,2025-11-16 08:20:51
10259,25,55,11,1,2,12,20240308,251,2025-11-16 08:20:51
10260,27,37,26,1,2,13,20240308,233,2025-11-16 08:20:51
10261,33,22,26,1,2,14,20240308,203,2025-11-16 08:20:51
10262,32,42,24,1,1,15,20240308,185,2025-11-16 08:20:51
10263,33,49,26,1,2,16,20240308,342,2025-11-16 08:20:51
10264,33,42,21,1,1,17,20240308,597,2025-11-16 08:20:51
10265,33,42,17,1,2,18,20240308,590,2025-11-16 08:20:51
10266,27,23,11,1,2,19,20240308,416,2025-11-16 08:20:51
10267,27,22,14,1,2,20,20240308,302,2025-11-16 08:20:51
10268,27,22,14,1,1,21,20240308,233,2025-11-16 08:20:51
10269,25,37,10,1,1,22,20240308,153,2025-11-16 08:20:51
10270,25,37,11,1,2,23,20240308,94,2025-11-16 08:20:51
10271,26,37,18,1,2,0,20240309,54,2025-11-16 08:20:51
10272,25,36,16,1,3,1,20240309,26,2025-11-16 08:20:51
10273,28,6,13,1,3,2,20240309,11,2025-11-16 08:20:51
10274,8,6,19,1,1,3,20240309,7,2025-11-16 08:20:51
10275,10,14,4,1,3,4,20240309,1,2025-11-16 08:20:51
10276,10,14,4,1,3,5,20240309,29,2025-11-16 08:20:51
10277,10,21,12,1,2,6,20240309,85,2025-11-16 08:20:51
10278,5,23,5,1,2,7,20240309,268,2025-11-16 08:20:51
10279,11,17,19,1,2,8,20240309,501,2025-11-16 08:20:51
10280,11,17,19,1,2,9,20240309,284,2025-11-16 08:20:51
10281,11,43,16,1,2,10,20240309,159,2025-11-16 08:20:51
10282,6,47,12,1,2,11,20240309,187,2025-11-16 08:20:51
10283,6,47,13,1,1,12,20240309,201,2025-11-16 08:20:51
10284,5,45,14,1,2,13,20240309,224,2025-11-16 08:20:51
10285,7,41,18,1,1,14,20240309,178,2025-11-16 08:20:51
10286,8,64,3,1,1,15,20240309,238,2025-11-16 08:20:51
10287,28,65,13,1,1,16,20240309,343,2025-11-16 08:20:51
10288,8,64,14,1,1,17,20240309,566,2025-11-16 08:20:51
10289,9,61,19,1,1,18,20240309,470,2025-11-16 08:20:51
10290,7,41,22,1,1,19,20240309,244,2025-11-16 08:20:51
10291,5,26,12,1,1,20,20240309,159,2025-11-16 08:20:51
10292,6,47,10,1,1,21,20240309,141,2025-11-16 08:20:51
10293,11,62,16,1,1,22,20240309,107,2025-11-16 08:20:51
10294,4,40,5,1,1,23,20240309,86,2025-11-16 08:20:51
10295,12,43,12,1,1,0,20240310,77,2025-11-16 08:20:51
10296,12,43,3,1,1,1,20240310,51,2025-11-16 08:20:51
10297,13,49,3,1,1,2,20240310,42,2025-11-16 08:20:51
10298,13,49,5,1,1,3,20240310,16,2025-11-16 08:20:51
10299,1,49,12,1,1,4,20240310,4,2025-11-16 08:20:51
10300,2,17,4,1,1,5,20240310,10,2025-11-16 08:20:51
10301,2,19,4,1,1,6,20240310,12,2025-11-16 08:20:51
10302,2,19,3,1,1,7,20240310,40,2025-11-16 08:20:51
10303,2,19,5,1,1,8,20240310,111,2025-11-16 08:20:51
10304,1,49,10,1,1,9,20240310,148,2025-11-16 08:20:51
10305,13,24,13,1,1,10,20240310,223,2025-11-16 08:20:51
10306,12,40,10,1,1,11,20240310,274,2025-11-16 08:20:51
10307,12,40,10,1,1,12,20240310,329,2025-11-16 08:20:51
10308,4,45,4,1,1,13,20240310,357,2025-11-16 08:20:51
10309,11,58,4,1,1,14,20240310,379,2025-11-16 08:20:51
10310,11,60,1,1,1,15,20240310,406,2025-11-16 08:20:51
10311,6,65,1,1,1,16,20240310,390,2025-11-16 08:20:51
10312,6,65,1,1,1,17,20240310,354,2025-11-16 08:20:51
10313,6,59,2,1,1,18,20240310,297,2025-11-16 08:20:51
10314,11,60,1,1,1,19,20240310,184,2025-11-16 08:20:51
10315,4,40,8,1,1,20,20240310,121,2025-11-16 08:20:51
10316,12,18,7,1,1,21,20240310,110,2025-11-16 08:20:51
10317,13,19,9,1,1,22,20240310,100,2025-11-16 08:20:51
10318,13,49,6,1,1,23,20240310,83,2025-11-16 08:20:51
10319,13,19,2,1,1,0,20240311,69,2025-11-16 08:20:51
10320,1,36,9,1,1,1,20240311,61,2025-11-16 08:20:51
10321,1,55,8,1,1,3,20240311,66,2025-11-16 08:20:51
10322,1,55,8,1,1,4,20240311,22,2025-11-16 08:20:51
10323,1,55,9,1,1,5,20240311,7,2025-11-16 08:20:51
10324,1,57,9,1,1,6,20240311,10,2025-11-16 08:20:51
10325,2,28,8,1,1,7,20240311,17,2025-11-16 08:20:51
10326,2,28,8,1,1,8,20240311,72,2025-11-16 08:20:51
10327,13,55,7,1,1,9,20240311,90,2025-11-16 08:20:51
10328,4,37,4,1,1,10,20240311,218,2025-11-16 08:20:51
10329,6,22,4,1,1,11,20240311,299,2025-11-16 08:20:51
10330,10,39,5,1,1,12,20240311,410,2025-11-16 08:20:51
10331,7,49,5,1,1,13,20240311,464,2025-11-16 08:20:51
10332,8,62,4,1,1,14,20240311,501,2025-11-16 08:20:51
10333,30,45,5,1,1,15,20240311,487,2025-11-16 08:20:51
10334,30,62,12,1,1,16,20240311,509,2025-11-16 08:20:51
10335,24,58,5,1,1,17,20240311,498,2025-11-16 08:20:51
10336,24,45,4,1,1,18,20240311,389,2025-11-16 08:20:51
10337,30,62,4,1,1,19,20240311,258,2025-11-16 08:20:51
10338,9,20,7,1,1,20,20240311,171,2025-11-16 08:20:51
10339,7,48,7,1,1,21,20240311,147,2025-11-16 08:20:51
10340,10,48,6,1,1,22,20240311,94,2025-11-16 08:20:51
10341,10,21,9,1,1,23,20240311,52,2025-11-16 08:20:51
10342,5,48,6,1,1,0,20240312,24,2025-11-16 08:20:51
10343,5,21,8,1,1,1,20240312,10,2025-11-16 08:20:51
10344,5,48,15,1,1,2,20240312,9,2025-11-16 08:20:51
10345,6,21,8,1,1,3,20240312,2,2025-11-16 08:20:51
10346,11,54,6,1,1,4,20240312,3,2025-11-16 08:20:51
10347,11,54,6,1,1,5,20240312,16,2025-11-16 08:20:51
10348,11,15,15,1,1,6,20240312,88,2025-11-16 08:20:51
10349,11,46,15,1,1,7,20240312,268,2025-11-16 08:20:51
10350,11,54,8,1,1,8,20240312,564,2025-11-16 08:20:51
10351,5,48,9,1,1,9,20240312,281,2025-11-16 08:20:51
10352,10,21,7,1,1,10,20240312,137,2025-11-16 08:20:51
10353,9,19,7,1,1,11,20240312,150,2025-11-16 08:20:51
10354,28,18,7,1,1,12,20240312,221,2025-11-16 08:20:51
10355,29,26,3,1,2,13,20240312,250,2025-11-16 08:20:51
10356,26,26,4,1,2,14,20240312,221,2025-11-16 08:20:51
10357,25,23,8,1,1,15,20240312,233,2025-11-16 08:20:51
10358,33,24,11,1,1,16,20240312,332,2025-11-16 08:20:51
10359,33,42,13,1,2,17,20240312,644,2025-11-16 08:20:51
10360,27,22,6,1,2,18,20240312,712,2025-11-16 08:20:51
10361,25,37,7,1,2,19,20240312,446,2025-11-16 08:20:51
10362,25,37,7,1,2,20,20240312,286,2025-11-16 08:20:51
10363,29,35,7,1,2,21,20240312,205,2025-11-16 08:20:51
10364,25,35,7,1,2,22,20240312,133,2025-11-16 08:20:51
10365,25,35,7,1,1,23,20240312,63,2025-11-16 08:20:51
10366,25,36,6,1,2,0,20240313,26,2025-11-16 08:20:51
10367,24,30,7,1,2,1,20240313,16,2025-11-16 08:20:51
10368,24,7,5,1,3,2,20240313,1,2025-11-16 08:20:51
10369,24,7,5,1,3,3,20240313,2,2025-11-16 08:20:51
10370,8,8,6,1,2,4,20240313,1,2025-11-16 08:20:51
10371,8,8,6,1,2,5,20240313,24,2025-11-16 08:20:51
10372,8,8,6,1,3,6,20240313,113,2025-11-16 08:20:51
10373,8,8,4,1,2,7,20240313,308,2025-11-16 08:20:51
10374,8,8,4,1,1,8,20240313,593,2025-11-16 08:20:51
10375,28,8,4,1,1,9,20240313,342,2025-11-16 08:20:51
10376,24,6,7,1,1,10,20240313,143,2025-11-16 08:20:51
10377,29,63,4,1,1,11,20240313,219,2025-11-16 08:20:51
10378,27,55,4,1,1,12,20240313,244,2025-11-16 08:20:51
10379,27,55,14,1,1,13,20240313,233,2025-11-16 08:20:51
10380,32,46,10,1,1,14,20240313,212,2025-11-16 08:20:51
10381,35,18,7,1,1,15,20240313,264,2025-11-16 08:20:51
10382,38,47,14,1,1,16,20240313,365,2025-11-16 08:20:51
10383,35,39,15,1,1,17,20240313,676,2025-11-16 08:20:51
10384,35,47,5,1,1,18,20240313,734,2025-11-16 08:20:51
10385,32,20,7,1,1,19,20240313,479,2025-11-16 08:20:51
10386,27,37,9,1,1,20,20240313,351,2025-11-16 08:20:51
10387,26,35,15,1,1,21,20240313,244,2025-11-16 08:20:51
10388,25,55,2,1,1,22,20240313,170,2025-11-16 08:20:51
10389,25,35,8,1,1,23,20240313,87,2025-11-16 08:20:51
10390,29,55,15,1,1,0,20240314,39,2025-11-16 08:20:51
10391,24,31,2,1,1,1,20240314,27,2025-11-16 08:20:51
10392,30,32,6,1,1,2,20240314,2,2025-11-16 08:20:51
10393,28,7,6,1,1,3,20240314,4,2025-11-16 08:20:51
10394,28,69,2,1,1,4,20240314,5,2025-11-16 08:20:51
10395,9,8,8,1,1,5,20240314,27,2025-11-16 08:20:51
10396,9,8,2,1,1,6,20240314,121,2025-11-16 08:20:51
10397,9,8,15,1,1,7,20240314,368,2025-11-16 08:20:51
10398,9,8,1,1,1,8,20240314,662,2025-11-16 08:20:51
10399,24,32,1,1,1,9,20240314,351,2025-11-16 08:20:51
10400,25,35,15,1,1,10,20240314,188,2025-11-16 08:20:51
10401,33,49,9,1,2,11,20240314,220,2025-11-16 08:20:51
10402,32,45,1,1,2,12,20240314,267,2025-11-16 08:20:51
10403,31,58,7,1,1,13,20240314,254,2025-11-16 08:20:51
10404,35,65,10,1,1,14,20240314,224,2025-11-16 08:20:51
10405,35,64,1,1,1,15,20240314,283,2025-11-16 08:20:51
10406,38,60,6,1,1,16,20240314,356,2025-11-16 08:20:51
10407,35,41,2,1,1,17,20240314,782,2025-11-16 08:20:51
10408,35,26,1,1,1,18,20240314,749,2025-11-16 08:20:51
10409,32,40,9,1,1,19,20240314,472,2025-11-16 08:20:51
10410,33,24,15,1,1,20,20240314,330,2025-11-16 08:20:51
10411,27,23,2,1,1,21,20240314,288,2025-11-16 08:20:51
10412,24,29,8,1,1,22,20240314,202,2025-11-16 08:20:51
10413,25,22,9,1,1,23,20240314,91,2025-11-16 08:20:51
10414,29,37,8,1,1,0,20240315,60,2025-11-16 08:20:51
10415,30,30,15,1,1,1,20240315,23,2025-11-16 08:20:51
10416,30,30,1,1,1,2,20240315,19,2025-11-16 08:20:51
10417,30,31,1,1,1,3,20240315,7,2025-11-16 08:20:51
10418,9,6,15,1,1,4,20240315,14,2025-11-16 08:20:51
10419,8,69,1,1,1,5,20240315,26,2025-11-16 08:20:51
10420,9,7,2,1,1,6,20240315,117,2025-11-16 08:20:51
10421,9,7,2,1,1,7,20240315,381,2025-11-16 08:20:51
10422,9,6,15,1,1,8,20240315,623,2025-11-16 08:20:51
10423,28,6,2,1,1,9,20240315,315,2025-11-16 08:20:51
10424,24,32,15,1,1,10,20240315,164,2025-11-16 08:20:51
10425,25,55,8,1,1,11,20240315,211,2025-11-16 08:20:51
10426,33,21,8,1,2,12,20240315,265,2025-11-16 08:20:51
10427,31,49,2,1,2,13,20240315,273,2025-11-16 08:20:51
10428,38,25,15,1,2,14,20240315,258,2025-11-16 08:20:51
10429,38,26,7,1,1,15,20240315,287,2025-11-16 08:20:51
10430,38,39,14,1,1,16,20240315,426,2025-11-16 08:20:51
10431,35,18,3,1,1,17,20240315,713,2025-11-16 08:20:51
10432,31,19,4,1,1,18,20240315,746,2025-11-16 08:20:51
10433,32,21,6,1,2,19,20240315,425,2025-11-16 08:20:51
10434,26,55,12,1,2,20,20240315,330,2025-11-16 08:20:51
10435,29,32,4,1,1,21,20240315,243,2025-11-16 08:20:51
10436,24,32,8,1,1,22,20240315,169,2025-11-16 08:20:51
10437,28,7,6,1,1,23,20240315,97,2025-11-16 08:20:51
10438,9,6,3,1,1,0,20240316,57,2025-11-16 08:20:51
10439,7,8,10,1,2,1,20240316,26,2025-11-16 08:20:51
10440,7,8,6,1,2,2,20240316,4,2025-11-16 08:20:51
10441,10,10,4,1,2,3,20240316,3,2025-11-16 08:20:51
10442,10,10,3,1,2,4,20240316,3,2025-11-16 08:20:51
10443,10,10,7,1,2,5,20240316,32,2025-11-16 08:20:51
10444,10,10,9,1,2,6,20240316,99,2025-11-16 08:20:51
10445,10,10,6,1,2,7,20240316,278,2025-11-16 08:20:51
10446,10,10,7,1,2,8,20240316,562,2025-11-16 08:20:51
10447,7,8,1,1,2,9,20240316,312,2025-11-16 08:20:51
10448,10,10,2,1,2,10,20240316,180,2025-11-16 08:20:51
10449,9,6,1,1,2,11,20240316,207,2025-11-16 08:20:51
10450,9,8,8,1,2,12,20240316,294,2025-11-16 08:20:51
10451,8,6,2,1,2,13,20240316,260,2025-11-16 08:20:51
10452,28,7,1,1,2,14,20240316,202,2025-11-16 08:20:51
10453,8,8,15,1,3,15,20240316,107,2025-11-16 08:20:51
10454,28,6,1,1,3,16,20240316,129,2025-11-16 08:20:51
10455,28,8,2,1,3,17,20240316,258,2025-11-16 08:20:51
10456,28,8,2,1,3,18,20240316,408,2025-11-16 08:20:51
10457,8,9,1,1,2,19,20240316,296,2025-11-16 08:20:51
10458,8,9,1,1,1,20,20240316,235,2025-11-16 08:20:51
10459,9,11,1,1,2,21,20240316,152,2025-11-16 08:20:51
10460,9,11,1,1,2,22,20240316,148,2025-11-16 08:20:51
10461,9,11,1,1,2,23,20240316,126,2025-11-16 08:20:51
10462,9,11,2,1,2,0,20240317,100,2025-11-16 08:20:51
10463,9,11,1,1,2,1,20240317,69,2025-11-16 08:20:51
10464,9,9,1,1,2,2,20240317,42,2025-11-16 08:20:51
10465,9,9,1,1,2,3,20240317,26,2025-11-16 08:20:51
10466,7,11,1,1,2,4,20240317,2,2025-11-16 08:20:51
10467,7,11,2,1,2,5,20240317,8,2025-11-16 08:20:51
10468,7,11,6,1,2,6,20240317,30,2025-11-16 08:20:51
10469,10,12,8,1,2,7,20240317,86,2025-11-16 08:20:51
10470,7,11,15,1,2,8,20240317,218,2025-11-16 08:20:51
10471,9,9,2,1,2,9,20240317,321,2025-11-16 08:20:51
10472,30,6,2,1,2,10,20240317,443,2025-11-16 08:20:51
10473,24,6,8,1,2,11,20240317,585,2025-11-16 08:20:51
10474,25,32,9,1,1,12,20240317,651,2025-11-16 08:20:51
10475,27,55,15,1,1,13,20240317,686,2025-11-16 08:20:51
10476,33,46,2,1,1,14,20240317,690,2025-11-16 08:20:51
10477,32,46,8,1,1,15,20240317,679,2025-11-16 08:20:51
10478,32,21,1,1,1,16,20240317,685,2025-11-16 08:20:51
10479,32,21,8,1,1,17,20240317,648,2025-11-16 08:20:51
10480,33,15,5,1,1,18,20240317,560,2025-11-16 08:20:51
10481,26,27,4,1,1,19,20240317,417,2025-11-16 08:20:51
10482,25,27,6,1,1,20,20240317,271,2025-11-16 08:20:51
10483,29,32,9,1,1,21,20240317,223,2025-11-16 08:20:51
10484,29,32,1,1,1,22,20240317,211,2025-11-16 08:20:51
10485,30,6,9,1,1,23,20240317,185,2025-11-16 08:20:51
10486,8,9,6,1,1,0,20240318,107,2025-11-16 08:20:51
10487,8,8,8,1,1,1,20240318,113,2025-11-16 08:20:51
10488,8,8,15,1,2,2,20240318,56,2025-11-16 08:20:51
10489,9,9,8,1,2,3,20240318,18,2025-11-16 08:20:51
10490,7,11,9,1,2,4,20240318,14,2025-11-16 08:20:51
10491,10,11,15,1,2,5,20240318,6,2025-11-16 08:20:51
10492,10,11,15,1,2,6,20240318,11,2025-11-16 08:20:51
10493,7,9,9,1,3,7,20240318,42,2025-11-16 08:20:51
10494,7,9,15,1,2,8,20240318,96,2025-11-16 08:20:51
10495,7,9,2,1,2,9,20240318,178,2025-11-16 08:20:51
10496,7,9,15,1,2,10,20240318,351,2025-11-16 08:20:51
10497,9,8,9,1,2,11,20240318,368,2025-11-16 08:20:51
10498,9,9,8,1,2,12,20240318,503,2025-11-16 08:20:51
10499,8,8,9,1,2,13,20240318,544,2025-11-16 08:20:51
10500,30,6,2,1,2,14,20240318,521,2025-11-16 08:20:51
10501,29,32,2,1,1,15,20240318,554,2025-11-16 08:20:51
10502,29,63,2,1,1,16,20240318,541,2025-11-16 08:20:51
10503,25,27,2,1,1,17,20240318,541,2025-11-16 08:20:51
10504,25,27,9,1,1,18,20240318,459,2025-11-16 08:20:51
10505,25,27,9,1,1,19,20240318,352,2025-11-16 08:20:51
10506,24,6,8,1,1,20,20240318,198,2025-11-16 08:20:51
10507,24,7,2,1,1,21,20240318,173,2025-11-16 08:20:51
10508,30,6,15,1,1,22,20240318,100,2025-11-16 08:20:51
10509,28,8,9,1,1,23,20240318,46,2025-11-16 08:20:51
10510,28,8,15,1,1,0,20240319,23,2025-11-16 08:20:51
10511,8,9,15,1,1,1,20240319,15,2025-11-16 08:20:51
10512,8,9,9,1,1,2,20240319,8,2025-11-16 08:20:51
10513,8,9,2,1,1,3,20240319,2,2025-11-16 08:20:51
10514,9,11,1,1,1,4,20240319,3,2025-11-16 08:20:51
10515,9,11,1,1,1,5,20240319,31,2025-11-16 08:20:51
10516,8,9,8,1,1,6,20240319,120,2025-11-16 08:20:51
10517,8,9,6,1,1,7,20240319,354,2025-11-16 08:20:51
10518,8,9,15,1,1,8,20240319,579,2025-11-16 08:20:51
10519,30,7,9,1,1,9,20240319,331,2025-11-16 08:20:51
10520,24,7,8,1,1,10,20240319,184,2025-11-16 08:20:51
10521,25,32,9,1,1,11,20240319,201,2025-11-16 08:20:51
10522,27,27,3,1,1,12,20240319,282,2025-11-16 08:20:51
10523,33,54,3,1,1,13,20240319,263,2025-11-16 08:20:51
10524,32,15,6,1,2,14,20240319,260,2025-11-16 08:20:51
10525,32,15,7,1,1,15,20240319,286,2025-11-16 08:20:51
10526,31,21,7,1,1,16,20240319,385,2025-11-16 08:20:51
10527,32,46,7,1,1,17,20240319,721,2025-11-16 08:20:51
10528,32,15,3,1,1,18,20240319,801,2025-11-16 08:20:51
10529,33,54,7,1,1,19,20240319,549,2025-11-16 08:20:51
10530,27,27,7,1,1,20,20240319,330,2025-11-16 08:20:51
10531,27,27,9,1,1,21,20240319,223,2025-11-16 08:20:51
10532,25,63,9,1,2,22,20240319,148,2025-11-16 08:20:51
10533,25,84,8,1,2,23,20240319,54,2025-11-16 08:20:51
10534,25,84,2,1,2,0,20240320,29,2025-11-16 08:20:51
10535,29,9,1,1,1,1,20240320,15,2025-11-16 08:20:51
10536,29,9,2,1,1,2,20240320,10,2025-11-16 08:20:51
10537,29,9,1,1,2,3,20240320,3,2025-11-16 08:20:51
10538,24,9,8,1,2,4,20240320,6,2025-11-16 08:20:51
10539,24,11,1,1,2,5,20240320,20,2025-11-16 08:20:51
10540,24,11,9,1,2,6,20240320,100,2025-11-16 08:20:51
10541,24,11,7,1,3,7,20240320,170,2025-11-16 08:20:51
10542,24,9,15,1,2,8,20240320,516,2025-11-16 08:20:51
10543,29,9,9,1,2,9,20240320,325,2025-11-16 08:20:51
10544,29,9,6,1,1,10,20240320,163,2025-11-16 08:20:51
10545,26,83,8,1,1,11,20240320,230,2025-11-16 08:20:51
10546,27,84,3,1,1,12,20240320,261,2025-11-16 08:20:51
10547,27,84,6,1,1,13,20240320,284,2025-11-16 08:20:51
10548,27,63,9,1,2,14,20240320,248,2025-11-16 08:20:51
10549,33,28,15,1,2,15,20240320,244,2025-11-16 08:20:51
10550,33,14,7,1,1,16,20240320,431,2025-11-16 08:20:51
10551,27,63,6,1,1,17,20240320,750,2025-11-16 08:20:51
10552,27,28,3,1,1,18,20240320,801,2025-11-16 08:20:51
10553,26,63,8,1,1,19,20240320,555,2025-11-16 08:20:51
10554,26,32,2,1,1,20,20240320,377,2025-11-16 08:20:51
10555,25,63,1,1,1,21,20240320,277,2025-11-16 08:20:51
10556,29,6,1,1,1,22,20240320,188,2025-11-16 08:20:51
10557,24,83,1,1,1,23,20240320,90,2025-11-16 08:20:51
10558,24,9,1,2,1,0,20240321,33,2025-11-16 08:20:51
10559,24,83,2,2,1,1,20240321,26,2025-11-16 08:20:51
10560,30,9,8,2,1,2,20240321,10,2025-11-16 08:20:51
10561,30,9,6,2,2,3,20240321,8,2025-11-16 08:20:51
10562,30,9,8,2,2,4,20240321,4,2025-11-16 08:20:51
10563,30,9,8,2,2,5,20240321,39,2025-11-16 08:20:51
10564,28,11,7,2,2,6,20240321,149,2025-11-16 08:20:51
10565,28,11,6,2,3,7,20240321,372,2025-11-16 08:20:51
10566,28,11,15,2,3,8,20240321,535,2025-11-16 08:20:51
10567,30,9,9,2,2,9,20240321,293,2025-11-16 08:20:51
10568,24,83,9,2,2,10,20240321,154,2025-11-16 08:20:51
10569,24,83,9,2,2,11,20240321,192,2025-11-16 08:20:51
10570,29,6,1,2,2,12,20240321,229,2025-11-16 08:20:51
10571,29,83,1,2,2,13,20240321,303,2025-11-16 08:20:51
10572,25,84,1,2,2,14,20240321,225,2025-11-16 08:20:51
10573,25,84,1,2,2,15,20240321,243,2025-11-16 08:20:51
10574,26,63,1,2,1,16,20240321,378,2025-11-16 08:20:51
10575,27,28,2,2,1,17,20240321,729,2025-11-16 08:20:51
10576,27,28,1,2,1,18,20240321,779,2025-11-16 08:20:51
10577,27,27,1,2,1,19,20240321,582,2025-11-16 08:20:51
10578,25,84,2,2,1,20,20240321,374,2025-11-16 08:20:51
10579,29,83,15,2,1,21,20240321,251,2025-11-16 08:20:51
10580,24,83,9,2,1,22,20240321,197,2025-11-16 08:20:51
10581,29,6,1,2,1,23,20240321,125,2025-11-16 08:20:51
10582,24,83,2,2,1,0,20240322,41,2025-11-16 08:20:51
10583,24,83,2,2,1,1,20240322,30,2025-11-16 08:20:51
10584,24,83,2,2,1,2,20240322,6,2025-11-16 08:20:51
10585,24,83,2,2,1,3,20240322,7,2025-11-16 08:20:51
10586,28,12,2,2,2,4,20240322,6,2025-11-16 08:20:51
10587,28,12,2,2,2,5,20240322,34,2025-11-16 08:20:51
10588,28,12,2,2,2,6,20240322,136,2025-11-16 08:20:51
10589,28,12,2,2,2,7,20240322,361,2025-11-16 08:20:51
10590,30,11,2,2,2,8,20240322,649,2025-11-16 08:20:51
10591,30,11,2,2,2,9,20240322,318,2025-11-16 08:20:51
10592,30,12,2,2,2,10,20240322,142,2025-11-16 08:20:51
10593,24,11,1,2,2,11,20240322,219,2025-11-16 08:20:51
10594,29,9,6,2,2,12,20240322,272,2025-11-16 08:20:51
10595,26,84,2,2,1,13,20240322,298,2025-11-16 08:20:51
10596,27,63,15,2,1,14,20240322,257,2025-11-16 08:20:51
10597,33,28,6,2,1,15,20240322,304,2025-11-16 08:20:51
10598,32,56,6,2,1,16,20240322,425,2025-11-16 08:20:51
10599,31,56,9,2,1,17,20240322,810,2025-11-16 08:20:51
10600,31,56,9,2,1,18,20240322,801,2025-11-16 08:20:51
10601,31,54,1,2,1,19,20240322,586,2025-11-16 08:20:51
10602,33,63,4,2,1,20,20240322,424,2025-11-16 08:20:51
10603,26,84,9,2,1,21,20240322,374,2025-11-16 08:20:51
10604,25,83,6,2,1,22,20240322,220,2025-11-16 08:20:51
10605,25,83,2,2,1,23,20240322,151,2025-11-16 08:20:51
10606,25,83,1,2,1,0,20240323,95,2025-11-16 08:20:51
10607,29,9,1,2,1,1,20240323,50,2025-11-16 08:20:51
10608,29,9,2,2,1,2,20240323,32,2025-11-16 08:20:51
10609,24,9,15,2,1,3,20240323,10,2025-11-16 08:20:51
10610,30,11,15,2,2,4,20240323,3,2025-11-16 08:20:51
10611,30,11,1,2,2,5,20240323,34,2025-11-16 08:20:51
10612,30,9,1,2,2,6,20240323,116,2025-11-16 08:20:51
10613,30,44,8,2,2,7,20240323,346,2025-11-16 08:20:51
10614,30,11,8,2,2,8,20240323,662,2025-11-16 08:20:51
10615,24,82,2,2,2,9,20240323,380,2025-11-16 08:20:51
10616,25,9,15,2,2,10,20240323,275,2025-11-16 08:20:51
10617,33,63,15,2,2,11,20240323,318,2025-11-16 08:20:51
10618,31,54,7,2,2,12,20240323,471,2025-11-16 08:20:51
10619,35,38,1,2,2,13,20240323,428,2025-11-16 08:20:51
10620,38,17,15,2,2,14,20240323,432,2025-11-16 08:20:51
10621,38,17,8,2,2,15,20240323,472,2025-11-16 08:20:51
10622,38,17,9,2,2,16,20240323,589,2025-11-16 08:20:51
10623,38,17,9,2,2,17,20240323,957,2025-11-16 08:20:51
10624,35,50,9,2,1,18,20240323,830,2025-11-16 08:20:51
10625,31,21,6,2,1,19,20240323,686,2025-11-16 08:20:51
10626,31,20,8,2,1,20,20240323,445,2025-11-16 08:20:51
10627,33,46,15,2,1,21,20240323,284,2025-11-16 08:20:51
10628,27,27,4,2,1,22,20240323,271,2025-11-16 08:20:51
10629,27,28,3,2,1,23,20240323,176,2025-11-16 08:20:51
10630,26,32,1,2,1,0,20240324,156,2025-11-16 08:20:51
10631,25,63,2,2,1,1,20240324,128,2025-11-16 08:20:51
10632,29,6,15,2,1,2,20240324,69,2025-11-16 08:20:51
10633,29,6,15,2,1,3,20240324,32,2025-11-16 08:20:51
10634,24,83,2,2,1,4,20240324,7,2025-11-16 08:20:51
10635,24,83,9,2,2,5,20240324,4,2025-11-16 08:20:51
10636,24,83,9,2,2,6,20240324,28,2025-11-16 08:20:51
10637,30,9,8,2,2,7,20240324,70,2025-11-16 08:20:51
10638,30,11,6,2,2,8,20240324,154,2025-11-16 08:20:51
10639,24,83,8,2,2,9,20240324,249,2025-11-16 08:20:51
10640,24,9,6,2,2,10,20240324,345,2025-11-16 08:20:51
10641,30,11,6,2,2,11,20240324,273,2025-11-16 08:20:51
10642,24,11,7,2,3,12,20240324,183,2025-11-16 08:20:51
10643,24,11,3,2,3,13,20240324,196,2025-11-16 08:20:51
10644,24,9,12,2,3,14,20240324,223,2025-11-16 08:20:51
10645,30,11,13,2,3,15,20240324,290,2025-11-16 08:20:51
10646,30,11,5,2,3,16,20240324,177,2025-11-16 08:20:51
10647,30,9,7,2,3,17,20240324,115,2025-11-16 08:20:51
10648,8,11,7,2,3,18,20240324,137,2025-11-16 08:20:51
10649,8,11,8,2,3,19,20240324,133,2025-11-16 08:20:51
10650,9,12,6,2,3,20,20240324,111,2025-11-16 08:20:51
10651,9,12,6,2,3,21,20240324,104,2025-11-16 08:20:51
10652,9,12,3,2,3,22,20240324,83,2025-11-16 08:20:51
10653,9,11,4,2,2,23,20240324,105,2025-11-16 08:20:51
10654,9,11,4,2,2,0,20240325,80,2025-11-16 08:20:51
10655,7,12,3,2,2,1,20240325,89,2025-11-16 08:20:51
10656,7,12,5,2,3,2,20240325,35,2025-11-16 08:20:51
10657,7,11,5,2,3,3,20240325,18,2025-11-16 08:20:51
10658,7,11,10,2,2,4,20240325,8,2025-11-16 08:20:51
10659,10,12,3,2,2,5,20240325,6,2025-11-16 08:20:51
10660,10,12,3,2,2,6,20240325,18,2025-11-16 08:20:51
10661,10,11,10,2,2,7,20240325,39,2025-11-16 08:20:51
10662,10,11,10,2,2,8,20240325,89,2025-11-16 08:20:51
10663,10,11,3,2,2,9,20240325,118,2025-11-16 08:20:51
10664,10,10,10,2,2,10,20240325,250,2025-11-16 08:20:51
10665,10,11,3,2,2,11,20240325,323,2025-11-16 08:20:51
10666,10,11,7,2,2,12,20240325,360,2025-11-16 08:20:51
10667,7,9,9,2,2,13,20240325,367,2025-11-16 08:20:51
10668,9,9,9,2,2,14,20240325,414,2025-11-16 08:20:51
10669,9,9,6,2,2,15,20240325,421,2025-11-16 08:20:51
10670,28,6,1,2,1,16,20240325,492,2025-11-16 08:20:51
10671,30,7,2,2,1,17,20240325,419,2025-11-16 08:20:51
10672,30,7,2,2,1,18,20240325,491,2025-11-16 08:20:51
10673,30,7,3,2,1,19,20240325,375,2025-11-16 08:20:51
10674,28,6,7,2,1,20,20240325,259,2025-11-16 08:20:51
10675,28,6,9,2,1,21,20240325,149,2025-11-16 08:20:51
10676,8,8,8,2,1,22,20240325,111,2025-11-16 08:20:51
10677,28,8,8,2,1,23,20240325,65,2025-11-16 08:20:51
10678,28,8,9,2,2,0,20240326,33,2025-11-16 08:20:51
10679,28,8,3,2,1,1,20240326,28,2025-11-16 08:20:51
10680,8,9,7,2,1,2,20240326,20,2025-11-16 08:20:51
10681,8,8,6,2,1,3,20240326,1,2025-11-16 08:20:51
10682,9,8,9,2,1,4,20240326,4,2025-11-16 08:20:51
10683,9,6,9,2,1,5,20240326,36,2025-11-16 08:20:51
10684,7,8,6,2,1,6,20240326,117,2025-11-16 08:20:51
10685,9,7,6,2,1,7,20240326,370,2025-11-16 08:20:51
10686,9,52,7,2,1,8,20240326,657,2025-11-16 08:20:51
10687,8,20,4,2,1,9,20240326,282,2025-11-16 08:20:51
10688,30,43,20,2,1,10,20240326,153,2025-11-16 08:20:51
10689,28,62,20,2,1,11,20240326,178,2025-11-16 08:20:51
10690,28,40,19,2,1,12,20240326,279,2025-11-16 08:20:51
10691,28,45,24,2,1,13,20240326,301,2025-11-16 08:20:51
10692,28,40,11,2,1,14,20240326,217,2025-11-16 08:20:51
10693,28,45,22,2,1,15,20240326,223,2025-11-16 08:20:51
10694,28,60,26,2,1,16,20240326,305,2025-11-16 08:20:51
10695,8,64,11,2,1,17,20240326,664,2025-11-16 08:20:51
10696,9,61,11,2,1,18,20240326,684,2025-11-16 08:20:51
10697,7,64,12,2,1,19,20240326,458,2025-11-16 08:20:51
10698,10,61,19,2,1,20,20240326,221,2025-11-16 08:20:51
10699,5,60,16,2,1,21,20240326,186,2025-11-16 08:20:51
10700,6,60,12,2,1,22,20240326,93,2025-11-16 08:20:51
10701,11,60,19,2,1,23,20240326,48,2025-11-16 08:20:51
10702,4,61,19,2,1,0,20240327,10,2025-11-16 08:20:51
10703,12,61,18,2,1,1,20240327,5,2025-11-16 08:20:51
10704,13,25,5,2,1,2,20240327,7,2025-11-16 08:20:51
10705,13,25,10,2,1,3,20240327,4,2025-11-16 08:20:51
10706,1,26,12,2,1,4,20240327,3,2025-11-16 08:20:51
10707,2,39,4,2,1,5,20240327,17,2025-11-16 08:20:51
10708,2,39,6,2,1,6,20240327,101,2025-11-16 08:20:51
10709,2,39,6,2,1,7,20240327,286,2025-11-16 08:20:51
10710,2,39,5,2,1,8,20240327,581,2025-11-16 08:20:51
10711,1,42,6,2,1,9,20240327,267,2025-11-16 08:20:51
10712,13,24,7,2,1,10,20240327,138,2025-11-16 08:20:51
10713,12,62,9,2,1,11,20240327,175,2025-11-16 08:20:51
10714,4,62,9,2,1,12,20240327,220,2025-11-16 08:20:51
10715,6,58,1,2,1,13,20240327,211,2025-11-16 08:20:51
10716,10,64,8,2,1,14,20240327,184,2025-11-16 08:20:51
10717,7,79,1,2,1,15,20240327,200,2025-11-16 08:20:51
10718,7,79,1,2,1,16,20240327,305,2025-11-16 08:20:51
10719,9,76,1,2,1,17,20240327,614,2025-11-16 08:20:51
10720,7,75,2,2,1,18,20240327,644,2025-11-16 08:20:51
10721,7,75,1,2,1,19,20240327,417,2025-11-16 08:20:51
10722,7,75,2,2,1,20,20240327,294,2025-11-16 08:20:51
10723,6,39,9,2,1,21,20240327,221,2025-11-16 08:20:51
10724,6,39,8,2,1,22,20240327,134,2025-11-16 08:20:51
10725,6,39,6,2,1,23,20240327,64,2025-11-16 08:20:51
10726,6,23,4,2,1,0,20240328,30,2025-11-16 08:20:51
10727,6,16,5,2,1,1,20240328,8,2025-11-16 08:20:51
10728,11,37,5,2,1,2,20240328,3,2025-11-16 08:20:51
10729,11,17,10,2,1,3,20240328,5,2025-11-16 08:20:51
10730,6,22,5,2,1,4,20240328,1,2025-11-16 08:20:51
10731,6,22,5,2,1,5,20240328,40,2025-11-16 08:20:51
10732,6,16,12,2,1,6,20240328,115,2025-11-16 08:20:51
10733,6,16,10,2,1,7,20240328,358,2025-11-16 08:20:51
10734,5,16,12,2,1,8,20240328,658,2025-11-16 08:20:51
10735,10,22,11,2,1,9,20240328,314,2025-11-16 08:20:51
10736,8,49,13,2,1,10,20240328,173,2025-11-16 08:20:51
10737,30,17,14,2,1,11,20240328,222,2025-11-16 08:20:51
10738,29,18,12,2,2,12,20240328,268,2025-11-16 08:20:51
10739,25,22,10,2,1,13,20240328,273,2025-11-16 08:20:51
10740,33,42,12,2,1,14,20240328,221,2025-11-16 08:20:51
10741,33,49,5,2,2,15,20240328,199,2025-11-16 08:20:51
10742,33,22,2,2,3,16,20240328,221,2025-11-16 08:20:51
10743,27,55,7,2,1,17,20240328,604,2025-11-16 08:20:51
10744,27,55,7,2,1,18,20240328,641,2025-11-16 08:20:51
10745,27,35,6,2,1,19,20240328,456,2025-11-16 08:20:51
10746,27,35,5,2,1,20,20240328,362,2025-11-16 08:20:51
10747,26,55,3,2,1,21,20240328,261,2025-11-16 08:20:51
10748,25,27,8,2,1,22,20240328,172,2025-11-16 08:20:51
10749,29,32,8,2,1,23,20240328,93,2025-11-16 08:20:51
10750,29,32,6,2,1,0,20240329,48,2025-11-16 08:20:51
10751,25,55,8,2,1,1,20240329,33,2025-11-16 08:20:51
10752,27,41,5,2,1,2,20240329,6,2025-11-16 08:20:51
10753,26,41,3,2,1,3,20240329,5,2025-11-16 08:20:51
10754,24,43,3,2,1,4,20240329,9,2025-11-16 08:20:51
10755,30,50,7,2,1,5,20240329,32,2025-11-16 08:20:51
10756,8,30,3,2,1,6,20240329,117,2025-11-16 08:20:51
10757,8,34,12,2,1,7,20240329,367,2025-11-16 08:20:51
10758,8,20,13,2,1,8,20240329,654,2025-11-16 08:20:51
10759,28,38,13,2,1,9,20240329,321,2025-11-16 08:20:51
10760,8,20,11,2,1,10,20240329,166,2025-11-16 08:20:51
10761,30,50,13,2,1,11,20240329,220,2025-11-16 08:20:51
10762,30,17,16,2,1,12,20240329,292,2025-11-16 08:20:51
10763,8,19,10,2,1,13,20240329,273,2025-11-16 08:20:51
10764,30,17,12,2,1,14,20240329,238,2025-11-16 08:20:51
10765,24,18,12,2,1,15,20240329,307,2025-11-16 08:20:51
10766,24,43,10,2,1,16,20240329,388,2025-11-16 08:20:51
10767,24,42,14,2,1,17,20240329,703,2025-11-16 08:20:51
10768,30,18,5,2,1,18,20240329,681,2025-11-16 08:20:51
10769,28,18,4,2,1,19,20240329,468,2025-11-16 08:20:51
10770,8,42,5,2,1,20,20240329,335,2025-11-16 08:20:51
10771,9,19,4,2,1,21,20240329,224,2025-11-16 08:20:51
10772,7,19,4,2,1,22,20240329,152,2025-11-16 08:20:51
10773,7,20,5,2,1,23,20240329,94,2025-11-16 08:20:51
10774,10,20,5,2,1,0,20240330,59,2025-11-16 08:20:51
10775,5,21,4,2,1,1,20240330,27,2025-11-16 08:20:51
10776,6,46,5,2,1,2,20240330,7,2025-11-16 08:20:51
10777,11,54,8,2,1,3,20240330,7,2025-11-16 08:20:51
10778,11,46,2,2,1,4,20240330,2,2025-11-16 08:20:51
10779,4,54,2,2,1,5,20240330,26,2025-11-16 08:20:51
10780,4,15,8,2,1,6,20240330,86,2025-11-16 08:20:51
10781,4,15,9,2,1,7,20240330,289,2025-11-16 08:20:51
10782,4,14,9,2,1,8,20240330,593,2025-11-16 08:20:51
10783,11,15,9,2,1,9,20240330,321,2025-11-16 08:20:51
10784,6,15,15,2,2,10,20240330,187,2025-11-16 08:20:51
10785,6,46,1,2,2,11,20240330,201,2025-11-16 08:20:51
10786,5,48,1,2,2,12,20240330,270,2025-11-16 08:20:51
10787,10,21,1,2,3,13,20240330,242,2025-11-16 08:20:51
10788,10,48,1,2,3,14,20240330,229,2025-11-16 08:20:51
10789,7,48,1,2,3,15,20240330,280,2025-11-16 08:20:51
10790,10,52,4,2,3,16,20240330,367,2025-11-16 08:20:51
10791,10,52,7,2,2,17,20240330,606,2025-11-16 08:20:51
10792,7,48,6,2,1,18,20240330,560,2025-11-16 08:20:51
10793,10,52,7,2,1,19,20240330,395,2025-11-16 08:20:51
10794,10,52,9,2,1,20,20240330,209,2025-11-16 08:20:51
10795,5,14,8,2,1,21,20240330,220,2025-11-16 08:20:51
10796,6,13,9,2,1,22,20240330,153,2025-11-16 08:20:51
10797,6,13,1,2,1,23,20240330,123,2025-11-16 08:20:51
10798,5,8,6,2,1,0,20240331,92,2025-11-16 08:20:51
10799,10,5,6,2,2,1,20240331,82,2025-11-16 08:20:51
10800,7,6,3,2,2,2,20240331,69,2025-11-16 08:20:51
10801,10,8,3,2,1,3,20240331,31,2025-11-16 08:20:51
10802,7,6,13,2,1,4,20240331,8,2025-11-16 08:20:51
10803,10,8,7,2,1,5,20240331,5,2025-11-16 08:20:51
10804,6,10,9,2,2,6,20240331,23,2025-11-16 08:20:51
10805,6,10,9,2,2,7,20240331,44,2025-11-16 08:20:51
10806,6,10,6,2,2,8,20240331,145,2025-11-16 08:20:51
10807,10,5,6,2,2,9,20240331,223,2025-11-16 08:20:51
10808,10,5,8,2,2,10,20240331,313,2025-11-16 08:20:51
10809,8,7,8,2,1,11,20240331,463,2025-11-16 08:20:51
10810,28,69,1,2,1,12,20240331,621,2025-11-16 08:20:51
10811,29,55,8,2,1,13,20240331,638,2025-11-16 08:20:51
10812,30,31,3,2,2,14,20240331,551,2025-11-16 08:20:51
10813,24,30,4,2,2,15,20240331,605,2025-11-16 08:20:51
10814,30,31,5,2,2,16,20240331,535,2025-11-16 08:20:51
10815,28,69,13,2,1,17,20240331,543,2025-11-16 08:20:51
10816,9,7,18,2,2,18,20240331,341,2025-11-16 08:20:51
10817,7,13,11,2,1,19,20240331,284,2025-11-16 08:20:51
10818,10,13,10,2,2,20,20240331,208,2025-11-16 08:20:51
10819,10,13,10,2,2,21,20240331,143,2025-11-16 08:20:51
10820,5,13,3,2,2,22,20240331,156,2025-11-16 08:20:51
10821,6,5,4,2,2,23,20240331,112,2025-11-16 08:20:51
10822,6,5,3,2,2,0,20240401,67,2025-11-16 08:20:51
10823,6,5,9,2,2,1,20240401,62,2025-11-16 08:20:51
10824,6,5,9,2,2,2,20240401,81,2025-11-16 08:20:51
10825,11,1,8,2,2,3,20240401,25,2025-11-16 08:20:51
10826,11,1,2,2,2,4,20240401,12,2025-11-16 08:20:51
10827,11,1,2,2,2,5,20240401,18,2025-11-16 08:20:51
10828,6,5,8,2,2,6,20240401,97,2025-11-16 08:20:51
10829,6,13,8,2,2,7,20240401,84,2025-11-16 08:20:51
10830,6,5,2,2,2,8,20240401,125,2025-11-16 08:20:51
10831,6,1,8,2,2,9,20240401,275,2025-11-16 08:20:51
10832,10,13,15,2,2,10,20240401,360,2025-11-16 08:20:51
10833,10,13,6,2,2,11,20240401,451,2025-11-16 08:20:51
10834,7,69,7,2,2,12,20240401,445,2025-11-16 08:20:51
10835,9,52,6,2,2,13,20240401,464,2025-11-16 08:20:51
10836,28,29,7,2,2,14,20240401,561,2025-11-16 08:20:51
10837,30,29,3,2,1,15,20240401,573,2025-11-16 08:20:51
10838,24,36,3,2,1,16,20240401,511,2025-11-16 08:20:51
10839,24,29,4,2,1,17,20240401,555,2025-11-16 08:20:51
10840,24,36,5,2,1,18,20240401,432,2025-11-16 08:20:51
10841,24,29,7,2,1,19,20240401,346,2025-11-16 08:20:51
10842,30,30,7,2,2,20,20240401,232,2025-11-16 08:20:51
10843,30,30,9,2,2,21,20240401,134,2025-11-16 08:20:51
10844,30,31,15,2,3,22,20240401,68,2025-11-16 08:20:51
10845,8,7,1,2,3,23,20240401,63,2025-11-16 08:20:51
10846,9,8,15,2,3,0,20240402,17,2025-11-16 08:20:51
10847,7,9,2,2,3,1,20240402,5,2025-11-16 08:20:51
10848,9,11,8,2,3,2,20240402,5,2025-11-16 08:20:51
10849,10,5,16,2,1,4,20240402,4,2025-11-16 08:20:51
10850,10,5,16,2,1,5,20240402,24,2025-11-16 08:20:51
10851,6,13,18,2,1,6,20240402,110,2025-11-16 08:20:51
10852,11,14,14,2,1,7,20240402,306,2025-11-16 08:20:51
10853,6,15,10,2,1,8,20240402,589,2025-11-16 08:20:51
10854,5,48,12,2,1,9,20240402,317,2025-11-16 08:20:51
10855,10,21,19,2,1,10,20240402,204,2025-11-16 08:20:51
10856,7,20,11,2,1,11,20240402,209,2025-11-16 08:20:51
10857,9,19,11,2,1,12,20240402,281,2025-11-16 08:20:51
10858,8,43,5,2,1,13,20240402,281,2025-11-16 08:20:51
10859,8,62,13,2,1,14,20240402,268,2025-11-16 08:20:51
10860,28,40,13,2,1,15,20240402,324,2025-11-16 08:20:51
10861,30,47,10,2,1,16,20240402,395,2025-11-16 08:20:51
10862,30,45,4,2,1,17,20240402,729,2025-11-16 08:20:51
10863,30,58,3,2,1,18,20240402,618,2025-11-16 08:20:51
10864,30,58,3,2,1,19,20240402,494,2025-11-16 08:20:51
10865,8,62,9,2,1,20,20240402,329,2025-11-16 08:20:51
10866,8,41,8,2,1,21,20240402,238,2025-11-16 08:20:51
10867,7,19,6,2,1,22,20240402,123,2025-11-16 08:20:51
10868,9,24,9,2,1,23,20240402,66,2025-11-16 08:20:51
10869,10,22,8,2,1,0,20240403,33,2025-11-16 08:20:51
10870,5,16,7,2,1,1,20240403,11,2025-11-16 08:20:51
10871,6,46,9,2,1,2,20240403,5,2025-11-16 08:20:51
10872,5,16,1,2,1,3,20240403,3,2025-11-16 08:20:51
10873,4,14,2,2,1,4,20240403,1,2025-11-16 08:20:51
10874,4,14,2,2,1,5,20240403,27,2025-11-16 08:20:51
10875,12,54,2,2,1,6,20240403,100,2025-11-16 08:20:51
10876,4,14,2,2,1,7,20240403,341,2025-11-16 08:20:51
10877,11,15,1,2,1,8,20240403,604,2025-11-16 08:20:51
10878,7,42,2,2,1,9,20240403,408,2025-11-16 08:20:51
10879,9,40,1,2,1,10,20240403,219,2025-11-16 08:20:51
10880,28,65,1,2,1,11,20240403,258,2025-11-16 08:20:51
10881,24,60,1,2,1,12,20240403,331,2025-11-16 08:20:51
10882,25,67,3,2,1,13,20240403,345,2025-11-16 08:20:51
10883,25,59,7,2,1,14,20240403,311,2025-11-16 08:20:51
10884,27,79,6,2,1,15,20240403,316,2025-11-16 08:20:51
10885,33,59,9,2,1,16,20240403,485,2025-11-16 08:20:51
10886,33,75,6,2,1,17,20240403,757,2025-11-16 08:20:51
10887,27,61,9,2,1,18,20240403,800,2025-11-16 08:20:51
10888,25,61,15,2,1,19,20240403,558,2025-11-16 08:20:51
10889,25,64,8,2,1,20,20240403,379,2025-11-16 08:20:51
10890,29,50,1,2,1,21,20240403,243,2025-11-16 08:20:51
10891,30,34,1,2,1,22,20240403,158,2025-11-16 08:20:51
10892,30,30,1,2,1,23,20240403,79,2025-11-16 08:20:51
10893,28,38,1,2,1,0,20240404,41,2025-11-16 08:20:51
10894,8,30,1,2,1,1,20240404,11,2025-11-16 08:20:51
10895,8,34,1,2,1,2,20240404,5,2025-11-16 08:20:51
10896,9,53,2,2,1,3,20240404,3,2025-11-16 08:20:51
10897,7,69,2,2,1,4,20240404,1,2025-11-16 08:20:51
10898,7,69,2,2,1,5,20240404,27,2025-11-16 08:20:51
10899,7,53,1,2,2,6,20240404,126,2025-11-16 08:20:51
10900,9,52,1,2,2,7,20240404,366,2025-11-16 08:20:51
10901,9,7,15,2,2,8,20240404,684,2025-11-16 08:20:51
10902,28,29,8,2,2,9,20240404,363,2025-11-16 08:20:51
10903,29,50,8,2,2,10,20240404,167,2025-11-16 08:20:51
10904,27,22,12,2,2,11,20240404,213,2025-11-16 08:20:51
10905,27,16,13,2,2,12,20240404,283,2025-11-16 08:20:51
10906,27,16,3,2,2,13,20240404,251,2025-11-16 08:20:51
10907,33,16,6,2,2,14,20240404,258,2025-11-16 08:20:51
10908,32,19,4,2,2,15,20240404,268,2025-11-16 08:20:51
10909,32,19,4,2,2,16,20240404,390,2025-11-16 08:20:51
10910,31,49,5,2,1,17,20240404,744,2025-11-16 08:20:51
10911,31,49,3,2,1,18,20240404,759,2025-11-16 08:20:51
10912,31,18,7,2,1,19,20240404,494,2025-11-16 08:20:51
10913,32,58,7,2,1,20,20240404,372,2025-11-16 08:20:51
10914,27,65,10,2,1,21,20240404,298,2025-11-16 08:20:51
10915,25,66,9,2,1,22,20240404,181,2025-11-16 08:20:51
10916,24,65,13,2,1,23,20240404,131,2025-11-16 08:20:51
10917,24,65,13,2,1,0,20240405,45,2025-11-16 08:20:51
10918,28,58,10,2,1,1,20240405,13,2025-11-16 08:20:51
10919,8,40,11,2,1,2,20240405,18,2025-11-16 08:20:51
10920,7,49,5,2,1,3,20240405,5,2025-11-16 08:20:51
10921,5,22,4,2,1,4,20240405,1,2025-11-16 08:20:51
10922,5,22,4,2,1,5,20240405,29,2025-11-16 08:20:51
10923,6,16,10,2,1,6,20240405,126,2025-11-16 08:20:51
10924,11,37,6,2,1,7,20240405,354,2025-11-16 08:20:51
10925,6,16,7,2,1,8,20240405,638,2025-11-16 08:20:51
10926,10,39,3,2,1,9,20240405,351,2025-11-16 08:20:51
10927,7,24,4,2,1,10,20240405,246,2025-11-16 08:20:51
10928,7,42,7,2,2,11,20240405,268,2025-11-16 08:20:51
10929,9,40,1,2,1,12,20240405,276,2025-11-16 08:20:51
10930,8,62,1,2,1,13,20240405,291,2025-11-16 08:20:51
10931,8,40,9,2,1,14,20240405,287,2025-11-16 08:20:51
10932,30,62,15,2,1,15,20240405,269,2025-11-16 08:20:51
10933,30,62,6,2,1,16,20240405,402,2025-11-16 08:20:51
10934,30,62,9,2,1,17,20240405,822,2025-11-16 08:20:51
10935,30,62,15,2,1,18,20240405,698,2025-11-16 08:20:51
10936,28,62,3,2,1,19,20240405,487,2025-11-16 08:20:51
10937,9,49,6,2,1,20,20240405,312,2025-11-16 08:20:51
10938,7,20,6,2,1,21,20240405,234,2025-11-16 08:20:51
10939,10,20,6,2,1,22,20240405,149,2025-11-16 08:20:51
10940,10,21,8,2,1,23,20240405,136,2025-11-16 08:20:51
10941,10,22,1,2,1,0,20240406,61,2025-11-16 08:20:51
10942,6,52,8,2,1,1,20240406,38,2025-11-16 08:20:51
10943,6,21,14,2,1,2,20240406,11,2025-11-16 08:20:51
10944,11,46,10,2,1,3,20240406,8,2025-11-16 08:20:51
10945,11,37,3,2,1,4,20240406,5,2025-11-16 08:20:51
10946,4,46,10,2,1,5,20240406,23,2025-11-16 08:20:51
10947,12,37,14,2,1,6,20240406,80,2025-11-16 08:20:51
10948,12,37,4,2,1,7,20240406,246,2025-11-16 08:20:51
10949,12,37,10,2,1,8,20240406,508,2025-11-16 08:20:51
10950,11,17,10,2,1,9,20240406,376,2025-11-16 08:20:51
10951,6,23,10,2,1,10,20240406,238,2025-11-16 08:20:51
10952,10,39,5,2,1,11,20240406,291,2025-11-16 08:20:51
10953,7,24,5,2,1,12,20240406,337,2025-11-16 08:20:51
10954,9,40,10,2,1,13,20240406,411,2025-11-16 08:20:51
10955,28,45,14,2,1,14,20240406,490,2025-11-16 08:20:51
10956,30,58,4,2,1,15,20240406,537,2025-11-16 08:20:51
10957,30,66,13,2,1,16,20240406,536,2025-11-16 08:20:51
10958,24,65,13,2,1,17,20240406,655,2025-11-16 08:20:51
10959,30,66,18,2,1,18,20240406,484,2025-11-16 08:20:51
10960,28,65,5,2,1,19,20240406,412,2025-11-16 08:20:51
10961,8,64,4,2,1,20,20240406,252,2025-11-16 08:20:51
10962,9,61,8,2,1,21,20240406,190,2025-11-16 08:20:51
10963,10,24,7,2,1,22,20240406,158,2025-11-16 08:20:51
10964,7,25,4,2,1,23,20240406,113,2025-11-16 08:20:51
10965,7,61,5,2,1,0,20240407,94,2025-11-16 08:20:51
10966,10,41,3,2,1,1,20240407,69,2025-11-16 08:20:51
10967,6,45,12,2,1,2,20240407,36,2025-11-16 08:20:51
10968,6,26,3,2,1,3,20240407,28,2025-11-16 08:20:51
10969,4,43,9,2,1,4,20240407,7,2025-11-16 08:20:51
10970,4,40,9,2,1,5,20240407,2,2025-11-16 08:20:51
10971,4,43,6,2,1,6,20240407,19,2025-11-16 08:20:51
10972,4,40,4,2,1,7,20240407,54,2025-11-16 08:20:51
10973,11,47,3,2,1,8,20240407,123,2025-11-16 08:20:51
10974,10,25,3,2,1,9,20240407,276,2025-11-16 08:20:51
10975,7,41,3,2,1,10,20240407,363,2025-11-16 08:20:51
10976,9,64,5,2,1,11,20240407,495,2025-11-16 08:20:51
10977,8,65,14,2,1,12,20240407,590,2025-11-16 08:20:51
10978,30,66,6,2,1,13,20240407,643,2025-11-16 08:20:51
10979,30,66,5,2,1,14,20240407,578,2025-11-16 08:20:51
10980,24,67,13,2,1,15,20240407,626,2025-11-16 08:20:51
10981,29,67,14,2,1,16,20240407,615,2025-11-16 08:20:51
10982,29,67,13,2,1,17,20240407,567,2025-11-16 08:20:51
10983,29,77,5,2,1,18,20240407,517,2025-11-16 08:20:51
10984,29,76,10,2,1,19,20240407,413,2025-11-16 08:20:51
10985,30,79,7,2,1,20,20240407,208,2025-11-16 08:20:51
10986,30,79,6,2,1,21,20240407,234,2025-11-16 08:20:51
10987,28,79,6,2,1,22,20240407,182,2025-11-16 08:20:51
10988,8,65,7,2,1,23,20240407,118,2025-11-16 08:20:51
10989,9,64,7,2,1,0,20240408,85,2025-11-16 08:20:51
10990,9,64,7,2,1,1,20240408,64,2025-11-16 08:20:51
10991,9,64,7,2,1,2,20240408,32,2025-11-16 08:20:51
10992,7,61,8,2,1,3,20240408,26,2025-11-16 08:20:51
10993,10,23,1,2,1,4,20240408,7,2025-11-16 08:20:51
10994,5,16,1,2,1,5,20240408,12,2025-11-16 08:20:51
10995,6,39,1,2,1,6,20240408,28,2025-11-16 08:20:51
10996,5,58,9,2,1,7,20240408,37,2025-11-16 08:20:51
10997,10,25,6,2,1,8,20240408,84,2025-11-16 08:20:51
10998,9,61,7,2,1,9,20240408,179,2025-11-16 08:20:51
10999,30,60,7,2,1,10,20240408,299,2025-11-16 08:20:51
11000,30,60,4,2,1,11,20240408,404,2025-11-16 08:20:51
11001,29,64,3,2,1,12,20240408,457,2025-11-16 08:20:51
11002,26,65,9,2,1,13,20240408,483,2025-11-16 08:20:51
11003,27,77,11,2,1,14,20240408,503,2025-11-16 08:20:51
11004,33,75,12,2,1,15,20240408,486,2025-11-16 08:20:51
11005,32,67,10,2,1,16,20240408,476,2025-11-16 08:20:51
11006,33,66,5,2,1,17,20240408,411,2025-11-16 08:20:51
11007,33,60,10,2,1,18,20240408,310,2025-11-16 08:20:51
11008,27,65,14,2,1,19,20240408,276,2025-11-16 08:20:51
11009,25,41,13,2,1,20,20240408,211,2025-11-16 08:20:51
11010,24,47,7,2,1,21,20240408,130,2025-11-16 08:20:51
11011,30,43,7,2,1,22,20240408,118,2025-11-16 08:20:51
11012,30,18,3,2,1,23,20240408,51,2025-11-16 08:20:51
11013,28,18,4,2,1,0,20240409,37,2025-11-16 08:20:51
11014,8,49,8,2,1,1,20240409,16,2025-11-16 08:20:51
11015,8,62,6,2,1,2,20240409,6,2025-11-16 08:20:51
11016,9,25,9,2,1,3,20240409,3,2025-11-16 08:20:51
11017,9,64,6,2,1,4,20240409,5,2025-11-16 08:20:51
11018,9,64,6,2,1,5,20240409,32,2025-11-16 08:20:51
11019,7,61,7,2,1,6,20240409,111,2025-11-16 08:20:51
11020,7,41,6,2,1,7,20240409,331,2025-11-16 08:20:51
11021,9,25,6,2,1,8,20240409,617,2025-11-16 08:20:51
11022,8,62,12,2,1,9,20240409,286,2025-11-16 08:20:51
11023,30,58,16,2,1,10,20240409,178,2025-11-16 08:20:51
11024,24,58,13,2,1,11,20240409,223,2025-11-16 08:20:51
11025,29,41,30,2,1,12,20240409,280,2025-11-16 08:20:51
11026,29,41,20,2,1,13,20240409,281,2025-11-16 08:20:51
11027,25,41,17,2,1,14,20240409,218,2025-11-16 08:20:51
11028,26,41,17,2,1,15,20240409,255,2025-11-16 08:20:51
11029,25,25,13,2,1,16,20240409,391,2025-11-16 08:20:51
11030,29,26,13,2,1,17,20240409,632,2025-11-16 08:20:51
11031,29,47,5,2,1,18,20240409,646,2025-11-16 08:20:51
11032,24,47,12,2,1,19,20240409,421,2025-11-16 08:20:51
11033,30,43,11,2,1,20,20240409,276,2025-11-16 08:20:51
11034,28,49,13,2,3,21,20240409,165,2025-11-16 08:20:51
11035,8,49,16,2,2,22,20240409,108,2025-11-16 08:20:51
11036,9,19,5,2,1,23,20240409,67,2025-11-16 08:20:51
11037,9,20,4,2,2,0,20240410,26,2025-11-16 08:20:51
11038,7,21,7,2,1,1,20240410,9,2025-11-16 08:20:51
11039,6,13,8,2,1,2,20240410,2,2025-11-16 08:20:51
11040,6,13,8,2,1,3,20240410,2,2025-11-16 08:20:51
11041,11,13,8,2,1,4,20240410,2,2025-11-16 08:20:51
11042,11,13,8,2,1,5,20240410,24,2025-11-16 08:20:51
11043,11,13,15,2,1,6,20240410,103,2025-11-16 08:20:51
11044,11,13,15,2,1,7,20240410,384,2025-11-16 08:20:51
11045,5,52,8,2,1,8,20240410,692,2025-11-16 08:20:51
11046,7,69,6,2,1,9,20240410,319,2025-11-16 08:20:51
11047,8,20,9,2,1,10,20240410,181,2025-11-16 08:20:51
11048,30,43,1,2,1,11,20240410,239,2025-11-16 08:20:51
11049,29,66,4,2,1,12,20240410,259,2025-11-16 08:20:51
11050,24,65,9,2,1,13,20240410,283,2025-11-16 08:20:51
11051,29,64,6,2,1,14,20240410,224,2025-11-16 08:20:51
11052,25,59,5,2,1,15,20240410,203,2025-11-16 08:20:51
11053,26,59,3,2,1,16,20240410,362,2025-11-16 08:20:51
11054,25,59,19,2,1,17,20240410,744,2025-11-16 08:20:51
11055,29,66,13,2,1,18,20240410,704,2025-11-16 08:20:51
11056,24,79,12,2,1,19,20240410,479,2025-11-16 08:20:51
11057,8,41,14,2,1,20,20240410,282,2025-11-16 08:20:51
11058,9,25,11,2,1,21,20240410,206,2025-11-16 08:20:51
11059,10,39,16,2,1,22,20240410,127,2025-11-16 08:20:51
11060,6,23,13,2,1,23,20240410,62,2025-11-16 08:20:51
11061,11,43,13,2,1,0,20240411,30,2025-11-16 08:20:51
11062,11,18,4,2,1,1,20240411,12,2025-11-16 08:20:51
11063,4,50,4,2,1,2,20240411,2,2025-11-16 08:20:51
11064,12,37,7,2,1,3,20240411,2,2025-11-16 08:20:51
11065,18,35,6,2,1,5,20240411,27,2025-11-16 08:20:51
11066,18,35,15,2,1,6,20240411,106,2025-11-16 08:20:51
11067,18,36,8,2,1,7,20240411,321,2025-11-16 08:20:51
11068,12,37,7,2,1,8,20240411,595,2025-11-16 08:20:51
11069,4,37,5,2,2,9,20240411,302,2025-11-16 08:20:51
11070,11,37,10,2,2,10,20240411,153,2025-11-16 08:20:51
11071,5,22,10,2,2,11,20240411,180,2025-11-16 08:20:51
11072,6,16,14,2,2,12,20240411,182,2025-11-16 08:20:51
11073,10,23,12,2,2,13,20240411,163,2025-11-16 08:20:51
11074,6,15,6,2,1,14,20240411,135,2025-11-16 08:20:51
11075,5,16,7,2,3,15,20240411,202,2025-11-16 08:20:51
11076,9,40,5,2,1,16,20240411,307,2025-11-16 08:20:51
11077,7,24,14,2,1,17,20240411,579,2025-11-16 08:20:51
11078,10,22,13,2,3,18,20240411,585,2025-11-16 08:20:51
11079,10,23,12,2,1,19,20240411,384,2025-11-16 08:20:51
11080,6,16,10,2,1,20,20240411,235,2025-11-16 08:20:51
11081,11,15,14,2,1,21,20240411,165,2025-11-16 08:20:51
11082,11,15,10,2,1,22,20240411,134,2025-11-16 08:20:51
11083,11,15,5,2,1,23,20240411,61,2025-11-16 08:20:51
11084,4,14,4,2,1,0,20240412,23,2025-11-16 08:20:51
11085,4,14,7,2,1,1,20240412,9,2025-11-16 08:20:51
11086,4,54,4,2,1,2,20240412,4,2025-11-16 08:20:51
11087,4,54,3,2,1,3,20240412,5,2025-11-16 08:20:51
11088,12,54,7,2,1,4,20240412,1,2025-11-16 08:20:51
11089,12,54,7,2,1,5,20240412,21,2025-11-16 08:20:51
11090,12,56,3,2,1,6,20240412,96,2025-11-16 08:20:51
11091,12,56,10,2,1,7,20240412,306,2025-11-16 08:20:51
11092,4,14,10,2,1,8,20240412,624,2025-11-16 08:20:51
11093,6,15,12,2,1,9,20240412,287,2025-11-16 08:20:51
11094,10,21,5,2,1,10,20240412,141,2025-11-16 08:20:51
11095,7,20,5,2,1,11,20240412,224,2025-11-16 08:20:51
11096,8,49,11,2,1,12,20240412,259,2025-11-16 08:20:51
11097,28,43,11,2,1,13,20240412,203,2025-11-16 08:20:51
11098,30,62,10,2,1,14,20240412,224,2025-11-16 08:20:51
11099,28,62,3,2,1,15,20240412,211,2025-11-16 08:20:51
11100,28,62,4,2,1,16,20240412,353,2025-11-16 08:20:51
11101,30,58,14,2,1,17,20240412,656,2025-11-16 08:20:51
11102,30,58,14,2,1,18,20240412,610,2025-11-16 08:20:51
11103,8,62,5,2,1,19,20240412,433,2025-11-16 08:20:51
11104,9,40,3,2,1,20,20240412,280,2025-11-16 08:20:51
11105,7,24,8,2,1,21,20240412,187,2025-11-16 08:20:51
11106,7,24,6,2,1,22,20240412,158,2025-11-16 08:20:51
11107,7,24,6,2,1,23,20240412,94,2025-11-16 08:20:51
11108,10,39,3,2,1,0,20240413,55,2025-11-16 08:20:51
11109,6,16,6,2,1,1,20240413,30,2025-11-16 08:20:51
11110,11,37,6,2,1,2,20240413,11,2025-11-16 08:20:51
11111,11,54,9,2,1,3,20240413,11,2025-11-16 08:20:51
11112,11,46,8,2,2,4,20240413,5,2025-11-16 08:20:51
11113,11,46,9,2,2,5,20240413,21,2025-11-16 08:20:51
11114,4,15,9,2,1,6,20240413,84,2025-11-16 08:20:51
11115,11,54,7,2,1,7,20240413,296,2025-11-16 08:20:51
11116,5,16,9,2,1,8,20240413,563,2025-11-16 08:20:51
11117,7,49,9,2,1,9,20240413,330,2025-11-16 08:20:51
11118,9,42,6,2,1,10,20240413,192,2025-11-16 08:20:51
11119,8,43,8,2,1,11,20240413,233,2025-11-16 08:20:51
11120,30,62,1,2,1,12,20240413,322,2025-11-16 08:20:51
11121,24,58,4,2,1,13,20240413,358,2025-11-16 08:20:51
11122,24,58,1,2,1,14,20240413,348,2025-11-16 08:20:51
11123,29,41,3,2,1,15,20240413,352,2025-11-16 08:20:51
11124,25,61,3,2,1,16,20240413,463,2025-11-16 08:20:51
11125,25,64,9,2,1,17,20240413,738,2025-11-16 08:20:51
11126,29,61,8,2,1,18,20240413,671,2025-11-16 08:20:51
11127,29,64,9,2,1,19,20240413,427,2025-11-16 08:20:51
11128,30,45,8,2,1,20,20240413,286,2025-11-16 08:20:51
11129,30,43,1,2,1,21,20240413,189,2025-11-16 08:20:51
11130,9,52,15,2,1,22,20240413,215,2025-11-16 08:20:51
11131,7,52,2,2,1,23,20240413,198,2025-11-16 08:20:51
11132,10,53,8,2,1,0,20240414,96,2025-11-16 08:20:51
11133,10,53,8,2,1,1,20240414,70,2025-11-16 08:20:51
11134,5,14,8,2,1,2,20240414,56,2025-11-16 08:20:51
11135,6,14,2,2,1,3,20240414,32,2025-11-16 08:20:51
11136,6,13,15,2,1,4,20240414,14,2025-11-16 08:20:51
11137,6,14,15,2,1,5,20240414,7,2025-11-16 08:20:51
11138,11,5,9,2,1,6,20240414,21,2025-11-16 08:20:51
11139,6,13,15,2,1,7,20240414,64,2025-11-16 08:20:51
11140,6,13,8,2,1,8,20240414,160,2025-11-16 08:20:51
11141,7,48,8,2,1,9,20240414,265,2025-11-16 08:20:51
11142,8,34,9,2,1,10,20240414,406,2025-11-16 08:20:51
11143,24,50,6,2,1,11,20240414,564,2025-11-16 08:20:51
11144,26,24,3,2,1,12,20240414,678,2025-11-16 08:20:51
11145,33,40,5,2,1,13,20240414,678,2025-11-16 08:20:51
11146,32,58,11,2,2,14,20240414,660,2025-11-16 08:20:51
11147,32,58,12,2,2,15,20240414,658,2025-11-16 08:20:51
11148,32,58,12,2,2,16,20240414,582,2025-11-16 08:20:51
11149,33,40,3,2,2,17,20240414,560,2025-11-16 08:20:51
11150,33,24,7,2,2,18,20240414,481,2025-11-16 08:20:51
11151,27,23,9,2,2,19,20240414,459,2025-11-16 08:20:51
11152,25,16,8,2,2,20,20240414,321,2025-11-16 08:20:51
11153,25,22,8,2,2,21,20240414,220,2025-11-16 08:20:51
11154,29,36,9,2,2,22,20240414,212,2025-11-16 08:20:51
11155,29,35,6,2,2,23,20240414,196,2025-11-16 08:20:51
11156,29,35,6,2,2,0,20240415,124,2025-11-16 08:20:51
11157,29,35,9,2,2,1,20240415,106,2025-11-16 08:20:51
11158,29,35,15,2,2,2,20240415,74,2025-11-16 08:20:51
11159,24,30,8,2,2,3,20240415,45,2025-11-16 08:20:51
11160,29,36,1,2,2,4,20240415,12,2025-11-16 08:20:51
11161,30,32,9,2,1,5,20240415,10,2025-11-16 08:20:51
11162,30,31,8,2,1,6,20240415,16,2025-11-16 08:20:51
11163,30,31,15,2,1,7,20240415,46,2025-11-16 08:20:51
11164,24,30,1,2,1,8,20240415,97,2025-11-16 08:20:51
11165,29,35,7,2,1,9,20240415,251,2025-11-16 08:20:51
11166,26,46,7,2,1,10,20240415,421,2025-11-16 08:20:51
11167,33,16,5,2,1,11,20240415,528,2025-11-16 08:20:51
11168,32,19,4,2,1,12,20240415,635,2025-11-16 08:20:51
11169,31,19,4,2,1,13,20240415,681,2025-11-16 08:20:51
11170,35,18,4,2,1,14,20240415,628,2025-11-16 08:20:51
11171,35,18,14,2,1,15,20240415,617,2025-11-16 08:20:51
11172,38,18,12,2,1,16,20240415,616,2025-11-16 08:20:51
11173,35,17,10,2,1,17,20240415,623,2025-11-16 08:20:51
11174,35,17,3,2,1,18,20240415,479,2025-11-16 08:20:51
11175,35,17,3,2,1,19,20240415,379,2025-11-16 08:20:51
11176,32,21,7,2,1,20,20240415,291,2025-11-16 08:20:51
11177,33,15,3,2,1,21,20240415,229,2025-11-16 08:20:51
11178,34,19,12,2,1,22,20240415,134,2025-11-16 08:20:51
11179,31,21,14,2,1,23,20240415,90,2025-11-16 08:20:51
11180,32,46,10,2,1,0,20240416,41,2025-11-16 08:20:51
11181,33,54,12,2,1,1,20240416,28,2025-11-16 08:20:51
11182,27,27,3,2,1,2,20240416,14,2025-11-16 08:20:51
11183,26,32,6,2,1,3,20240416,8,2025-11-16 08:20:51
11184,29,6,7,2,1,4,20240416,6,2025-11-16 08:20:51
11185,29,6,7,2,1,5,20240416,38,2025-11-16 08:20:51
11186,24,83,9,2,1,6,20240416,133,2025-11-16 08:20:51
11187,24,83,8,2,1,7,20240416,387,2025-11-16 08:20:51
11188,25,83,9,2,2,8,20240416,597,2025-11-16 08:20:51
11189,33,28,7,2,1,9,20240416,297,2025-11-16 08:20:51
11190,33,28,3,2,1,10,20240416,224,2025-11-16 08:20:51
11191,32,56,3,2,1,11,20240416,251,2025-11-16 08:20:51
11192,34,15,3,2,1,12,20240416,271,2025-11-16 08:20:51
11193,36,50,5,2,1,13,20240416,263,2025-11-16 08:20:51
11194,37,50,10,2,1,14,20240416,288,2025-11-16 08:20:51
11195,41,40,11,2,1,15,20240416,275,2025-11-16 08:20:51
11196,41,40,18,2,1,16,20240416,358,2025-11-16 08:20:51
11197,41,40,14,2,1,17,20240416,712,2025-11-16 08:20:51
11198,41,62,14,2,1,18,20240416,676,2025-11-16 08:20:51
11199,37,24,14,2,1,19,20240416,522,2025-11-16 08:20:51
11200,36,39,5,2,1,20,20240416,375,2025-11-16 08:20:51
11201,34,34,3,2,1,21,20240416,271,2025-11-16 08:20:51
11202,34,34,3,2,1,22,20240416,214,2025-11-16 08:20:51
11203,35,50,5,2,1,23,20240416,121,2025-11-16 08:20:51
11204,31,48,6,2,1,0,20240417,43,2025-11-16 08:20:51
11205,32,15,9,2,1,1,20240417,11,2025-11-16 08:20:51
11206,25,83,15,2,1,2,20240417,4,2025-11-16 08:20:51
11207,25,83,2,2,1,3,20240417,6,2025-11-16 08:20:51
11208,31,19,7,2,1,4,20240417,9,2025-11-16 08:20:51
11209,27,46,3,2,1,5,20240417,30,2025-11-16 08:20:51
11210,27,16,3,2,1,6,20240417,144,2025-11-16 08:20:51
11211,27,22,3,2,1,7,20240417,461,2025-11-16 08:20:51
11212,27,22,7,2,1,8,20240417,673,2025-11-16 08:20:51
11213,27,42,16,2,1,9,20240417,400,2025-11-16 08:20:51
11214,27,42,13,2,1,10,20240417,217,2025-11-16 08:20:51
11215,27,40,13,2,1,11,20240417,239,2025-11-16 08:20:51
11216,27,40,12,2,1,12,20240417,244,2025-11-16 08:20:51
11217,33,45,3,2,1,13,20240417,239,2025-11-16 08:20:51
11218,32,58,4,2,1,14,20240417,257,2025-11-16 08:20:51
11219,31,64,10,2,1,15,20240417,308,2025-11-16 08:20:51
11220,34,66,12,2,1,16,20240417,370,2025-11-16 08:20:51
11221,32,60,5,2,1,17,20240417,781,2025-11-16 08:20:51
11222,32,60,4,2,1,18,20240417,775,2025-11-16 08:20:51
11223,27,61,3,2,1,19,20240417,537,2025-11-16 08:20:51
11224,27,65,4,2,1,20,20240417,402,2025-11-16 08:20:51
11225,25,61,5,2,1,21,20240417,297,2025-11-16 08:20:51
11226,29,25,3,2,1,22,20240417,162,2025-11-16 08:20:51
11227,29,26,7,2,1,23,20240417,82,2025-11-16 08:20:51
11228,29,26,9,2,1,0,20240418,38,2025-11-16 08:20:51
11229,24,47,6,2,1,1,20240418,14,2025-11-16 08:20:51
11230,30,17,6,2,2,2,20240418,9,2025-11-16 08:20:51
11231,30,17,7,2,2,3,20240418,6,2025-11-16 08:20:51
11232,30,17,4,2,2,4,20240418,7,2025-11-16 08:20:51
11233,30,18,4,2,2,5,20240418,34,2025-11-16 08:20:51
11234,30,18,4,2,2,6,20240418,134,2025-11-16 08:20:51
11235,30,18,6,2,2,7,20240418,418,2025-11-16 08:20:51
11236,30,18,6,2,3,8,20240418,576,2025-11-16 08:20:51
11237,28,19,5,2,3,9,20240418,265,2025-11-16 08:20:51
11238,28,20,7,2,3,10,20240418,147,2025-11-16 08:20:51
11239,8,20,3,2,3,11,20240418,119,2025-11-16 08:20:51
11240,8,34,15,2,3,12,20240418,110,2025-11-16 08:20:51
11241,8,30,1,2,3,13,20240418,64,2025-11-16 08:20:51
11242,9,7,15,2,3,14,20240418,51,2025-11-16 08:20:51
11243,7,6,6,2,3,15,20240418,98,2025-11-16 08:20:51
11244,7,6,7,2,2,16,20240418,235,2025-11-16 08:20:51
11245,7,6,6,2,2,17,20240418,488,2025-11-16 08:20:51
11246,7,6,1,2,2,18,20240418,505,2025-11-16 08:20:51
11247,7,6,8,2,2,19,20240418,368,2025-11-16 08:20:51
11248,7,6,15,2,2,20,20240418,260,2025-11-16 08:20:51
11249,7,8,2,2,2,21,20240418,189,2025-11-16 08:20:51
11250,7,6,2,2,2,22,20240418,162,2025-11-16 08:20:51
11251,7,6,1,2,2,23,20240418,70,2025-11-16 08:20:51
11252,7,6,1,2,3,0,20240419,25,2025-11-16 08:20:51
11253,7,6,15,2,3,1,20240419,13,2025-11-16 08:20:51
11254,7,6,1,2,2,2,20240419,6,2025-11-16 08:20:51
11255,7,6,1,2,2,3,20240419,4,2025-11-16 08:20:51
11256,7,13,1,2,2,4,20240419,4,2025-11-16 08:20:51
11257,10,8,1,2,1,5,20240419,30,2025-11-16 08:20:51
11258,10,8,15,2,2,6,20240419,120,2025-11-16 08:20:51
11259,10,8,8,2,2,7,20240419,406,2025-11-16 08:20:51
11260,7,8,15,2,2,8,20240419,677,2025-11-16 08:20:51
11261,8,7,1,2,2,9,20240419,301,2025-11-16 08:20:51
11262,28,31,2,2,1,10,20240419,189,2025-11-16 08:20:51
11263,24,38,1,2,1,11,20240419,229,2025-11-16 08:20:51
11264,29,37,1,2,1,12,20240419,264,2025-11-16 08:20:51
11265,25,16,1,2,1,13,20240419,238,2025-11-16 08:20:51
11266,26,22,1,2,1,14,20240419,237,2025-11-16 08:20:51
11267,27,22,1,2,1,15,20240419,262,2025-11-16 08:20:51
11268,33,49,15,2,1,16,20240419,387,2025-11-16 08:20:51
11269,27,22,2,2,1,17,20240419,748,2025-11-16 08:20:51
11270,27,22,2,2,1,18,20240419,776,2025-11-16 08:20:51
11271,26,16,8,2,1,19,20240419,586,2025-11-16 08:20:51
11272,25,37,7,2,1,20,20240419,404,2025-11-16 08:20:51
11273,24,29,15,2,1,21,20240419,267,2025-11-16 08:20:51
11274,24,30,6,2,1,22,20240419,248,2025-11-16 08:20:51
11275,30,31,15,2,1,23,20240419,144,2025-11-16 08:20:51
11276,28,69,15,2,1,0,20240420,64,2025-11-16 08:20:51
11277,8,8,6,2,1,1,20240420,25,2025-11-16 08:20:51
11278,9,9,6,2,1,2,20240420,21,2025-11-16 08:20:51
11279,9,9,15,2,1,3,20240420,10,2025-11-16 08:20:51
11280,7,11,15,2,1,4,20240420,3,2025-11-16 08:20:51
11281,7,11,1,2,1,5,20240420,25,2025-11-16 08:20:51
11282,7,9,1,2,1,6,20240420,113,2025-11-16 08:20:51
11283,7,11,1,2,1,7,20240420,359,2025-11-16 08:20:51
11284,9,11,1,2,1,8,20240420,700,2025-11-16 08:20:51
11285,8,9,2,2,1,9,20240420,359,2025-11-16 08:20:51
11286,30,6,6,2,1,10,20240420,237,2025-11-16 08:20:51
11287,29,32,9,2,1,11,20240420,254,2025-11-16 08:20:51
11288,26,46,6,2,1,12,20240420,362,2025-11-16 08:20:51
11289,33,22,6,2,1,13,20240420,381,2025-11-16 08:20:51
11290,32,19,7,2,1,14,20240420,394,2025-11-16 08:20:51
11291,32,20,6,2,1,15,20240420,407,2025-11-16 08:20:51
11292,31,19,6,2,1,16,20240420,580,2025-11-16 08:20:51
11293,32,20,4,2,1,17,20240420,819,2025-11-16 08:20:51
11294,33,21,4,2,1,18,20240420,668,2025-11-16 08:20:51
11295,27,46,6,2,1,19,20240420,492,2025-11-16 08:20:51
11296,26,35,9,2,1,20,20240420,341,2025-11-16 08:20:51
11297,25,32,8,2,1,21,20240420,287,2025-11-16 08:20:51
11298,29,32,3,2,1,22,20240420,202,2025-11-16 08:20:51
11299,24,7,8,2,1,23,20240420,187,2025-11-16 08:20:51
11300,24,6,7,2,1,0,20240421,142,2025-11-16 08:20:51
11301,24,6,7,2,1,1,20240421,88,2025-11-16 08:20:51
11302,24,6,8,2,1,2,20240421,81,2025-11-16 08:20:51
11303,30,8,7,2,1,3,20240421,29,2025-11-16 08:20:51
11304,30,8,3,2,1,4,20240421,9,2025-11-16 08:20:51
11305,30,8,3,2,1,5,20240421,1,2025-11-16 08:20:51
11306,30,8,7,2,1,6,20240421,31,2025-11-16 08:20:51
11307,30,8,4,2,1,7,20240421,76,2025-11-16 08:20:51
11308,24,1,3,2,1,8,20240421,201,2025-11-16 08:20:51
11309,29,6,9,2,1,9,20240421,331,2025-11-16 08:20:51
11310,27,27,4,2,1,10,20240421,482,2025-11-16 08:20:51
11311,33,54,10,2,1,11,20240421,608,2025-11-16 08:20:51
11312,32,15,7,2,1,12,20240421,640,2025-11-16 08:20:51
11313,31,48,7,2,1,13,20240421,649,2025-11-16 08:20:51
11314,35,50,4,2,1,14,20240421,609,2025-11-16 08:20:51
11315,38,18,3,2,1,15,20240421,628,2025-11-16 08:20:51
11316,35,17,10,2,1,16,20240421,639,2025-11-16 08:20:51
11317,36,25,14,2,2,17,20240421,568,2025-11-16 08:20:51
11318,34,20,16,2,2,18,20240421,416,2025-11-16 08:20:51
11319,25,63,16,2,3,19,20240421,54,2025-11-16 08:20:51
11320,30,8,5,2,3,20,20240421,39,2025-11-16 08:20:51
11321,30,8,14,2,3,21,20240421,102,2025-11-16 08:20:51
11322,28,8,5,2,1,22,20240421,110,2025-11-16 08:20:51
11323,8,8,4,2,2,23,20240421,91,2025-11-16 08:20:51
11324,8,8,6,2,2,0,20240422,117,2025-11-16 08:20:51
11325,8,8,10,2,2,1,20240422,73,2025-11-16 08:20:51
11326,8,7,4,2,1,2,20240422,56,2025-11-16 08:20:51
11327,9,8,9,2,2,3,20240422,40,2025-11-16 08:20:51
11328,9,6,9,2,2,4,20240422,7,2025-11-16 08:20:51
11329,9,6,7,2,2,5,20240422,6,2025-11-16 08:20:51
11330,9,7,10,2,2,6,20240422,12,2025-11-16 08:20:51
11331,7,6,14,2,3,7,20240422,24,2025-11-16 08:20:51
11332,10,8,3,2,3,8,20240422,51,2025-11-16 08:20:51
11333,10,8,3,2,3,9,20240422,79,2025-11-16 08:20:51
11334,5,8,10,2,3,10,20240422,68,2025-11-16 08:20:51
11335,5,10,5,2,3,11,20240422,77,2025-11-16 08:20:51
11336,5,10,10,2,3,12,20240422,61,2025-11-16 08:20:51
11337,5,8,12,2,3,13,20240422,52,2025-11-16 08:20:51
11338,5,10,10,2,3,14,20240422,53,2025-11-16 08:20:51
11339,5,10,14,2,3,15,20240422,38,2025-11-16 08:20:51
11340,5,10,11,2,3,16,20240422,36,2025-11-16 08:20:51
11341,6,44,11,2,3,17,20240422,27,2025-11-16 08:20:51
11342,6,44,11,2,3,18,20240422,39,2025-11-16 08:20:51
11343,6,10,19,2,3,19,20240422,35,2025-11-16 08:20:51
11344,6,44,13,2,3,20,20240422,35,2025-11-16 08:20:51
11345,6,10,14,2,3,21,20240422,11,2025-11-16 08:20:51
11346,11,10,19,2,3,22,20240422,13,2025-11-16 08:20:51
11347,6,1,18,2,3,23,20240422,17,2025-11-16 08:20:51
11348,6,1,13,2,3,0,20240423,6,2025-11-16 08:20:51
11349,11,10,12,2,3,1,20240423,2,2025-11-16 08:20:51
11350,4,10,10,2,2,2,20240423,4,2025-11-16 08:20:51
11351,4,1,4,2,2,3,20240423,1,2025-11-16 08:20:51
11352,12,1,4,2,3,4,20240423,3,2025-11-16 08:20:51
11353,12,1,4,2,3,5,20240423,14,2025-11-16 08:20:51
11354,12,1,5,2,2,6,20240423,45,2025-11-16 08:20:51
11355,12,1,3,2,3,7,20240423,207,2025-11-16 08:20:51
11356,12,3,10,2,2,8,20240423,482,2025-11-16 08:20:51
11357,12,3,14,2,2,9,20240423,272,2025-11-16 08:20:51
11358,4,57,10,2,2,10,20240423,100,2025-11-16 08:20:51
11359,4,57,12,2,2,11,20240423,101,2025-11-16 08:20:51
11360,11,13,12,2,3,12,20240423,129,2025-11-16 08:20:51
11361,11,14,14,2,3,13,20240423,107,2025-11-16 08:20:51
11362,6,52,11,2,3,14,20240423,114,2025-11-16 08:20:51
11363,6,52,14,2,2,15,20240423,112,2025-11-16 08:20:51
11364,12,1,12,2,3,16,20240423,103,2025-11-16 08:20:51
11365,12,8,10,2,3,17,20240423,232,2025-11-16 08:20:51
11366,4,1,8,2,3,18,20240423,379,2025-11-16 08:20:51
11367,11,5,7,2,2,19,20240423,298,2025-11-16 08:20:51
11368,4,5,9,2,2,20,20240423,203,2025-11-16 08:20:51
11369,4,1,7,2,2,21,20240423,152,2025-11-16 08:20:51
11370,4,5,6,2,1,22,20240423,89,2025-11-16 08:20:51
11371,4,5,9,2,1,23,20240423,59,2025-11-16 08:20:51
11372,4,5,8,2,2,0,20240424,13,2025-11-16 08:20:51
11373,4,1,8,2,2,1,20240424,7,2025-11-16 08:20:51
11374,4,1,6,2,1,2,20240424,3,2025-11-16 08:20:51
11375,4,1,7,2,1,3,20240424,2,2025-11-16 08:20:51
11376,12,57,6,2,1,4,20240424,3,2025-11-16 08:20:51
11377,12,57,6,2,1,5,20240424,22,2025-11-16 08:20:51
11378,12,57,7,2,1,6,20240424,120,2025-11-16 08:20:51
11379,4,14,4,2,1,7,20240424,390,2025-11-16 08:20:51
11380,11,54,3,2,1,8,20240424,611,2025-11-16 08:20:51
11381,10,20,12,2,1,9,20240424,308,2025-11-16 08:20:51
11382,7,20,5,2,1,10,20240424,162,2025-11-16 08:20:51
11383,8,62,14,2,1,11,20240424,184,2025-11-16 08:20:51
11384,28,45,14,2,1,12,20240424,224,2025-11-16 08:20:51
11385,30,45,14,2,1,13,20240424,224,2025-11-16 08:20:51
11386,30,60,14,2,1,14,20240424,216,2025-11-16 08:20:51
11387,30,65,13,2,1,15,20240424,236,2025-11-16 08:20:51
11388,30,65,6,2,1,16,20240424,362,2025-11-16 08:20:51
11389,24,66,14,2,1,17,20240424,691,2025-11-16 08:20:51
11390,30,77,1,2,1,18,20240424,632,2025-11-16 08:20:51
11391,30,77,3,2,1,19,20240424,482,2025-11-16 08:20:51
11392,28,59,10,2,1,20,20240424,285,2025-11-16 08:20:51
11393,8,41,9,2,2,21,20240424,226,2025-11-16 08:20:51
11394,9,24,15,2,1,22,20240424,157,2025-11-16 08:20:51
11395,7,42,2,2,1,23,20240424,73,2025-11-16 08:20:51
11396,9,42,1,2,1,0,20240425,36,2025-11-16 08:20:51
11397,7,49,1,2,1,1,20240425,25,2025-11-16 08:20:51
11398,6,52,1,2,1,2,20240425,7,2025-11-16 08:20:51
11399,4,57,2,2,1,3,20240425,3,2025-11-16 08:20:51
11400,11,14,2,2,1,4,20240425,6,2025-11-16 08:20:51
11401,11,14,1,2,1,5,20240425,24,2025-11-16 08:20:51
11402,11,14,1,2,1,6,20240425,106,2025-11-16 08:20:51
11403,11,13,1,2,1,7,20240425,389,2025-11-16 08:20:51
11404,6,5,2,2,1,8,20240425,654,2025-11-16 08:20:51
11405,7,48,1,2,1,9,20240425,321,2025-11-16 08:20:51
11406,24,47,1,2,1,10,20240425,182,2025-11-16 08:20:51
11407,24,26,8,2,1,11,20240425,219,2025-11-16 08:20:51
11408,29,41,4,2,1,12,20240425,269,2025-11-16 08:20:51
11409,25,61,7,2,1,13,20240425,228,2025-11-16 08:20:51
11410,25,66,12,2,1,14,20240425,223,2025-11-16 08:20:51
11411,26,67,9,2,1,15,20240425,229,2025-11-16 08:20:51
11412,27,79,10,2,1,16,20240425,376,2025-11-16 08:20:51
11413,27,79,5,2,1,17,20240425,732,2025-11-16 08:20:51
11414,27,79,4,2,1,18,20240425,709,2025-11-16 08:20:51
11415,27,79,6,2,1,19,20240425,543,2025-11-16 08:20:51
11416,25,66,2,2,1,20,20240425,380,2025-11-16 08:20:51
11417,24,36,8,2,1,21,20240425,239,2025-11-16 08:20:51
11418,30,34,1,2,1,22,20240425,192,2025-11-16 08:20:51
11419,30,34,2,2,2,23,20240425,104,2025-11-16 08:20:51
11420,28,31,1,2,2,0,20240426,43,2025-11-16 08:20:51
11421,28,38,2,2,2,1,20240426,23,2025-11-16 08:20:51
11422,28,29,15,2,2,2,20240426,13,2025-11-16 08:20:51
11423,28,29,2,2,2,3,20240426,6,2025-11-16 08:20:51
11424,28,30,2,2,2,4,20240426,3,2025-11-16 08:20:51
11425,28,31,8,2,2,5,20240426,17,2025-11-16 08:20:51
11426,28,31,3,2,2,6,20240426,127,2025-11-16 08:20:51
11427,8,8,12,2,3,7,20240426,225,2025-11-16 08:20:51
11428,8,8,6,2,3,8,20240426,362,2025-11-16 08:20:51
11429,8,9,9,2,3,9,20240426,201,2025-11-16 08:20:51
11430,8,11,9,2,2,10,20240426,139,2025-11-16 08:20:51
11431,8,11,7,2,2,11,20240426,151,2025-11-16 08:20:51
11432,24,83,8,2,2,12,20240426,204,2025-11-16 08:20:51
11433,30,8,9,2,2,13,20240426,197,2025-11-16 08:20:51
11434,29,6,6,2,2,14,20240426,169,2025-11-16 08:20:51
11435,24,83,10,2,2,15,20240426,204,2025-11-16 08:20:51
11436,24,83,7,2,2,16,20240426,318,2025-11-16 08:20:51
11437,29,6,9,2,1,17,20240426,614,2025-11-16 08:20:51
11438,29,6,6,2,2,18,20240426,664,2025-11-16 08:20:51
11439,29,6,7,2,2,19,20240426,464,2025-11-16 08:20:51
11440,29,6,6,2,1,20,20240426,337,2025-11-16 08:20:51
11441,24,83,7,2,1,21,20240426,250,2025-11-16 08:20:51
11442,24,83,9,2,1,22,20240426,183,2025-11-16 08:20:51
11443,30,9,9,2,1,23,20240426,112,2025-11-16 08:20:51
11444,29,32,17,2,1,0,20240427,73,2025-11-16 08:20:51
11445,30,30,11,2,1,1,20240427,35,2025-11-16 08:20:51
11446,28,30,13,2,1,2,20240427,22,2025-11-16 08:20:51
11447,9,20,16,2,1,3,20240427,3,2025-11-16 08:20:51
11448,7,19,3,2,1,4,20240427,6,2025-11-16 08:20:51
11449,7,19,12,2,1,5,20240427,19,2025-11-16 08:20:51
11450,10,22,3,2,1,6,20240427,120,2025-11-16 08:20:51
11451,5,21,4,2,1,7,20240427,315,2025-11-16 08:20:51
11452,10,21,1,2,1,8,20240427,592,2025-11-16 08:20:51
11453,7,19,16,2,1,9,20240427,334,2025-11-16 08:20:51
11454,9,42,13,2,1,10,20240427,236,2025-11-16 08:20:51
11455,9,42,10,2,1,11,20240427,233,2025-11-16 08:20:51
11456,8,43,12,2,1,12,20240427,307,2025-11-16 08:20:51
11457,8,40,14,2,1,13,20240427,306,2025-11-16 08:20:51
11458,8,40,10,2,1,14,20240427,300,2025-11-16 08:20:51
11459,24,45,16,2,1,15,20240427,324,2025-11-16 08:20:51
11460,24,45,3,2,1,16,20240427,440,2025-11-16 08:20:51
11461,29,64,14,2,1,17,20240427,702,2025-11-16 08:20:51
11462,24,60,12,2,1,18,20240427,654,2025-11-16 08:20:51
11463,30,58,14,2,1,19,20240427,441,2025-11-16 08:20:51
11464,8,62,4,2,1,20,20240427,289,2025-11-16 08:20:51
11465,9,40,5,2,1,21,20240427,208,2025-11-16 08:20:51
11466,7,42,3,2,1,22,20240427,158,2025-11-16 08:20:51
11467,10,23,3,2,1,23,20240427,116,2025-11-16 08:20:51
11468,5,22,9,2,1,0,20240428,103,2025-11-16 08:20:51
11469,6,21,5,2,1,1,20240428,67,2025-11-16 08:20:51
11470,6,22,9,2,1,2,20240428,57,2025-11-16 08:20:51
11471,11,37,7,2,1,3,20240428,26,2025-11-16 08:20:51
11472,11,37,9,2,1,4,20240428,2,2025-11-16 08:20:51
11473,11,16,8,2,1,5,20240428,5,2025-11-16 08:20:51
11474,11,37,6,2,1,6,20240428,28,2025-11-16 08:20:51
11475,11,37,9,2,1,7,20240428,55,2025-11-16 08:20:51
11476,5,23,8,2,1,8,20240428,158,2025-11-16 08:20:51
11477,5,39,1,2,2,9,20240428,214,2025-11-16 08:20:51
11478,5,23,9,2,2,10,20240428,291,2025-11-16 08:20:51
11479,5,23,15,2,2,11,20240428,358,2025-11-16 08:20:51
11480,5,22,1,2,2,12,20240428,381,2025-11-16 08:20:51
11481,10,39,1,2,2,13,20240428,389,2025-11-16 08:20:51
11482,7,42,15,2,1,14,20240428,440,2025-11-16 08:20:51
11483,7,49,7,2,1,15,20240428,408,2025-11-16 08:20:51
11484,9,42,6,2,2,16,20240428,376,2025-11-16 08:20:51
11485,7,49,8,2,2,17,20240428,322,2025-11-16 08:20:51
11486,10,20,1,2,3,18,20240428,90,2025-11-16 08:20:51
11487,6,13,8,2,3,19,20240428,139,2025-11-16 08:20:51
11488,5,14,1,2,2,20,20240428,102,2025-11-16 08:20:51
11489,6,13,6,2,3,21,20240428,84,2025-11-16 08:20:51
11490,6,13,8,2,2,22,20240428,83,2025-11-16 08:20:51
11491,5,5,2,2,2,23,20240428,42,2025-11-16 08:20:51
11492,6,1,8,2,3,0,20240429,36,2025-11-16 08:20:51
11493,6,1,8,2,2,1,20240429,42,2025-11-16 08:20:51
11494,6,10,15,2,2,2,20240429,40,2025-11-16 08:20:51
11495,6,10,6,2,2,3,20240429,16,2025-11-16 08:20:51
11496,6,10,8,2,2,4,20240429,4,2025-11-16 08:20:51
11497,11,10,1,2,1,5,20240429,6,2025-11-16 08:20:51
11498,11,10,8,2,1,6,20240429,7,2025-11-16 08:20:51
11499,11,10,8,2,2,7,20240429,27,2025-11-16 08:20:51
11500,5,5,8,2,1,8,20240429,107,2025-11-16 08:20:51
11501,10,13,8,2,1,9,20240429,185,2025-11-16 08:20:51
11502,7,69,2,2,1,10,20240429,380,2025-11-16 08:20:51
11503,8,34,1,2,1,11,20240429,411,2025-11-16 08:20:51
11504,28,19,15,2,1,12,20240429,584,2025-11-16 08:20:51
11505,30,50,15,2,1,13,20240429,595,2025-11-16 08:20:51
11506,29,47,1,2,1,14,20240429,653,2025-11-16 08:20:51
11507,25,39,8,2,1,15,20240429,603,2025-11-16 08:20:51
11508,27,41,6,2,1,16,20240429,587,2025-11-16 08:20:51
11509,33,58,5,2,1,17,20240429,522,2025-11-16 08:20:51
11510,27,61,4,2,1,18,20240429,487,2025-11-16 08:20:51
11511,25,24,8,2,1,19,20240429,375,2025-11-16 08:20:51
11512,25,26,2,2,1,20,20240429,243,2025-11-16 08:20:51
11513,24,38,8,2,1,21,20240429,204,2025-11-16 08:20:51
11514,30,50,1,2,1,22,20240429,108,2025-11-16 08:20:51
11515,28,30,1,2,1,23,20240429,82,2025-11-16 08:20:51
11516,9,7,15,2,1,0,20240430,48,2025-11-16 08:20:51
11517,7,6,2,2,1,1,20240430,24,2025-11-16 08:20:51
11518,7,13,8,2,1,2,20240430,8,2025-11-16 08:20:51
11519,10,5,9,2,1,3,20240430,4,2025-11-16 08:20:51
11520,5,52,3,2,1,4,20240430,2,2025-11-16 08:20:51
11521,5,52,3,2,1,5,20240430,20,2025-11-16 08:20:51
11522,10,20,6,2,1,6,20240430,123,2025-11-16 08:20:51
11523,10,21,6,2,1,7,20240430,349,2025-11-16 08:20:51
11524,10,22,6,2,1,8,20240430,596,2025-11-16 08:20:51
11525,10,22,6,2,2,9,20240430,268,2025-11-16 08:20:51
11526,7,49,9,2,2,10,20240430,157,2025-11-16 08:20:51
11527,9,19,15,2,2,11,20240430,163,2025-11-16 08:20:51
11528,9,20,8,2,2,12,20240430,225,2025-11-16 08:20:51
11529,28,34,2,2,2,13,20240430,247,2025-11-16 08:20:51
11530,30,29,8,2,2,14,20240430,218,2025-11-16 08:20:51
11531,24,29,15,2,2,15,20240430,231,2025-11-16 08:20:51
11532,25,55,6,2,1,16,20240430,347,2025-11-16 08:20:51
11533,25,55,9,2,1,17,20240430,683,2025-11-16 08:20:51
11534,25,55,7,2,2,18,20240430,664,2025-11-16 08:20:51
11535,29,27,3,2,2,19,20240430,471,2025-11-16 08:20:51
11536,24,30,6,2,2,20,20240430,309,2025-11-16 08:20:51
11537,24,30,6,2,2,21,20240430,221,2025-11-16 08:20:51
11538,24,29,9,2,2,22,20240430,134,2025-11-16 08:20:51
11539,24,29,7,2,2,23,20240430,60,2025-11-16 08:20:51
11540,30,30,6,2,2,0,20240501,35,2025-11-16 08:20:51
11541,30,31,8,2,2,1,20240501,21,2025-11-16 08:20:51
11542,30,7,2,2,2,2,20240501,8,2025-11-16 08:20:51
11543,30,6,1,2,2,3,20240501,3,2025-11-16 08:20:51
11544,24,7,2,2,2,4,20240501,8,2025-11-16 08:20:51
11545,24,7,2,2,2,5,20240501,17,2025-11-16 08:20:51
11546,24,6,15,2,3,6,20240501,26,2025-11-16 08:20:51
11547,30,11,3,2,2,7,20240501,169,2025-11-16 08:20:51
11548,24,11,4,2,2,8,20240501,557,2025-11-16 08:20:51
11549,29,9,6,2,2,9,20240501,349,2025-11-16 08:20:51
11550,33,84,3,2,1,10,20240501,174,2025-11-16 08:20:51
11551,31,56,4,2,2,11,20240501,229,2025-11-16 08:20:51
11552,35,53,7,2,2,12,20240501,269,2025-11-16 08:20:51
11553,38,34,7,2,2,13,20240501,249,2025-11-16 08:20:51
11554,36,38,3,2,2,14,20240501,204,2025-11-16 08:20:51
11555,36,50,7,2,2,15,20240501,234,2025-11-16 08:20:51
11556,36,50,6,2,1,16,20240501,354,2025-11-16 08:20:51
11557,36,38,2,2,1,17,20240501,681,2025-11-16 08:20:51
11558,35,48,8,2,1,18,20240501,743,2025-11-16 08:20:51
11559,35,48,8,2,1,19,20240501,487,2025-11-16 08:20:51
11560,31,54,9,2,1,20,20240501,335,2025-11-16 08:20:51
11561,32,56,8,2,1,21,20240501,282,2025-11-16 08:20:51
11562,32,56,1,2,1,22,20240501,211,2025-11-16 08:20:51
11563,27,84,1,2,1,23,20240501,95,2025-11-16 08:20:51
11564,27,84,15,2,1,0,20240502,47,2025-11-16 08:20:51
11565,25,83,1,2,1,1,20240502,15,2025-11-16 08:20:51
11566,25,83,1,2,1,2,20240502,16,2025-11-16 08:20:51
11567,25,83,2,2,1,3,20240502,6,2025-11-16 08:20:51
11568,29,9,1,2,1,4,20240502,4,2025-11-16 08:20:51
11569,29,82,8,2,1,5,20240502,33,2025-11-16 08:20:51
11570,25,85,1,2,3,6,20240502,120,2025-11-16 08:20:51
11571,29,9,6,2,2,7,20240502,358,2025-11-16 08:20:51
11572,25,9,1,2,2,8,20240502,666,2025-11-16 08:20:51
11573,25,9,1,2,2,9,20240502,315,2025-11-16 08:20:51
11574,26,83,15,2,2,10,20240502,175,2025-11-16 08:20:51
11575,26,1,8,2,2,11,20240502,184,2025-11-16 08:20:51
11576,26,83,7,2,2,12,20240502,245,2025-11-16 08:20:51
11577,26,84,6,2,2,13,20240502,228,2025-11-16 08:20:51
11578,33,28,2,2,1,14,20240502,240,2025-11-16 08:20:51
11579,32,56,6,2,1,15,20240502,256,2025-11-16 08:20:51
11580,32,56,9,2,1,16,20240502,367,2025-11-16 08:20:51
11581,27,63,3,2,1,17,20240502,729,2025-11-16 08:20:51
11582,25,63,7,2,1,18,20240502,813,2025-11-16 08:20:51
11583,29,6,3,2,1,19,20240502,504,2025-11-16 08:20:51
11584,24,6,3,2,1,20,20240502,338,2025-11-16 08:20:51
11585,24,6,7,2,1,21,20240502,239,2025-11-16 08:20:51
11586,30,8,7,2,1,22,20240502,173,2025-11-16 08:20:51
11587,30,6,3,2,2,23,20240502,98,2025-11-16 08:20:51
11588,28,8,7,2,2,0,20240503,90,2025-11-16 08:20:51
11589,8,9,15,2,2,1,20240503,24,2025-11-16 08:20:51
11590,8,9,8,2,2,2,20240503,17,2025-11-16 08:20:51
11591,8,9,1,2,2,3,20240503,6,2025-11-16 08:20:51
11592,8,9,3,2,2,4,20240503,2,2025-11-16 08:20:51
11593,8,9,3,2,2,5,20240503,21,2025-11-16 08:20:51
11594,8,9,9,2,2,6,20240503,136,2025-11-16 08:20:51
11595,9,11,15,2,3,7,20240503,384,2025-11-16 08:20:51
11596,8,9,6,2,3,8,20240503,627,2025-11-16 08:20:51
11597,28,9,15,2,2,9,20240503,304,2025-11-16 08:20:51
11598,24,6,1,2,2,10,20240503,168,2025-11-16 08:20:51
11599,29,6,1,2,1,11,20240503,201,2025-11-16 08:20:51
11600,25,63,8,2,1,12,20240503,301,2025-11-16 08:20:51
11601,27,28,6,2,1,13,20240503,265,2025-11-16 08:20:51
11602,32,56,6,2,1,14,20240503,204,2025-11-16 08:20:51
11603,31,54,6,2,1,15,20240503,283,2025-11-16 08:20:51
11604,34,15,9,2,1,16,20240503,370,2025-11-16 08:20:51
11605,38,48,8,2,1,17,20240503,704,2025-11-16 08:20:51
11606,38,53,8,2,1,18,20240503,706,2025-11-16 08:20:51
11607,35,54,6,2,1,19,20240503,522,2025-11-16 08:20:51
11608,32,63,6,2,1,20,20240503,420,2025-11-16 08:20:51
11609,33,84,8,2,1,21,20240503,299,2025-11-16 08:20:51
11610,33,84,1,2,1,22,20240503,246,2025-11-16 08:20:51
11611,27,83,1,2,1,23,20240503,121,2025-11-16 08:20:51
11612,27,84,10,2,1,0,20240504,89,2025-11-16 08:20:51
11613,27,84,15,2,1,1,20240504,48,2025-11-16 08:20:51
11614,26,83,8,2,1,2,20240504,11,2025-11-16 08:20:51
11615,25,9,7,2,1,3,20240504,14,2025-11-16 08:20:51
11616,25,9,6,2,1,4,20240504,4,2025-11-16 08:20:51
11617,25,9,6,2,1,5,20240504,24,2025-11-16 08:20:51
11618,29,11,15,2,1,6,20240504,135,2025-11-16 08:20:51
11619,25,9,1,2,1,7,20240504,356,2025-11-16 08:20:51
11620,25,9,1,2,1,8,20240504,618,2025-11-16 08:20:51
11621,27,84,1,2,1,9,20240504,294,2025-11-16 08:20:51
11622,33,63,8,2,2,10,20240504,199,2025-11-16 08:20:51
11623,35,54,1,2,2,11,20240504,258,2025-11-16 08:20:51
11624,33,84,12,2,3,12,20240504,171,2025-11-16 08:20:51
11625,32,63,1,2,2,13,20240504,278,2025-11-16 08:20:51
11626,31,33,4,2,2,14,20240504,242,2025-11-16 08:20:51
11627,38,52,15,2,2,15,20240504,343,2025-11-16 08:20:51
11628,37,38,9,2,1,16,20240504,440,2025-11-16 08:20:51
11629,35,48,18,2,1,17,20240504,643,2025-11-16 08:20:51
11630,35,48,18,2,1,18,20240504,641,2025-11-16 08:20:51
11631,35,34,8,2,1,19,20240504,452,2025-11-16 08:20:51
11632,34,34,15,2,1,20,20240504,313,2025-11-16 08:20:51
11633,32,28,6,2,1,21,20240504,235,2025-11-16 08:20:51
11634,27,83,8,2,1,22,20240504,232,2025-11-16 08:20:51
11635,27,83,2,2,1,23,20240504,256,2025-11-16 08:20:51
11636,27,83,1,2,1,0,20240505,153,2025-11-16 08:20:51
11637,27,83,1,2,1,1,20240505,107,2025-11-16 08:20:51
11638,26,9,1,2,1,2,20240505,75,2025-11-16 08:20:51
11639,26,83,1,2,1,3,20240505,32,2025-11-16 08:20:51
11640,25,9,15,2,1,4,20240505,9,2025-11-16 08:20:51
11641,25,9,2,2,1,5,20240505,22,2025-11-16 08:20:51
11642,29,11,1,2,2,6,20240505,42,2025-11-16 08:20:51
11643,25,9,1,2,1,7,20240505,87,2025-11-16 08:20:51
11644,26,83,2,2,1,8,20240505,197,2025-11-16 08:20:51
11645,33,84,15,2,1,9,20240505,284,2025-11-16 08:20:51
11646,31,56,8,2,1,10,20240505,432,2025-11-16 08:20:51
11647,35,53,2,2,1,11,20240505,575,2025-11-16 08:20:51
11648,38,53,15,2,1,12,20240505,550,2025-11-16 08:20:51
11649,36,29,8,2,1,13,20240505,524,2025-11-16 08:20:51
11650,35,54,5,2,3,14,20240505,428,2025-11-16 08:20:51
11651,31,33,6,2,3,15,20240505,541,2025-11-16 08:20:51
11652,34,56,14,2,2,16,20240505,540,2025-11-16 08:20:51
11653,34,56,5,2,2,17,20240505,502,2025-11-16 08:20:51
11654,31,28,12,2,2,18,20240505,434,2025-11-16 08:20:51
11655,33,63,10,2,2,19,20240505,405,2025-11-16 08:20:51
11656,27,84,3,2,1,20,20240505,309,2025-11-16 08:20:51
11657,26,84,7,2,2,21,20240505,269,2025-11-16 08:20:51
11658,26,84,6,2,2,22,20240505,217,2025-11-16 08:20:51
11659,25,83,4,2,2,23,20240505,149,2025-11-16 08:20:51
11660,25,83,8,2,2,0,20240506,134,2025-11-16 08:20:51
11661,29,83,7,2,2,1,20240506,121,2025-11-16 08:20:51
11662,29,83,4,2,2,2,20240506,93,2025-11-16 08:20:51
11663,29,83,6,2,2,3,20240506,28,2025-11-16 08:20:51
11664,24,83,9,2,3,4,20240506,16,2025-11-16 08:20:51
11665,24,83,9,2,3,5,20240506,11,2025-11-16 08:20:51
11666,24,83,7,2,3,6,20240506,17,2025-11-16 08:20:51
11667,24,83,9,2,3,7,20240506,36,2025-11-16 08:20:51
11668,30,9,8,2,2,8,20240506,114,2025-11-16 08:20:51
11669,24,83,9,2,2,9,20240506,191,2025-11-16 08:20:51
11670,29,6,15,2,2,10,20240506,333,2025-11-16 08:20:51
11671,25,63,15,2,1,11,20240506,414,2025-11-16 08:20:51
11672,27,27,2,2,2,12,20240506,558,2025-11-16 08:20:51
11673,27,27,1,2,2,13,20240506,565,2025-11-16 08:20:51
11674,27,27,15,2,2,14,20240506,518,2025-11-16 08:20:51
11675,33,54,15,2,2,15,20240506,571,2025-11-16 08:20:51
11676,33,54,1,2,2,16,20240506,544,2025-11-16 08:20:51
11677,33,56,8,2,2,17,20240506,511,2025-11-16 08:20:51
11678,33,54,6,2,2,18,20240506,463,2025-11-16 08:20:51
11679,27,27,9,2,2,19,20240506,383,2025-11-16 08:20:51
11680,27,27,6,2,1,20,20240506,276,2025-11-16 08:20:51
11681,25,63,6,2,1,21,20240506,203,2025-11-16 08:20:51
11682,25,63,9,2,1,22,20240506,157,2025-11-16 08:20:51
11683,24,6,6,2,1,23,20240506,102,2025-11-16 08:20:51
11684,24,6,8,2,2,0,20240507,34,2025-11-16 08:20:51
11685,24,6,6,2,2,1,20240507,9,2025-11-16 08:20:51
11686,30,6,6,2,1,2,20240507,6,2025-11-16 08:20:51
11687,30,6,6,2,1,3,20240507,5,2025-11-16 08:20:51
11688,8,9,8,2,2,4,20240507,2,2025-11-16 08:20:51
11689,8,9,15,2,1,5,20240507,23,2025-11-16 08:20:51
11690,8,9,15,2,1,6,20240507,142,2025-11-16 08:20:51
11691,28,8,15,2,2,7,20240507,385,2025-11-16 08:20:51
11692,30,8,6,2,2,8,20240507,639,2025-11-16 08:20:51
11693,30,8,7,2,2,9,20240507,350,2025-11-16 08:20:51
11694,24,6,6,2,2,10,20240507,190,2025-11-16 08:20:51
11695,29,63,6,2,2,11,20240507,213,2025-11-16 08:20:51
11696,25,32,7,2,2,12,20240507,263,2025-11-16 08:20:51
11697,27,46,10,2,2,13,20240507,272,2025-11-16 08:20:51
11698,33,21,12,2,2,14,20240507,239,2025-11-16 08:20:51
11699,33,46,5,2,2,15,20240507,262,2025-11-16 08:20:51
11700,27,46,14,2,2,16,20240507,388,2025-11-16 08:20:51
11701,27,46,10,2,2,17,20240507,769,2025-11-16 08:20:51
11702,27,46,12,2,2,18,20240507,680,2025-11-16 08:20:51
11703,26,35,10,2,1,19,20240507,546,2025-11-16 08:20:51
11704,29,36,4,2,1,20,20240507,323,2025-11-16 08:20:51
11705,29,50,7,2,2,21,20240507,247,2025-11-16 08:20:51
11706,29,50,3,2,2,22,20240507,173,2025-11-16 08:20:51
11707,29,50,6,2,2,23,20240507,113,2025-11-16 08:20:51
11708,24,36,3,2,2,0,20240508,38,2025-11-16 08:20:51
11709,24,30,7,2,2,1,20240508,9,2025-11-16 08:20:51
11710,24,31,5,2,2,2,20240508,16,2025-11-16 08:20:51
11711,24,32,4,2,2,3,20240508,6,2025-11-16 08:20:51
11712,24,32,10,2,2,4,20240508,5,2025-11-16 08:20:51
11713,24,7,4,2,2,5,20240508,20,2025-11-16 08:20:51
11714,30,6,5,2,1,6,20240508,165,2025-11-16 08:20:51
11715,24,7,4,2,1,7,20240508,463,2025-11-16 08:20:51
11716,29,63,5,2,2,8,20240508,641,2025-11-16 08:20:51
11717,25,32,12,2,2,9,20240508,295,2025-11-16 08:20:51
11718,26,32,13,2,2,10,20240508,157,2025-11-16 08:20:51
11719,27,27,14,2,2,11,20240508,217,2025-11-16 08:20:51
11720,33,56,10,2,2,12,20240508,263,2025-11-16 08:20:51
11721,32,56,3,2,3,13,20240508,219,2025-11-16 08:20:51
11722,33,28,10,2,3,14,20240508,71,2025-11-16 08:20:51
11723,33,63,3,2,3,15,20240508,134,2025-11-16 08:20:51
11724,32,63,7,2,3,16,20240508,389,2025-11-16 08:20:51
11725,32,28,4,2,2,17,20240508,717,2025-11-16 08:20:51
11726,32,28,4,2,2,18,20240508,710,2025-11-16 08:20:51
11727,32,28,4,2,2,19,20240508,458,2025-11-16 08:20:51
11728,32,28,4,2,2,20,20240508,302,2025-11-16 08:20:51
11729,32,56,4,2,2,21,20240508,223,2025-11-16 08:20:51
11730,27,84,3,2,3,22,20240508,147,2025-11-16 08:20:51
11731,27,84,10,2,3,23,20240508,63,2025-11-16 08:20:51
11732,26,83,6,2,2,0,20240509,35,2025-11-16 08:20:51
11733,27,84,3,2,2,1,20240509,14,2025-11-16 08:20:51
11734,25,9,11,2,3,2,20240509,1,2025-11-16 08:20:51
11735,25,9,9,2,3,3,20240509,2,2025-11-16 08:20:51
11736,25,9,7,2,3,4,20240509,5,2025-11-16 08:20:51
11737,25,9,8,2,2,5,20240509,28,2025-11-16 08:20:51
11738,25,9,15,2,2,6,20240509,126,2025-11-16 08:20:51
11739,25,11,6,2,2,7,20240509,418,2025-11-16 08:20:51
11740,27,83,8,2,2,8,20240509,622,2025-11-16 08:20:51
11741,27,83,1,2,2,9,20240509,325,2025-11-16 08:20:51
11742,33,56,3,2,2,10,20240509,153,2025-11-16 08:20:51
11743,33,30,5,2,2,11,20240509,201,2025-11-16 08:20:51
11744,33,15,7,2,2,12,20240509,280,2025-11-16 08:20:51
11745,32,46,3,2,2,13,20240509,266,2025-11-16 08:20:51
11746,32,46,3,2,2,14,20240509,243,2025-11-16 08:20:51
11747,32,46,15,2,2,15,20240509,259,2025-11-16 08:20:51
11748,31,21,6,2,2,16,20240509,357,2025-11-16 08:20:51
11749,32,46,8,2,2,17,20240509,705,2025-11-16 08:20:51
11750,24,6,20,2,3,18,20240509,372,2025-11-16 08:20:51
11751,30,6,12,2,3,19,20240509,98,2025-11-16 08:20:51
11752,30,8,7,2,3,20,20240509,51,2025-11-16 08:20:51
11753,30,8,9,2,3,21,20240509,34,2025-11-16 08:20:51
11754,28,8,15,2,3,22,20240509,67,2025-11-16 08:20:51
11755,28,8,6,2,3,23,20240509,55,2025-11-16 08:20:51
11756,30,6,9,2,3,0,20240510,33,2025-11-16 08:20:51
11757,28,9,8,2,2,1,20240510,11,2025-11-16 08:20:51
11758,28,9,15,2,2,2,20240510,3,2025-11-16 08:20:51
11759,8,9,7,2,1,3,20240510,3,2025-11-16 08:20:51
11760,8,6,6,2,1,4,20240510,2,2025-11-16 08:20:51
11761,8,7,5,2,1,5,20240510,24,2025-11-16 08:20:51
11762,9,7,7,2,1,6,20240510,139,2025-11-16 08:20:51
11763,9,7,5,2,1,7,20240510,401,2025-11-16 08:20:51
11764,8,69,12,2,1,8,20240510,630,2025-11-16 08:20:51
11765,30,30,18,2,1,9,20240510,361,2025-11-16 08:20:51
11766,30,34,13,2,1,10,20240510,154,2025-11-16 08:20:51
11767,24,38,19,2,1,11,20240510,256,2025-11-16 08:20:51
11768,24,38,13,2,1,12,20240510,272,2025-11-16 08:20:51
11769,29,18,11,2,1,13,20240510,318,2025-11-16 08:20:51
11770,25,39,13,2,1,14,20240510,247,2025-11-16 08:20:51
11771,29,39,14,2,1,15,20240510,271,2025-11-16 08:20:51
11772,26,25,18,2,1,16,20240510,421,2025-11-16 08:20:51
11773,27,62,14,2,1,17,20240510,732,2025-11-16 08:20:51
11774,25,24,19,2,1,18,20240510,770,2025-11-16 08:20:51
11775,29,39,12,2,1,19,20240510,553,2025-11-16 08:20:51
11776,24,23,10,2,1,20,20240510,374,2025-11-16 08:20:51
11777,30,17,6,2,1,21,20240510,230,2025-11-16 08:20:51
11778,30,17,15,2,1,22,20240510,232,2025-11-16 08:20:51
11779,28,38,15,2,1,23,20240510,135,2025-11-16 08:20:51
11780,8,29,15,2,1,0,20240511,64,2025-11-16 08:20:51
11781,8,34,8,2,1,1,20240511,46,2025-11-16 08:20:51
11782,8,19,9,2,1,2,20240511,31,2025-11-16 08:20:51
11783,8,49,4,2,1,3,20240511,13,2025-11-16 08:20:51
11784,7,21,6,2,1,4,20240511,9,2025-11-16 08:20:51
11785,7,20,9,2,1,5,20240511,26,2025-11-16 08:20:51
11786,7,21,3,2,1,6,20240511,135,2025-11-16 08:20:51
11787,7,21,3,2,1,7,20240511,351,2025-11-16 08:20:51
11788,8,19,3,2,1,8,20240511,620,2025-11-16 08:20:51
11789,28,49,5,2,1,9,20240511,322,2025-11-16 08:20:51
11790,24,43,10,2,1,10,20240511,210,2025-11-16 08:20:51
11791,25,24,3,2,1,11,20240511,291,2025-11-16 08:20:51
11792,25,41,13,2,1,12,20240511,348,2025-11-16 08:20:51
11793,27,61,14,2,1,13,20240511,363,2025-11-16 08:20:51
11794,33,65,7,2,1,14,20240511,334,2025-11-16 08:20:51
11795,33,60,6,2,1,15,20240511,439,2025-11-16 08:20:51
11796,33,60,10,2,1,16,20240511,525,2025-11-16 08:20:51
11797,32,65,3,2,1,17,20240511,779,2025-11-16 08:20:51
11798,32,65,4,2,1,18,20240511,596,2025-11-16 08:20:51
11799,32,65,3,2,1,19,20240511,503,2025-11-16 08:20:51
11800,33,60,8,2,1,20,20240511,341,2025-11-16 08:20:51
11801,27,41,15,2,1,21,20240511,270,2025-11-16 08:20:51
11802,25,24,7,2,1,22,20240511,234,2025-11-16 08:20:51
11803,29,39,6,2,1,23,20240511,180,2025-11-16 08:20:51
11804,24,17,9,2,1,0,20240512,136,2025-11-16 08:20:51
11805,30,38,1,2,1,1,20240512,93,2025-11-16 08:20:51
11806,8,30,8,2,1,2,20240512,56,2025-11-16 08:20:51
11807,28,30,1,2,1,3,20240512,34,2025-11-16 08:20:51
11808,9,69,15,2,1,4,20240512,9,2025-11-16 08:20:51
11809,7,69,8,2,1,5,20240512,13,2025-11-16 08:20:51
11810,7,69,2,2,1,6,20240512,33,2025-11-16 08:20:51
11811,7,13,8,2,1,7,20240512,67,2025-11-16 08:20:51
11812,24,38,1,2,1,8,20240512,178,2025-11-16 08:20:51
11813,29,37,1,2,1,9,20240512,335,2025-11-16 08:20:51
11814,25,37,2,2,1,10,20240512,411,2025-11-16 08:20:51
11815,33,49,2,2,1,11,20240512,522,2025-11-16 08:20:51
11816,32,43,9,2,1,12,20240512,559,2025-11-16 08:20:51
11817,32,43,6,2,1,13,20240512,659,2025-11-16 08:20:51
11818,31,43,6,2,1,14,20240512,615,2025-11-16 08:20:51
11819,34,64,6,2,1,15,20240512,590,2025-11-16 08:20:51
11820,35,59,6,2,2,16,20240512,591,2025-11-16 08:20:51
11821,31,43,6,2,2,17,20240512,576,2025-11-16 08:20:51
11822,31,62,6,2,2,18,20240512,546,2025-11-16 08:20:51
11823,32,43,9,2,2,19,20240512,439,2025-11-16 08:20:51
11824,33,16,9,2,1,20,20240512,287,2025-11-16 08:20:51
11825,27,55,8,2,2,21,20240512,230,2025-11-16 08:20:51
11826,25,32,8,2,1,22,20240512,274,2025-11-16 08:20:51
11827,26,35,2,2,1,23,20240512,176,2025-11-16 08:20:51
11828,25,27,9,2,1,0,20240513,98,2025-11-16 08:20:51
11829,29,32,8,2,2,1,20240513,94,2025-11-16 08:20:51
11830,29,32,9,2,2,2,20240513,82,2025-11-16 08:20:51
11831,29,27,8,2,2,3,20240513,28,2025-11-16 08:20:51
11832,29,32,6,2,2,4,20240513,9,2025-11-16 08:20:51
11833,24,7,6,2,1,5,20240513,12,2025-11-16 08:20:51
11834,24,32,9,2,1,6,20240513,21,2025-11-16 08:20:51
11835,24,32,9,2,1,7,20240513,60,2025-11-16 08:20:51
11836,25,27,9,2,1,8,20240513,156,2025-11-16 08:20:51
11837,27,35,8,2,1,9,20240513,222,2025-11-16 08:20:51
11838,27,55,3,2,1,10,20240513,350,2025-11-16 08:20:51
11839,33,15,3,2,1,11,20240513,428,2025-11-16 08:20:51
11840,32,15,7,2,1,12,20240513,531,2025-11-16 08:20:51
11841,34,48,3,2,1,13,20240513,602,2025-11-16 08:20:51
11842,35,38,8,2,1,14,20240513,552,2025-11-16 08:20:51
11843,38,50,12,2,1,15,20240513,499,2025-11-16 08:20:51
11844,38,17,3,2,1,16,20240513,564,2025-11-16 08:20:51
11845,35,50,13,2,1,17,20240513,478,2025-11-16 08:20:51
11846,34,19,12,2,2,18,20240513,389,2025-11-16 08:20:51
11847,31,21,13,2,2,19,20240513,339,2025-11-16 08:20:51
11848,31,21,4,2,2,20,20240513,230,2025-11-16 08:20:51
11849,32,46,6,2,2,21,20240513,169,2025-11-16 08:20:51
11850,33,54,9,2,2,22,20240513,131,2025-11-16 08:20:51
11851,33,15,7,2,2,23,20240513,74,2025-11-16 08:20:51
11852,27,35,3,2,2,0,20240514,35,2025-11-16 08:20:51
11853,27,55,4,2,2,1,20240514,11,2025-11-16 08:20:51
11854,27,55,5,2,1,2,20240514,2,2025-11-16 08:20:51
11855,26,32,10,2,2,3,20240514,2,2025-11-16 08:20:51
11856,29,6,7,2,2,4,20240514,6,2025-11-16 08:20:51
11857,29,6,9,2,2,5,20240514,26,2025-11-16 08:20:51
11858,24,11,5,2,3,6,20240514,65,2025-11-16 08:20:51
11859,24,11,6,2,3,7,20240514,75,2025-11-16 08:20:51
11860,29,9,7,2,3,8,20240514,156,2025-11-16 08:20:51
11861,29,9,4,2,3,9,20240514,110,2025-11-16 08:20:51
11862,29,9,3,2,3,10,20240514,59,2025-11-16 08:20:51
11863,25,83,7,2,2,11,20240514,79,2025-11-16 08:20:51
11864,25,9,4,2,2,12,20240514,185,2025-11-16 08:20:51
11865,33,63,7,2,2,13,20240514,176,2025-11-16 08:20:51
11866,33,63,3,2,2,14,20240514,171,2025-11-16 08:20:51
11867,33,63,9,2,2,15,20240514,196,2025-11-16 08:20:51
11868,33,28,4,2,3,16,20240514,111,2025-11-16 08:20:51
11869,25,9,3,2,3,17,20240514,229,2025-11-16 08:20:51
11870,26,83,1,2,2,18,20240514,300,2025-11-16 08:20:51
11871,26,9,8,2,3,19,20240514,304,2025-11-16 08:20:51
11872,26,9,6,2,2,20,20240514,189,2025-11-16 08:20:51
11873,26,83,2,2,2,21,20240514,152,2025-11-16 08:20:51
11874,26,84,2,2,2,22,20240514,129,2025-11-16 08:20:51
11875,26,84,15,2,2,23,20240514,75,2025-11-16 08:20:51
11876,25,9,8,2,2,0,20240515,32,2025-11-16 08:20:51
11877,25,9,8,2,3,1,20240515,19,2025-11-16 08:20:51
11878,25,9,8,2,2,2,20240515,4,2025-11-16 08:20:51
11879,26,83,8,2,3,3,20240515,6,2025-11-16 08:20:51
11880,25,11,1,2,3,4,20240515,5,2025-11-16 08:20:51
11881,25,11,7,2,3,5,20240515,8,2025-11-16 08:20:51
11882,25,11,7,2,3,6,20240515,24,2025-11-16 08:20:51
11883,25,11,8,2,3,7,20240515,92,2025-11-16 08:20:51
11884,26,9,2,2,2,8,20240515,409,2025-11-16 08:20:51
11885,26,9,2,2,2,9,20240515,355,2025-11-16 08:20:51
11886,33,84,15,2,1,10,20240515,171,2025-11-16 08:20:51
11887,32,84,6,2,1,11,20240515,224,2025-11-16 08:20:51
11888,32,63,6,2,1,12,20240515,264,2025-11-16 08:20:51
11889,32,63,6,2,3,13,20240515,239,2025-11-16 08:20:51
11890,32,63,6,2,2,14,20240515,184,2025-11-16 08:20:51
11891,35,54,2,2,2,15,20240515,256,2025-11-16 08:20:51
11892,34,56,9,2,1,16,20240515,374,2025-11-16 08:20:51
11893,34,56,15,2,1,17,20240515,678,2025-11-16 08:20:51
11894,35,54,2,2,1,18,20240515,733,2025-11-16 08:20:51
11895,31,28,9,2,1,19,20240515,512,2025-11-16 08:20:51
11896,32,63,8,2,3,20,20240515,263,2025-11-16 08:20:51
11897,32,63,4,2,3,21,20240515,109,2025-11-16 08:20:51
11898,26,84,7,2,1,22,20240515,83,2025-11-16 08:20:51
11899,25,9,15,2,3,23,20240515,71,2025-11-16 08:20:51
11900,26,9,1,2,2,0,20240516,39,2025-11-16 08:20:51
11901,26,9,8,2,2,1,20240516,21,2025-11-16 08:20:51
11902,25,11,6,2,1,2,20240516,19,2025-11-16 08:20:51
11903,25,9,15,2,1,3,20240516,6,2025-11-16 08:20:51
11904,29,11,8,2,1,4,20240516,4,2025-11-16 08:20:51
11905,29,11,15,2,1,5,20240516,38,2025-11-16 08:20:51
11906,29,11,2,2,1,6,20240516,158,2025-11-16 08:20:51
11907,25,83,1,2,1,7,20240516,440,2025-11-16 08:20:51
11908,26,83,1,2,1,8,20240516,650,2025-11-16 08:20:51
11909,27,84,8,2,2,9,20240516,347,2025-11-16 08:20:51
11910,31,54,1,2,1,10,20240516,192,2025-11-16 08:20:51
11911,35,48,8,2,1,11,20240516,267,2025-11-16 08:20:51
11912,35,48,6,2,1,12,20240516,330,2025-11-16 08:20:51
11913,38,17,1,2,1,13,20240516,350,2025-11-16 08:20:51
11914,38,17,2,2,1,14,20240516,263,2025-11-16 08:20:51
11915,38,38,15,2,2,15,20240516,274,2025-11-16 08:20:51
11916,38,50,15,2,1,16,20240516,446,2025-11-16 08:20:51
11917,38,34,6,2,1,17,20240516,873,2025-11-16 08:20:51
11918,38,34,7,2,1,18,20240516,846,2025-11-16 08:20:51
11919,35,48,4,2,1,19,20240516,590,2025-11-16 08:20:51
11920,31,56,3,2,1,20,20240516,459,2025-11-16 08:20:51
11921,32,63,6,2,1,21,20240516,393,2025-11-16 08:20:51
11922,32,63,9,2,1,22,20240516,286,2025-11-16 08:20:51
11923,33,84,15,2,1,23,20240516,133,2025-11-16 08:20:51
11924,27,84,8,2,1,0,20240517,79,2025-11-16 08:20:51
11925,27,83,9,2,1,1,20240517,28,2025-11-16 08:20:51
11926,27,84,9,2,1,2,20240517,16,2025-11-16 08:20:51
11927,27,63,3,2,1,3,20240517,3,2025-11-16 08:20:51
11928,27,27,10,2,1,4,20240517,16,2025-11-16 08:20:51
11929,25,32,10,2,1,5,20240517,35,2025-11-16 08:20:51
11930,29,63,12,2,1,6,20240517,159,2025-11-16 08:20:51
11931,29,63,14,2,1,7,20240517,474,2025-11-16 08:20:51
11932,24,29,11,2,1,8,20240517,634,2025-11-16 08:20:51
11933,29,36,13,2,1,9,20240517,346,2025-11-16 08:20:51
11934,25,36,3,2,1,10,20240517,205,2025-11-16 08:20:51
11935,26,37,7,2,1,11,20240517,279,2025-11-16 08:20:51
11936,27,22,6,2,1,12,20240517,348,2025-11-16 08:20:51
11937,33,49,6,2,1,13,20240517,327,2025-11-16 08:20:51
11938,32,42,6,2,1,14,20240517,270,2025-11-16 08:20:51
11939,32,43,3,2,1,15,20240517,316,2025-11-16 08:20:51
11940,31,62,6,2,1,16,20240517,430,2025-11-16 08:20:51
11941,31,62,8,2,1,17,20240517,852,2025-11-16 08:20:51
11942,31,58,9,2,1,18,20240517,868,2025-11-16 08:20:51
11943,32,62,6,2,1,19,20240517,537,2025-11-16 08:20:51
11944,27,23,6,2,1,20,20240517,446,2025-11-16 08:20:51
11945,26,23,15,2,1,21,20240517,299,2025-11-16 08:20:51
11946,25,22,2,2,1,22,20240517,251,2025-11-16 08:20:51
11947,29,37,8,2,1,23,20240517,166,2025-11-16 08:20:51
11948,24,30,15,2,1,0,20240518,70,2025-11-16 08:20:51
11949,30,30,2,2,1,1,20240518,49,2025-11-16 08:20:51
11950,28,69,8,2,1,2,20240518,21,2025-11-16 08:20:51
11951,8,7,2,2,1,3,20240518,14,2025-11-16 08:20:51
11952,8,6,9,2,1,4,20240518,11,2025-11-16 08:20:51
11953,8,6,15,2,1,5,20240518,34,2025-11-16 08:20:51
11954,9,6,8,2,1,6,20240518,182,2025-11-16 08:20:51
11955,8,8,15,2,1,7,20240518,515,2025-11-16 08:20:51
11956,24,30,8,2,1,8,20240518,745,2025-11-16 08:20:51
11957,25,35,15,2,1,9,20240518,361,2025-11-16 08:20:51
11958,27,16,8,2,1,10,20240518,255,2025-11-16 08:20:51
11959,33,22,1,2,1,11,20240518,334,2025-11-16 08:20:51
11960,33,49,6,2,1,12,20240518,360,2025-11-16 08:20:51
11961,32,43,9,2,1,13,20240518,395,2025-11-16 08:20:51
11962,31,47,8,2,1,14,20240518,350,2025-11-16 08:20:51
11963,31,43,6,2,1,15,20240518,391,2025-11-16 08:20:51
11964,31,47,3,2,1,16,20240518,568,2025-11-16 08:20:51
11965,31,47,8,2,1,17,20240518,812,2025-11-16 08:20:51
11966,32,42,7,2,1,18,20240518,669,2025-11-16 08:20:51
11967,33,49,6,2,1,19,20240518,483,2025-11-16 08:20:51
11968,33,49,9,2,1,20,20240518,337,2025-11-16 08:20:51
11969,27,23,1,2,1,21,20240518,258,2025-11-16 08:20:51
11970,25,36,10,2,1,22,20240518,251,2025-11-16 08:20:51
11971,24,29,1,2,1,23,20240518,174,2025-11-16 08:20:51
11972,24,38,15,2,1,0,20240519,148,2025-11-16 08:20:51
11973,30,38,1,2,1,1,20240519,104,2025-11-16 08:20:51
11974,30,34,15,2,1,2,20240519,69,2025-11-16 08:20:51
11975,30,38,15,2,1,3,20240519,33,2025-11-16 08:20:51
11976,28,30,2,2,1,4,20240519,14,2025-11-16 08:20:51
11977,8,69,1,2,1,5,20240519,12,2025-11-16 08:20:51
11978,9,7,2,2,1,6,20240519,50,2025-11-16 08:20:51
11979,8,69,15,2,1,7,20240519,95,2025-11-16 08:20:51
11980,24,36,9,2,1,8,20240519,195,2025-11-16 08:20:51
11981,25,22,9,2,1,9,20240519,292,2025-11-16 08:20:51
11982,25,22,1,2,1,10,20240519,452,2025-11-16 08:20:51
11983,33,42,2,2,1,11,20240519,586,2025-11-16 08:20:51
11984,31,43,1,2,1,12,20240519,642,2025-11-16 08:20:51
11985,35,39,8,2,1,13,20240519,704,2025-11-16 08:20:51
11986,38,25,2,2,1,14,20240519,730,2025-11-16 08:20:51
11987,38,25,15,2,1,15,20240519,672,2025-11-16 08:20:51
11988,36,25,15,2,1,16,20240519,642,2025-11-16 08:20:51
11989,36,25,2,2,1,17,20240519,626,2025-11-16 08:20:51
11990,36,40,2,2,1,18,20240519,645,2025-11-16 08:20:51
11991,35,18,8,2,1,19,20240519,432,2025-11-16 08:20:51
11992,34,49,2,2,1,20,20240519,315,2025-11-16 08:20:51
11993,32,21,1,2,1,21,20240519,259,2025-11-16 08:20:51
11994,32,20,1,2,1,22,20240519,338,2025-11-16 08:20:51
11995,27,35,9,2,1,23,20240519,239,2025-11-16 08:20:51
11996,26,46,15,2,1,0,20240520,170,2025-11-16 08:20:51
11997,25,36,1,2,1,1,20240520,130,2025-11-16 08:20:51
11998,25,36,1,2,1,2,20240520,98,2025-11-16 08:20:51
11999,29,35,2,2,1,3,20240520,66,2025-11-16 08:20:51
12000,24,32,2,2,1,4,20240520,16,2025-11-16 08:20:51
12001,30,7,15,2,1,5,20240520,8,2025-11-16 08:20:51
12002,30,31,8,2,1,6,20240520,25,2025-11-16 08:20:51
12003,24,32,6,2,1,7,20240520,90,2025-11-16 08:20:51
12004,25,35,9,2,1,8,20240520,171,2025-11-16 08:20:51
12005,33,26,3,2,1,9,20240520,313,2025-11-16 08:20:51
12006,31,47,5,2,1,10,20240520,432,2025-11-16 08:20:51
12007,31,43,10,2,1,11,20240520,581,2025-11-16 08:20:51
12008,34,43,10,2,1,12,20240520,637,2025-11-16 08:20:51
12009,35,39,4,2,1,13,20240520,607,2025-11-16 08:20:51
12010,38,18,14,2,1,14,20240520,543,2025-11-16 08:20:51
12023,35,18,13,2,2,15,20240520,502,2025-11-16 08:20:51
12024,38,17,12,2,1,16,20240520,577,2025-11-16 08:20:51
12013,38,50,10,2,1,17,20240520,549,2025-11-16 08:20:51
12014,35,34,10,2,1,18,20240520,474,2025-11-16 08:20:51
12015,31,54,13,2,1,19,20240520,402,2025-11-16 08:20:51
12016,31,54,13,2,1,20,20240520,274,2025-11-16 08:20:51
12017,32,28,14,2,1,21,20240520,233,2025-11-16 08:20:51
12018,33,63,10,2,1,22,20240520,145,2025-11-16 08:20:51
12019,27,84,12,2,3,23,20240520,86,2025-11-16 08:20:51
12020,26,9,5,2,3,0,20240521,40,2025-11-16 08:20:51
12021,26,9,12,2,3,1,20240521,15,2025-11-16 08:20:51
12022,25,11,3,2,3,2,20240521,11,2025-11-16 08:20:51
12023,25,9,5,2,2,3,20240521,2,2025-11-16 08:20:51
12024,25,9,5,2,3,4,20240521,7,2025-11-16 08:20:51
12025,25,9,5,2,3,5,20240521,15,2025-11-16 08:20:51
12026,25,9,5,2,3,6,20240521,79,2025-11-16 08:20:51
12027,25,9,5,2,3,7,20240521,153,2025-11-16 08:20:51
12028,25,9,3,2,3,8,20240521,270,2025-11-16 08:20:51
12029,25,9,7,2,3,9,20240521,186,2025-11-16 08:20:51
12030,26,9,4,2,3,10,20240521,99,2025-11-16 08:20:51
12031,27,83,9,2,2,11,20240521,106,2025-11-16 08:20:51
12032,27,83,3,2,2,12,20240521,170,2025-11-16 08:20:51
12033,27,83,3,2,3,13,20240521,184,2025-11-16 08:20:51
12034,27,83,6,2,3,14,20240521,180,2025-11-16 08:20:51
12035,32,63,6,2,2,15,20240521,225,2025-11-16 08:20:51
12036,32,63,3,2,2,16,20240521,315,2025-11-16 08:20:51
12037,31,28,3,2,2,17,20240521,508,2025-11-16 08:20:51
12038,32,63,15,2,1,18,20240521,530,2025-11-16 08:20:51
12039,31,28,2,2,1,19,20240521,448,2025-11-16 08:20:51
12040,32,28,8,2,1,20,20240521,336,2025-11-16 08:20:51
12041,33,28,2,2,1,21,20240521,241,2025-11-16 08:20:51
12042,33,63,9,2,2,22,20240521,142,2025-11-16 08:20:51
12043,33,63,4,2,1,23,20240521,97,2025-11-16 08:20:51
12044,26,83,3,2,1,0,20240522,36,2025-11-16 08:20:51
12045,26,83,8,2,2,1,20240522,27,2025-11-16 08:20:51
12046,26,83,15,2,2,2,20240522,11,2025-11-16 08:20:51
12047,26,83,15,2,2,3,20240522,5,2025-11-16 08:20:51
12048,25,9,9,2,2,4,20240522,7,2025-11-16 08:20:51
12049,25,9,6,2,3,5,20240522,17,2025-11-16 08:20:51
12050,25,9,15,2,3,6,20240522,137,2025-11-16 08:20:51
12051,25,9,15,2,3,7,20240522,324,2025-11-16 08:20:51
12052,25,9,8,2,2,8,20240522,590,2025-11-16 08:20:51
12053,27,83,15,2,2,9,20240522,333,2025-11-16 08:20:51
12054,27,84,2,2,2,10,20240522,200,2025-11-16 08:20:51
12055,27,84,1,2,2,11,20240522,189,2025-11-16 08:20:51
12056,33,84,15,2,2,12,20240522,254,2025-11-16 08:20:51
12057,32,63,1,2,2,13,20240522,243,2025-11-16 08:20:51
12058,32,63,15,2,2,14,20240522,222,2025-11-16 08:20:51
12059,35,54,2,2,1,15,20240522,245,2025-11-16 08:20:51
12060,34,54,15,2,1,16,20240522,386,2025-11-16 08:20:51
12061,38,48,1,2,1,17,20240522,785,2025-11-16 08:20:51
12062,34,54,8,2,1,18,20240522,785,2025-11-16 08:20:51
12063,31,28,7,2,1,19,20240522,364,2025-11-16 08:20:51
12064,32,63,3,2,1,20,20240522,373,2025-11-16 08:20:51
12065,33,84,8,2,1,21,20240522,261,2025-11-16 08:20:51
12066,33,63,2,2,1,22,20240522,174,2025-11-16 08:20:51
12067,33,63,15,2,1,23,20240522,105,2025-11-16 08:20:51
12068,33,84,8,2,1,0,20240523,47,2025-11-16 08:20:51
12069,27,83,9,2,1,1,20240523,32,2025-11-16 08:20:51
12070,27,83,9,2,2,2,20240523,12,2025-11-16 08:20:51
12071,27,84,15,2,1,3,20240523,5,2025-11-16 08:20:51
12072,26,83,6,2,3,4,20240523,3,2025-11-16 08:20:51
12073,25,9,3,2,3,5,20240523,35,2025-11-16 08:20:51
12074,25,9,15,2,1,6,20240523,160,2025-11-16 08:20:51
12075,26,83,1,2,1,7,20240523,468,2025-11-16 08:20:51
12076,26,83,1,2,1,8,20240523,719,2025-11-16 08:20:51
12077,33,84,1,2,2,9,20240523,297,2025-11-16 08:20:51
12078,33,84,2,2,1,10,20240523,191,2025-11-16 08:20:51
12079,32,63,1,2,1,11,20240523,197,2025-11-16 08:20:51
12080,31,28,2,2,2,12,20240523,248,2025-11-16 08:20:51
12081,31,33,9,2,2,13,20240523,270,2025-11-16 08:20:51
12082,34,56,8,2,1,14,20240523,248,2025-11-16 08:20:51
12083,35,54,1,2,2,15,20240523,257,2025-11-16 08:20:51
12084,35,54,2,2,3,16,20240523,278,2025-11-16 08:20:51
12085,32,28,15,2,3,17,20240523,285,2025-11-16 08:20:51
12086,32,28,15,2,3,18,20240523,327,2025-11-16 08:20:51
12087,33,83,9,2,2,19,20240523,376,2025-11-16 08:20:51
12088,33,83,2,2,2,20,20240523,295,2025-11-16 08:20:51
12089,33,83,1,2,2,21,20240523,245,2025-11-16 08:20:51
12090,33,83,9,2,2,22,20240523,159,2025-11-16 08:20:51
12091,27,83,8,2,1,23,20240523,106,2025-11-16 08:20:51
12092,27,83,2,2,1,0,20240524,56,2025-11-16 08:20:51
12093,27,9,2,2,1,1,20240524,30,2025-11-16 08:20:51
12094,27,9,1,2,1,2,20240524,16,2025-11-16 08:20:51
12095,27,9,15,2,2,3,20240524,4,2025-11-16 08:20:51
12096,27,9,9,2,2,4,20240524,5,2025-11-16 08:20:51
12097,27,9,9,2,2,5,20240524,30,2025-11-16 08:20:51
12098,27,9,9,2,2,6,20240524,156,2025-11-16 08:20:51
12099,27,83,15,2,1,7,20240524,415,2025-11-16 08:20:51
12100,33,63,8,2,1,8,20240524,692,2025-11-16 08:20:51
12101,33,63,9,2,1,9,20240524,301,2025-11-16 08:20:51
12102,32,56,8,2,1,10,20240524,185,2025-11-16 08:20:51
12103,31,56,8,2,1,11,20240524,221,2025-11-16 08:20:51
12104,35,53,15,2,1,12,20240524,289,2025-11-16 08:20:51
12105,38,48,9,2,1,13,20240524,302,2025-11-16 08:20:51
12106,36,29,7,2,1,14,20240524,252,2025-11-16 08:20:51
12107,36,29,3,2,1,15,20240524,291,2025-11-16 08:20:51
12108,36,29,12,2,1,16,20240524,390,2025-11-16 08:20:51
12109,36,29,4,2,1,17,20240524,798,2025-11-16 08:20:51
12110,38,48,10,2,1,18,20240524,752,2025-11-16 08:20:51
12111,35,54,5,2,1,19,20240524,492,2025-11-16 08:20:51
12112,31,28,4,2,2,20,20240524,398,2025-11-16 08:20:51
12113,32,84,9,2,3,21,20240524,285,2025-11-16 08:20:51
12114,32,84,15,2,2,22,20240524,243,2025-11-16 08:20:51
12115,32,84,8,2,2,23,20240524,167,2025-11-16 08:20:51
12116,33,83,8,2,1,0,20240525,73,2025-11-16 08:20:51
12117,33,83,2,2,1,1,20240525,42,2025-11-16 08:20:51
12118,33,83,1,2,2,2,20240525,23,2025-11-16 08:20:51
12119,33,9,15,2,2,3,20240525,14,2025-11-16 08:20:51
12120,33,9,1,2,2,4,20240525,9,2025-11-16 08:20:51
12121,33,9,2,2,2,5,20240525,30,2025-11-16 08:20:51
12122,33,9,15,2,2,6,20240525,113,2025-11-16 08:20:51
12123,33,9,9,2,2,7,20240525,359,2025-11-16 08:20:51
12124,32,86,15,2,2,8,20240525,583,2025-11-16 08:20:51
12125,32,86,8,2,2,9,20240525,340,2025-11-16 08:20:51
12126,34,87,9,2,1,10,20240525,232,2025-11-16 08:20:51
12127,34,87,8,2,1,11,20240525,283,2025-11-16 08:20:51
12128,38,14,15,2,1,12,20240525,321,2025-11-16 08:20:51
12129,36,52,8,2,1,13,20240525,333,2025-11-16 08:20:51
12130,36,53,8,2,1,14,20240525,367,2025-11-16 08:20:51
12131,37,52,6,2,1,15,20240525,466,2025-11-16 08:20:51
12132,39,36,7,2,1,16,20240525,584,2025-11-16 08:20:51
12133,37,52,4,2,1,17,20240525,653,2025-11-16 08:20:51
12134,37,52,6,2,1,18,20240525,522,2025-11-16 08:20:51
12135,36,52,3,2,1,19,20240525,404,2025-11-16 08:20:51
12136,35,56,9,2,1,20,20240525,350,2025-11-16 08:20:51
12137,35,56,8,2,1,21,20240525,255,2025-11-16 08:20:51
12138,31,33,15,2,1,22,20240525,212,2025-11-16 08:20:51
12139,31,84,7,2,1,23,20240525,166,2025-11-16 08:20:51
12140,32,83,9,2,1,0,20240526,116,2025-11-16 08:20:51
12141,32,83,8,2,1,1,20240526,82,2025-11-16 08:20:51
12142,32,86,8,2,1,2,20240526,64,2025-11-16 08:20:51
12143,33,9,15,2,1,3,20240526,31,2025-11-16 08:20:51
12144,33,9,8,2,1,4,20240526,2,2025-11-16 08:20:51
12145,33,83,3,2,1,5,20240526,10,2025-11-16 08:20:51
12146,33,9,6,2,1,6,20240526,31,2025-11-16 08:20:51
12147,33,9,9,2,2,7,20240526,54,2025-11-16 08:20:51
12148,32,84,8,2,1,8,20240526,141,2025-11-16 08:20:51
12149,32,83,6,2,1,9,20240526,289,2025-11-16 08:20:51
12150,34,87,7,2,1,10,20240526,437,2025-11-16 08:20:51
12151,35,33,6,2,1,11,20240526,520,2025-11-16 08:20:51
12152,36,14,7,2,1,12,20240526,529,2025-11-16 08:20:51
12153,37,14,6,2,1,13,20240526,539,2025-11-16 08:20:51
12154,37,14,7,2,1,14,20240526,564,2025-11-16 08:20:51
12155,37,14,4,2,1,15,20240526,513,2025-11-16 08:20:51
12156,39,29,3,2,1,16,20240526,504,2025-11-16 08:20:51
12157,39,36,3,2,2,17,20240526,462,2025-11-16 08:20:51
12158,37,36,6,2,2,18,20240526,415,2025-11-16 08:20:51
12159,36,14,7,2,2,19,20240526,373,2025-11-16 08:20:51
12160,36,29,6,2,2,20,20240526,255,2025-11-16 08:20:51
12161,38,52,6,2,2,21,20240526,251,2025-11-16 08:20:51
12162,35,33,3,2,1,22,20240526,204,2025-11-16 08:20:51
12163,35,33,3,2,1,23,20240526,150,2025-11-16 08:20:51
12164,34,28,9,2,2,0,20240527,137,2025-11-16 08:20:51
12165,31,33,7,2,1,1,20240527,78,2025-11-16 08:20:51
12166,32,63,7,2,1,2,20240527,61,2025-11-16 08:20:51
12167,32,63,9,2,1,3,20240527,36,2025-11-16 08:20:51
12168,33,83,6,2,1,4,20240527,11,2025-11-16 08:20:51
12169,33,83,6,2,1,5,20240527,7,2025-11-16 08:20:51
12170,33,83,9,2,1,6,20240527,22,2025-11-16 08:20:51
12171,33,9,9,2,1,7,20240527,52,2025-11-16 08:20:51
12172,32,83,6,2,1,8,20240527,151,2025-11-16 08:20:51
12173,31,83,7,2,1,9,20240527,270,2025-11-16 08:20:51
12174,34,33,3,2,1,10,20240527,424,2025-11-16 08:20:51
12175,38,14,7,2,1,11,20240527,519,2025-11-16 08:20:51
12176,36,14,3,2,1,12,20240527,570,2025-11-16 08:20:51
12177,37,53,6,2,1,13,20240527,498,2025-11-16 08:20:51
12178,37,53,3,2,1,14,20240527,547,2025-11-16 08:20:51
12179,39,36,4,2,1,15,20240527,535,2025-11-16 08:20:51
12180,39,36,4,2,1,16,20240527,501,2025-11-16 08:20:51
12181,39,37,5,2,1,17,20240527,522,2025-11-16 08:20:51
12182,37,53,5,2,1,18,20240527,518,2025-11-16 08:20:51
12183,37,53,6,2,1,19,20240527,442,2025-11-16 08:20:51
12184,36,29,9,2,1,20,20240527,392,2025-11-16 08:20:51
12185,31,28,13,2,3,21,20240527,143,2025-11-16 08:20:51
12186,33,83,1,2,3,22,20240527,59,2025-11-16 08:20:51
12187,33,83,8,2,3,23,20240527,96,2025-11-16 08:20:51
12188,33,83,7,2,1,0,20240528,65,2025-11-16 08:20:51
12189,33,84,5,2,2,1,20240528,59,2025-11-16 08:20:51
12190,27,83,7,2,1,2,20240528,48,2025-11-16 08:20:51
12191,33,63,9,2,1,3,20240528,18,2025-11-16 08:20:51
12192,27,84,8,2,1,4,20240528,6,2025-11-16 08:20:51
12193,27,84,8,2,1,5,20240528,9,2025-11-16 08:20:51
12194,33,63,9,2,1,6,20240528,20,2025-11-16 08:20:51
12195,33,84,15,2,1,7,20240528,67,2025-11-16 08:20:51
12196,31,28,1,2,1,8,20240528,155,2025-11-16 08:20:51
12197,35,54,1,2,1,9,20240528,263,2025-11-16 08:20:51
12198,35,54,1,2,1,10,20240528,364,2025-11-16 08:20:51
12199,38,14,8,2,1,11,20240528,476,2025-11-16 08:20:51
12200,37,52,8,2,1,12,20240528,525,2025-11-16 08:20:51
12201,41,31,4,2,1,13,20240528,556,2025-11-16 08:20:51
12202,41,31,4,2,1,14,20240528,465,2025-11-16 08:20:51
12203,40,35,5,2,1,15,20240528,460,2025-11-16 08:20:51
12204,40,35,10,2,1,16,20240528,501,2025-11-16 08:20:51
12205,40,35,5,2,1,17,20240528,405,2025-11-16 08:20:51
12206,41,30,5,2,1,18,20240528,383,2025-11-16 08:20:51
12207,41,29,5,2,1,19,20240528,395,2025-11-16 08:20:51
12208,39,52,5,2,1,20,20240528,317,2025-11-16 08:20:51
12209,37,14,4,2,1,21,20240528,247,2025-11-16 08:20:51
12210,36,57,9,2,1,22,20240528,157,2025-11-16 08:20:51
12211,38,33,9,2,1,23,20240528,82,2025-11-16 08:20:51
12212,35,87,6,2,1,0,20240529,45,2025-11-16 08:20:51
12213,35,87,6,2,1,1,20240529,14,2025-11-16 08:20:51
12214,34,83,8,2,1,2,20240529,8,2025-11-16 08:20:51
12215,34,87,4,2,1,3,20240529,3,2025-11-16 08:20:51
12216,31,84,7,2,1,4,20240529,5,2025-11-16 08:20:51
12217,31,84,7,2,1,5,20240529,33,2025-11-16 08:20:51
12218,31,84,7,2,1,6,20240529,154,2025-11-16 08:20:51
12219,31,84,7,2,1,7,20240529,450,2025-11-16 08:20:51
12220,35,33,6,2,1,8,20240529,634,2025-11-16 08:20:51
12221,38,57,3,2,1,9,20240529,257,2025-11-16 08:20:51
12222,36,57,5,2,1,10,20240529,183,2025-11-16 08:20:51
12223,37,52,5,2,1,11,20240529,197,2025-11-16 08:20:51
12224,41,29,10,2,1,12,20240529,237,2025-11-16 08:20:51
12225,40,36,14,2,1,13,20240529,239,2025-11-16 08:20:51
12226,40,36,13,2,1,14,20240529,238,2025-11-16 08:20:51
12227,40,37,14,2,1,15,20240529,256,2025-11-16 08:20:51
12228,40,37,16,2,1,16,20240529,393,2025-11-16 08:20:51
12229,40,16,13,2,1,17,20240529,781,2025-11-16 08:20:51
12230,41,37,16,2,1,18,20240529,710,2025-11-16 08:20:51
12231,39,36,12,2,1,19,20240529,526,2025-11-16 08:20:51
12232,35,54,19,2,3,20,20240529,204,2025-11-16 08:20:51
12233,27,9,11,2,3,21,20240529,71,2025-11-16 08:20:51
12234,33,9,2,2,2,22,20240529,55,2025-11-16 08:20:51
12235,33,11,1,2,3,23,20240529,50,2025-11-16 08:20:51
12236,32,86,15,2,3,0,20240530,36,2025-11-16 08:20:51
12237,32,86,6,2,3,1,20240530,4,2025-11-16 08:20:51
12238,33,11,2,2,3,2,20240530,5,2025-11-16 08:20:51
12239,33,9,8,2,3,3,20240530,5,2025-11-16 08:20:51
12240,33,9,8,2,2,4,20240530,6,2025-11-16 08:20:51
12241,33,84,8,2,2,5,20240530,41,2025-11-16 08:20:51
12242,27,84,15,2,2,6,20240530,144,2025-11-16 08:20:51
12243,27,84,6,2,3,7,20240530,483,2025-11-16 08:20:51
12244,27,63,9,2,2,8,20240530,671,2025-11-16 08:20:51
12245,33,28,6,2,2,9,20240530,305,2025-11-16 08:20:51
12246,33,28,4,2,2,10,20240530,177,2025-11-16 08:20:51
12247,31,56,6,2,2,11,20240530,208,2025-11-16 08:20:51
12248,35,48,1,2,1,12,20240530,253,2025-11-16 08:20:51
12249,35,34,1,2,1,13,20240530,289,2025-11-16 08:20:51
12250,38,17,8,2,1,14,20240530,252,2025-11-16 08:20:51
12251,38,34,8,2,1,15,20240530,275,2025-11-16 08:20:51
12252,38,34,9,2,1,16,20240530,398,2025-11-16 08:20:51
12253,36,38,2,2,1,17,20240530,839,2025-11-16 08:20:51
12254,36,38,9,2,1,18,20240530,796,2025-11-16 08:20:51
12255,38,48,9,2,1,19,20240530,556,2025-11-16 08:20:51
12256,29,55,8,2,2,20,20240530,431,2025-11-16 08:20:51
12257,34,15,15,2,1,21,20240530,304,2025-11-16 08:20:51
12258,31,28,15,2,1,22,20240530,217,2025-11-16 08:20:51
12259,31,56,15,2,1,23,20240530,160,2025-11-16 08:20:51
12260,32,28,8,2,1,0,20240531,61,2025-11-16 08:20:51
12261,32,28,2,2,1,1,20240531,26,2025-11-16 08:20:51
12262,32,56,2,2,1,2,20240531,14,2025-11-16 08:20:51
12263,33,28,2,2,1,3,20240531,8,2025-11-16 08:20:51
12264,33,28,1,2,1,4,20240531,8,2025-11-16 08:20:51
12265,33,28,3,2,1,5,20240531,33,2025-11-16 08:20:51
12266,27,63,7,2,1,6,20240531,178,2025-11-16 08:20:51
12267,27,27,4,2,1,7,20240531,507,2025-11-16 08:20:51
12268,33,15,3,2,1,8,20240531,693,2025-11-16 08:20:51
12269,31,20,3,2,1,9,20240531,311,2025-11-16 08:20:51
12270,35,18,14,2,1,10,20240531,220,2025-11-16 08:20:51
12271,38,39,4,2,1,11,20240531,218,2025-11-16 08:20:51
12272,38,39,6,2,1,12,20240531,292,2025-11-16 08:20:51
12273,36,24,8,2,1,13,20240531,293,2025-11-16 08:20:51
12274,37,62,6,2,1,14,20240531,254,2025-11-16 08:20:51
12275,37,40,5,2,1,15,20240531,290,2025-11-16 08:20:51
12276,37,40,4,2,1,16,20240531,487,2025-11-16 08:20:51
12277,37,62,9,2,1,17,20240531,827,2025-11-16 08:20:51
12278,36,25,6,2,1,18,20240531,785,2025-11-16 08:20:51
12279,38,47,9,2,1,19,20240531,591,2025-11-16 08:20:51
12280,34,19,9,2,1,20,20240531,479,2025-11-16 08:20:51
12281,34,19,9,2,1,21,20240531,359,2025-11-16 08:20:51
12282,31,21,9,2,1,22,20240531,264,2025-11-16 08:20:51
12283,31,48,7,2,1,23,20240531,140,2025-11-16 08:20:51
12284,31,21,3,2,1,0,20240601,86,2025-11-16 08:20:51
12285,32,46,7,2,1,1,20240601,34,2025-11-16 08:20:51
12286,32,15,7,2,1,2,20240601,16,2025-11-16 08:20:51
12287,33,63,2,2,2,3,20240601,4,2025-11-16 08:20:51
12288,33,63,2,2,2,4,20240601,6,2025-11-16 08:20:51
12289,33,84,2,2,2,5,20240601,45,2025-11-16 08:20:51
12290,33,9,8,2,3,6,20240601,141,2025-11-16 08:20:51
12291,32,86,6,2,2,7,20240601,402,2025-11-16 08:20:51
12292,32,86,6,2,2,8,20240601,694,2025-11-16 08:20:51
12293,32,83,7,2,2,9,20240601,298,2025-11-16 08:20:51
12294,31,84,4,2,2,10,20240601,204,2025-11-16 08:20:51
12295,35,33,4,2,2,11,20240601,235,2025-11-16 08:20:51
12296,35,33,12,2,2,12,20240601,310,2025-11-16 08:20:51
12297,38,57,5,2,1,13,20240601,316,2025-11-16 08:20:51
12298,38,14,4,2,3,14,20240601,254,2025-11-16 08:20:51
12299,38,14,4,2,3,15,20240601,258,2025-11-16 08:20:51
12300,36,53,11,2,3,16,20240601,222,2025-11-16 08:20:51
12301,35,57,3,2,3,17,20240601,227,2025-11-16 08:20:51
12302,33,9,12,2,3,18,20240601,110,2025-11-16 08:20:51
12303,33,9,12,2,3,19,20240601,45,2025-11-16 08:20:51
12304,33,11,3,2,3,20,20240601,39,2025-11-16 08:20:51
12305,32,84,3,2,3,21,20240601,85,2025-11-16 08:20:51
12306,27,9,8,2,3,22,20240601,23,2025-11-16 08:20:51
12307,27,9,8,2,3,23,20240601,73,2025-11-16 08:20:51
12308,25,83,8,2,2,0,20240602,86,2025-11-16 08:20:51
12309,25,83,15,2,2,1,20240602,76,2025-11-16 08:20:51
12310,29,9,1,2,2,2,20240602,41,2025-11-16 08:20:51
12311,25,63,3,2,1,3,20240602,26,2025-11-16 08:20:51
12312,29,32,4,2,1,4,20240602,13,2025-11-16 08:20:51
12313,30,7,6,2,1,5,20240602,12,2025-11-16 08:20:51
12314,30,6,6,2,2,6,20240602,36,2025-11-16 08:20:51
12315,24,7,15,2,1,7,20240602,86,2025-11-16 08:20:51
12316,29,27,9,2,1,8,20240602,210,2025-11-16 08:20:51
12317,25,55,3,2,1,9,20240602,332,2025-11-16 08:20:51
12318,27,46,5,2,1,10,20240602,493,2025-11-16 08:20:51
12319,26,16,4,2,1,11,20240602,536,2025-11-16 08:20:51
12320,33,22,12,2,1,12,20240602,668,2025-11-16 08:20:51
12321,33,49,3,2,1,13,20240602,679,2025-11-16 08:20:51
12322,32,42,5,2,1,14,20240602,647,2025-11-16 08:20:51
12323,32,42,3,2,1,15,20240602,702,2025-11-16 08:20:51
12324,32,42,3,2,1,16,20240602,644,2025-11-16 08:20:51
12325,32,43,1,2,1,17,20240602,586,2025-11-16 08:20:51
12326,32,43,1,2,1,18,20240602,512,2025-11-16 08:20:51
12327,32,43,9,2,1,19,20240602,554,2025-11-16 08:20:51
12328,33,24,4,2,1,20,20240602,399,2025-11-16 08:20:51
12329,27,23,15,2,1,21,20240602,316,2025-11-16 08:20:51
12330,26,16,8,2,1,22,20240602,228,2025-11-16 08:20:51
12331,25,36,15,2,1,23,20240602,238,2025-11-16 08:20:51
12332,29,55,9,2,1,0,20240603,169,2025-11-16 08:20:51
12333,29,35,8,2,1,1,20240603,121,2025-11-16 08:20:51
12334,24,30,15,2,1,2,20240603,89,2025-11-16 08:20:51
12335,24,31,15,2,1,3,20240603,50,2025-11-16 08:20:51
12336,30,7,2,2,1,4,20240603,13,2025-11-16 08:20:51
12337,30,32,1,2,1,5,20240603,12,2025-11-16 08:20:51
12338,8,8,15,2,1,6,20240603,22,2025-11-16 08:20:51
12339,30,32,15,2,1,7,20240603,35,2025-11-16 08:20:51
12340,29,55,2,2,1,8,20240603,140,2025-11-16 08:20:51
12341,27,16,6,2,1,9,20240603,300,2025-11-16 08:20:51
12342,33,22,7,2,1,10,20240603,404,2025-11-16 08:20:51
12343,32,49,3,2,1,11,20240603,511,2025-11-16 08:20:51
12344,31,18,5,2,1,12,20240603,684,2025-11-16 08:20:51
12345,34,43,4,2,1,13,20240603,686,2025-11-16 08:20:51
12346,34,43,10,2,1,14,20240603,678,2025-11-16 08:20:51
12347,35,47,1,2,1,15,20240603,644,2025-11-16 08:20:51
12348,35,47,5,2,1,16,20240603,662,2025-11-16 08:20:51
12349,35,47,3,2,1,17,20240603,578,2025-11-16 08:20:51
12350,35,47,3,2,1,18,20240603,496,2025-11-16 08:20:51
12351,34,47,4,2,1,19,20240603,453,2025-11-16 08:20:51
12352,31,18,6,2,1,20,20240603,314,2025-11-16 08:20:51
12353,33,22,9,2,1,21,20240603,246,2025-11-16 08:20:51
12354,33,21,14,2,1,22,20240603,226,2025-11-16 08:20:51
12355,26,46,15,2,1,23,20240603,108,2025-11-16 08:20:51
12356,26,46,1,2,1,0,20240604,49,2025-11-16 08:20:51
12357,25,55,9,2,3,1,20240604,14,2025-11-16 08:20:51
12358,25,55,7,2,1,2,20240604,11,2025-11-16 08:20:51
12359,25,55,9,2,2,3,20240604,5,2025-11-16 08:20:51
12360,29,27,2,2,1,4,20240604,8,2025-11-16 08:20:51
12361,24,32,1,2,1,5,20240604,35,2025-11-16 08:20:51
12362,24,32,1,2,1,6,20240604,139,2025-11-16 08:20:51
12363,25,55,7,2,1,7,20240604,517,2025-11-16 08:20:51
12364,27,37,7,2,1,8,20240604,665,2025-11-16 08:20:51
12365,33,22,4,2,1,9,20240604,282,2025-11-16 08:20:51
12366,32,49,18,2,1,10,20240604,187,2025-11-16 08:20:51
12367,32,42,16,2,1,11,20240604,239,2025-11-16 08:20:51
12368,32,49,11,2,1,12,20240604,282,2025-11-16 08:20:51
12369,32,49,12,2,1,13,20240604,274,2025-11-16 08:20:51
12370,33,49,16,2,1,14,20240604,270,2025-11-16 08:20:51
12371,31,18,5,2,1,15,20240604,292,2025-11-16 08:20:51
12372,31,18,18,2,1,16,20240604,448,2025-11-16 08:20:51
12373,32,42,11,2,1,17,20240604,834,2025-11-16 08:20:51
12374,32,42,14,2,1,18,20240604,822,2025-11-16 08:20:51
12375,33,42,13,2,1,19,20240604,645,2025-11-16 08:20:51
12376,27,23,12,2,1,20,20240604,461,2025-11-16 08:20:51
12377,26,37,3,2,1,21,20240604,265,2025-11-16 08:20:51
12378,25,36,4,2,1,22,20240604,168,2025-11-16 08:20:51
12379,26,37,5,2,1,23,20240604,86,2025-11-16 08:20:51
12380,29,32,13,2,1,0,20240605,34,2025-11-16 08:20:51
12381,24,6,10,2,2,1,20240605,20,2025-11-16 08:20:51
12382,24,7,5,2,3,2,20240605,8,2025-11-16 08:20:51
12383,30,8,6,2,3,3,20240605,5,2025-11-16 08:20:51
12384,30,8,6,2,3,4,20240605,5,2025-11-16 08:20:51
12385,28,8,9,2,3,5,20240605,36,2025-11-16 08:20:51
12386,28,8,3,2,1,6,20240605,184,2025-11-16 08:20:51
12387,28,6,5,2,1,7,20240605,569,2025-11-16 08:20:51
12388,28,6,7,2,2,8,20240605,710,2025-11-16 08:20:51
12389,24,7,3,2,2,9,20240605,335,2025-11-16 08:20:51
12390,24,31,5,2,2,10,20240605,176,2025-11-16 08:20:51
12391,25,35,6,2,2,11,20240605,227,2025-11-16 08:20:51
12392,29,35,7,2,2,12,20240605,247,2025-11-16 08:20:51
12393,27,16,9,2,2,13,20240605,267,2025-11-16 08:20:51
12394,26,16,9,2,2,14,20240605,276,2025-11-16 08:20:51
12395,26,16,8,2,2,15,20240605,272,2025-11-16 08:20:51
12396,27,22,6,2,1,16,20240605,473,2025-11-16 08:20:51
12397,27,22,1,2,1,17,20240605,850,2025-11-16 08:20:51
12398,27,22,6,2,1,18,20240605,790,2025-11-16 08:20:51
12399,26,16,3,2,1,19,20240605,513,2025-11-16 08:20:51
12400,25,37,7,2,1,20,20240605,415,2025-11-16 08:20:51
12401,29,35,9,2,1,21,20240605,283,2025-11-16 08:20:51
12402,25,36,15,2,1,22,20240605,193,2025-11-16 08:20:51
12403,29,35,2,2,1,23,20240605,113,2025-11-16 08:20:51
12404,24,30,2,2,1,0,20240606,49,2025-11-16 08:20:51
12405,24,32,1,2,1,1,20240606,27,2025-11-16 08:20:51
12406,30,32,1,2,1,2,20240606,11,2025-11-16 08:20:51
12407,8,8,1,2,1,3,20240606,8,2025-11-16 08:20:51
12408,8,8,15,2,1,4,20240606,10,2025-11-16 08:20:51
12409,28,6,1,2,1,5,20240606,38,2025-11-16 08:20:51
12410,28,6,1,2,1,6,20240606,172,2025-11-16 08:20:51
12411,30,7,1,2,1,7,20240606,547,2025-11-16 08:20:51
12412,29,32,1,2,1,8,20240606,668,2025-11-16 08:20:51
12413,25,55,2,2,1,9,20240606,303,2025-11-16 08:20:51
12414,27,16,2,2,1,10,20240606,203,2025-11-16 08:20:51
12415,33,22,2,2,1,11,20240606,226,2025-11-16 08:20:51
12416,33,42,1,2,1,12,20240606,315,2025-11-16 08:20:51
12417,33,49,2,2,1,13,20240606,303,2025-11-16 08:20:51
12418,32,42,1,2,1,14,20240606,302,2025-11-16 08:20:51
12419,32,42,1,2,1,15,20240606,300,2025-11-16 08:20:51
12420,32,49,8,2,1,16,20240606,452,2025-11-16 08:20:51
12421,33,22,8,2,1,17,20240606,724,2025-11-16 08:20:51
12422,27,46,6,2,3,18,20240606,782,2025-11-16 08:20:51
12423,25,63,5,2,1,19,20240606,538,2025-11-16 08:20:51
12424,29,63,4,2,1,20,20240606,408,2025-11-16 08:20:51
12425,29,63,9,2,1,21,20240606,298,2025-11-16 08:20:51
12426,24,6,2,2,1,22,20240606,248,2025-11-16 08:20:51
12427,24,6,1,2,1,23,20240606,123,2025-11-16 08:20:51
12428,24,6,8,2,1,0,20240607,59,2025-11-16 08:20:51
12429,24,6,9,2,1,1,20240607,22,2025-11-16 08:20:51
12430,24,6,2,2,1,2,20240607,12,2025-11-16 08:20:51
12431,30,6,15,2,1,3,20240607,5,2025-11-16 08:20:51
12432,8,9,15,2,1,4,20240607,6,2025-11-16 08:20:51
12433,28,8,2,2,1,5,20240607,34,2025-11-16 08:20:51
12434,8,9,15,2,1,6,20240607,170,2025-11-16 08:20:51
12435,30,8,9,2,1,7,20240607,526,2025-11-16 08:20:51
12436,24,6,1,2,1,8,20240607,681,2025-11-16 08:20:51
12437,26,32,1,2,1,9,20240607,337,2025-11-16 08:20:51
12438,27,27,2,2,1,10,20240607,210,2025-11-16 08:20:51
12439,31,20,7,2,1,11,20240607,237,2025-11-16 08:20:51
12440,35,17,1,2,1,12,20240607,336,2025-11-16 08:20:51
12441,35,39,4,2,1,13,20240607,315,2025-11-16 08:20:51
12442,38,39,3,2,1,14,20240607,265,2025-11-16 08:20:51
12443,36,25,1,2,1,15,20240607,333,2025-11-16 08:20:51
12444,38,47,7,2,1,16,20240607,466,2025-11-16 08:20:51
12445,38,47,3,2,1,17,20240607,869,2025-11-16 08:20:51
12446,35,47,4,2,1,18,20240607,813,2025-11-16 08:20:51
12447,35,47,4,2,1,19,20240607,602,2025-11-16 08:20:51
12448,31,43,5,2,1,20,20240607,478,2025-11-16 08:20:51
12449,33,49,10,2,1,21,20240607,313,2025-11-16 08:20:51
12450,27,16,9,2,1,22,20240607,228,2025-11-16 08:20:51
12451,25,36,8,2,1,23,20240607,177,2025-11-16 08:20:51
12452,25,35,9,2,1,0,20240608,77,2025-11-16 08:20:51
12453,25,35,9,2,1,1,20240608,29,2025-11-16 08:20:51
12454,25,35,1,2,1,2,20240608,19,2025-11-16 08:20:51
12455,29,55,2,2,1,3,20240608,8,2025-11-16 08:20:51
12456,24,31,1,2,1,4,20240608,10,2025-11-16 08:20:51
12457,30,7,15,2,1,5,20240608,29,2025-11-16 08:20:51
12458,24,32,2,2,1,6,20240608,139,2025-11-16 08:20:51
12459,24,7,15,2,1,7,20240608,428,2025-11-16 08:20:51
12460,26,55,2,2,1,8,20240608,700,2025-11-16 08:20:51
12461,33,46,9,2,1,9,20240608,382,2025-11-16 08:20:51
12462,31,20,3,2,1,10,20240608,249,2025-11-16 08:20:51
12463,35,17,3,2,1,11,20240608,264,2025-11-16 08:20:51
12464,38,18,10,2,1,12,20240608,369,2025-11-16 08:20:51
12465,36,39,3,2,1,13,20240608,416,2025-11-16 08:20:51
12466,37,62,14,2,1,14,20240608,373,2025-11-16 08:20:51
12467,37,45,4,2,1,15,20240608,397,2025-11-16 08:20:51
12468,37,45,5,2,1,16,20240608,523,2025-11-16 08:20:51
12469,37,45,6,2,1,17,20240608,793,2025-11-16 08:20:51
12470,37,58,7,2,1,18,20240608,723,2025-11-16 08:20:51
12471,36,25,7,2,1,19,20240608,555,2025-11-16 08:20:51
12472,38,26,8,2,1,20,20240608,408,2025-11-16 08:20:51
12473,35,39,8,2,1,21,20240608,339,2025-11-16 08:20:51
12474,34,49,15,2,1,22,20240608,291,2025-11-16 08:20:51
12475,32,15,9,2,1,23,20240608,215,2025-11-16 08:20:51
12476,32,46,15,2,1,0,20240609,206,2025-11-16 08:20:51
12477,32,46,2,2,1,1,20240609,123,2025-11-16 08:20:51
12478,32,21,7,2,1,2,20240609,89,2025-11-16 08:20:51
12479,33,15,1,2,1,3,20240609,40,2025-11-16 08:20:51
12480,33,15,1,2,1,4,20240609,8,2025-11-16 08:20:51
12481,27,35,15,2,1,5,20240609,19,2025-11-16 08:20:51
12482,25,27,15,2,1,6,20240609,80,2025-11-16 08:20:51
12483,26,27,15,2,1,7,20240609,87,2025-11-16 08:20:51
12484,33,54,15,2,1,8,20240609,244,2025-11-16 08:20:51
12485,32,15,9,2,1,9,20240609,340,2025-11-16 08:20:51
12486,35,34,15,2,1,10,20240609,466,2025-11-16 08:20:51
12487,37,24,1,2,1,11,20240609,569,2025-11-16 08:20:51
12488,41,45,3,2,1,12,20240609,531,2025-11-16 08:20:51
12489,40,64,4,2,1,13,20240609,585,2025-11-16 08:20:51
12490,40,65,6,2,1,14,20240609,593,2025-11-16 08:20:51
12491,45,79,5,2,1,15,20240609,555,2025-11-16 08:20:51
12492,40,64,6,2,1,16,20240609,534,2025-11-16 08:20:51
12493,45,64,1,2,1,17,20240609,495,2025-11-16 08:20:51
12494,40,64,7,2,1,18,20240609,451,2025-11-16 08:20:51
12495,41,45,9,2,1,19,20240609,360,2025-11-16 08:20:51
12496,37,24,7,2,1,20,20240609,363,2025-11-16 08:20:51
12497,36,23,6,2,1,21,20240609,316,2025-11-16 08:20:51
12498,35,53,9,2,1,22,20240609,214,2025-11-16 08:20:51
12499,34,54,9,2,1,23,20240609,230,2025-11-16 08:20:51
12500,31,28,15,2,1,0,20240610,158,2025-11-16 08:20:51
12501,32,63,8,2,1,1,20240610,116,2025-11-16 08:20:51
12502,32,28,8,2,1,2,20240610,73,2025-11-16 08:20:51
12503,32,63,15,2,1,3,20240610,29,2025-11-16 08:20:51
12504,33,84,2,2,1,4,20240610,10,2025-11-16 08:20:51
12505,33,28,2,2,1,5,20240610,13,2025-11-16 08:20:51
12506,33,63,1,2,1,6,20240610,30,2025-11-16 08:20:51
12507,27,84,15,2,1,7,20240610,62,2025-11-16 08:20:51
12508,32,63,2,2,1,8,20240610,181,2025-11-16 08:20:51
12509,35,53,1,2,1,9,20240610,266,2025-11-16 08:20:51
12510,37,23,15,2,1,10,20240610,413,2025-11-16 08:20:51
12511,37,50,2,2,1,11,20240610,499,2025-11-16 08:20:51
12512,40,25,1,2,1,12,20240610,502,2025-11-16 08:20:51
12513,45,41,8,2,1,13,20240610,492,2025-11-16 08:20:51
12514,45,25,8,2,1,14,20240610,500,2025-11-16 08:20:51
12515,45,25,7,2,1,15,20240610,475,2025-11-16 08:20:51
12516,45,43,4,2,1,16,20240610,508,2025-11-16 08:20:51
12517,40,49,4,2,1,17,20240610,521,2025-11-16 08:20:51
12518,40,42,7,2,1,18,20240610,490,2025-11-16 08:20:51
12519,40,41,4,2,1,19,20240610,375,2025-11-16 08:20:51
12520,37,38,9,2,1,20,20240610,363,2025-11-16 08:20:51
12521,38,52,9,2,1,21,20240610,253,2025-11-16 08:20:51
12522,35,56,9,2,1,22,20240610,159,2025-11-16 08:20:51
12523,38,53,15,2,1,23,20240610,110,2025-11-16 08:20:51
12524,35,56,15,2,1,0,20240611,41,2025-11-16 08:20:51
12525,31,33,9,2,1,1,20240611,24,2025-11-16 08:20:51
12526,31,33,15,2,1,2,20240611,17,2025-11-16 08:20:51
12527,32,84,15,2,1,3,20240611,6,2025-11-16 08:20:51
12528,32,84,8,2,1,4,20240611,7,2025-11-16 08:20:51
12529,32,84,8,2,1,5,20240611,37,2025-11-16 08:20:51
12530,33,83,15,2,1,6,20240611,144,2025-11-16 08:20:51
12531,32,84,15,2,1,7,20240611,503,2025-11-16 08:20:51
12532,31,33,8,2,1,8,20240611,651,2025-11-16 08:20:51
12533,35,56,8,2,1,9,20240611,316,2025-11-16 08:20:51
12534,38,52,9,2,1,10,20240611,147,2025-11-16 08:20:51
12535,37,38,7,2,2,11,20240611,202,2025-11-16 08:20:51
12536,41,22,6,2,2,12,20240611,261,2025-11-16 08:20:51
12537,41,49,5,2,2,13,20240611,248,2025-11-16 08:20:51
12538,40,47,4,2,2,14,20240611,259,2025-11-16 08:20:51
12539,41,49,12,2,1,15,20240611,259,2025-11-16 08:20:51
12540,41,49,13,2,2,16,20240611,427,2025-11-16 08:20:51
12541,41,49,12,2,2,17,20240611,800,2025-11-16 08:20:51
12542,41,22,5,2,2,18,20240611,831,2025-11-16 08:20:51
12543,37,38,10,2,2,19,20240611,596,2025-11-16 08:20:51
12544,36,38,7,2,2,20,20240611,394,2025-11-16 08:20:51
12545,38,53,6,2,2,21,20240611,250,2025-11-16 08:20:51
12546,38,53,6,2,2,22,20240611,164,2025-11-16 08:20:51
12547,35,53,7,2,2,23,20240611,80,2025-11-16 08:20:51
12548,35,53,7,2,2,0,20240612,28,2025-11-16 08:20:51
12549,34,56,9,2,2,1,20240612,16,2025-11-16 08:20:51
12550,34,56,6,2,2,2,20240612,6,2025-11-16 08:20:51
12551,31,28,3,2,2,3,20240612,12,2025-11-16 08:20:51
12552,27,9,9,2,3,4,20240612,4,2025-11-16 08:20:51
12553,27,9,8,2,3,5,20240612,29,2025-11-16 08:20:51
12554,27,9,8,2,2,6,20240612,136,2025-11-16 08:20:51
12555,33,9,3,2,3,7,20240612,303,2025-11-16 08:20:51
12556,33,9,7,2,2,8,20240612,613,2025-11-16 08:20:51
12557,32,86,4,2,2,9,20240612,285,2025-11-16 08:20:51
12558,32,86,4,2,3,10,20240612,125,2025-11-16 08:20:51
12559,31,83,12,2,3,11,20240612,65,2025-11-16 08:20:51
12560,31,83,3,2,3,12,20240612,95,2025-11-16 08:20:51
12561,31,83,6,2,3,13,20240612,59,2025-11-16 08:20:51
12562,32,86,3,2,3,14,20240612,60,2025-11-16 08:20:51
12563,31,86,6,2,3,15,20240612,116,2025-11-16 08:20:51
12564,31,86,4,2,2,16,20240612,239,2025-11-16 08:20:51
12565,31,86,4,2,2,17,20240612,681,2025-11-16 08:20:51
12566,34,83,6,2,1,18,20240612,653,2025-11-16 08:20:51
12567,34,83,6,2,1,19,20240612,491,2025-11-16 08:20:51
12568,34,83,6,2,1,20,20240612,386,2025-11-16 08:20:51
12569,34,83,15,2,1,21,20240612,274,2025-11-16 08:20:51
12570,31,11,15,2,1,22,20240612,207,2025-11-16 08:20:51
12571,31,11,7,2,3,23,20240612,89,2025-11-16 08:20:51
12572,31,11,6,2,2,0,20240613,34,2025-11-16 08:20:51
12573,32,84,1,2,1,1,20240613,28,2025-11-16 08:20:51
12574,33,83,8,2,1,2,20240613,4,2025-11-16 08:20:51
12575,33,83,6,2,1,3,20240613,8,2025-11-16 08:20:51
12576,27,83,8,2,1,4,20240613,10,2025-11-16 08:20:51
12577,27,83,6,2,1,5,20240613,40,2025-11-16 08:20:51
12578,27,83,7,2,1,6,20240613,194,2025-11-16 08:20:51
12579,27,83,5,2,1,7,20240613,505,2025-11-16 08:20:51
12580,33,63,19,2,2,8,20240613,713,2025-11-16 08:20:51
12581,32,28,20,2,2,9,20240613,352,2025-11-16 08:20:51
12582,32,56,13,2,2,10,20240613,198,2025-11-16 08:20:51
12583,31,48,11,2,2,11,20240613,246,2025-11-16 08:20:51
12584,34,19,13,2,2,12,20240613,334,2025-11-16 08:20:51
12585,35,50,14,2,2,13,20240613,255,2025-11-16 08:20:51
12586,38,39,13,2,2,14,20240613,320,2025-11-16 08:20:51
12587,38,26,16,2,1,15,20240613,281,2025-11-16 08:20:51
12588,38,25,16,2,1,16,20240613,392,2025-11-16 08:20:51
12589,38,26,16,2,1,17,20240613,857,2025-11-16 08:20:51
12590,38,26,11,2,1,18,20240613,744,2025-11-16 08:20:51
12591,35,47,14,2,1,19,20240613,671,2025-11-16 08:20:51
12592,34,43,13,2,1,20,20240613,448,2025-11-16 08:20:51
12593,32,19,12,2,1,21,20240613,396,2025-11-16 08:20:51
12594,33,21,5,2,1,22,20240613,238,2025-11-16 08:20:51
12595,33,21,4,2,1,23,20240613,153,2025-11-16 08:20:51
12596,27,46,5,2,1,0,20240614,48,2025-11-16 08:20:51
12597,27,35,7,2,1,1,20240614,21,2025-11-16 08:20:51
12598,33,46,3,2,2,2,20240614,9,2025-11-16 08:20:51
12599,33,46,4,2,2,3,20240614,5,2025-11-16 08:20:51
12600,27,35,3,2,2,4,20240614,6,2025-11-16 08:20:51
12601,27,35,3,2,2,5,20240614,40,2025-11-16 08:20:51
12602,26,55,4,2,1,6,20240614,181,2025-11-16 08:20:51
12603,27,55,4,2,1,7,20240614,506,2025-11-16 08:20:51
12604,27,27,10,2,1,8,20240614,719,2025-11-16 08:20:51
12605,33,54,7,2,1,9,20240614,357,2025-11-16 08:20:51
12606,32,56,13,2,1,10,20240614,179,2025-11-16 08:20:51
12607,31,15,3,2,1,11,20240614,228,2025-11-16 08:20:51
12608,31,54,7,2,2,12,20240614,265,2025-11-16 08:20:51
12609,34,15,9,2,1,13,20240614,284,2025-11-16 08:20:51
12610,35,48,4,2,1,14,20240614,298,2025-11-16 08:20:51
12611,36,38,5,2,1,15,20240614,324,2025-11-16 08:20:51
12612,38,34,4,2,1,16,20240614,438,2025-11-16 08:20:51
12613,38,38,7,2,1,17,20240614,867,2025-11-16 08:20:51
12614,36,17,6,2,1,18,20240614,823,2025-11-16 08:20:51
12615,35,38,3,2,1,19,20240614,579,2025-11-16 08:20:51
12616,31,56,3,2,1,20,20240614,435,2025-11-16 08:20:51
12617,32,56,9,2,1,21,20240614,337,2025-11-16 08:20:51
12618,32,56,7,2,2,22,20240614,242,2025-11-16 08:20:51
12619,33,28,9,2,2,23,20240614,172,2025-11-16 08:20:51
12620,27,63,9,2,1,0,20240615,94,2025-11-16 08:20:51
12621,26,84,6,2,1,1,20240615,51,2025-11-16 08:20:51
12622,25,83,15,2,1,2,20240615,15,2025-11-16 08:20:51
12623,25,83,9,2,1,3,20240615,5,2025-11-16 08:20:51
12624,25,83,9,2,1,4,20240615,14,2025-11-16 08:20:51
12625,29,9,15,2,1,5,20240615,33,2025-11-16 08:20:51
12626,29,83,8,2,1,6,20240615,151,2025-11-16 08:20:51
12627,25,83,9,2,1,7,20240615,430,2025-11-16 08:20:51
12628,27,28,9,2,1,8,20240615,653,2025-11-16 08:20:51
12629,33,56,9,2,1,9,20240615,366,2025-11-16 08:20:51
12630,32,15,9,2,1,10,20240615,216,2025-11-16 08:20:51
12631,31,21,6,2,1,11,20240615,286,2025-11-16 08:20:51
12632,35,50,9,2,1,12,20240615,403,2025-11-16 08:20:51
12633,35,17,3,2,1,13,20240615,393,2025-11-16 08:20:51
12634,38,18,6,2,1,14,20240615,376,2025-11-16 08:20:51
12635,38,18,6,2,1,15,20240615,377,2025-11-16 08:20:51
12636,38,39,6,2,1,16,20240615,558,2025-11-16 08:20:51
12637,36,39,4,2,1,17,20240615,823,2025-11-16 08:20:51
12638,38,18,7,2,1,18,20240615,693,2025-11-16 08:20:51
12639,35,17,9,2,1,19,20240615,467,2025-11-16 08:20:51
12640,34,19,6,2,1,20,20240615,385,2025-11-16 08:20:51
12641,31,21,15,2,1,21,20240615,333,2025-11-16 08:20:51
12642,32,46,8,2,1,22,20240615,321,2025-11-16 08:20:51
12643,33,46,3,2,1,23,20240615,222,2025-11-16 08:20:51
12644,26,35,8,2,1,0,20240616,137,2025-11-16 08:20:51
12645,25,35,1,2,1,1,20240616,95,2025-11-16 08:20:51
12646,26,46,1,2,1,2,20240616,67,2025-11-16 08:20:51
12647,25,55,2,2,1,3,20240616,27,2025-11-16 08:20:51
12648,29,32,8,2,1,4,20240616,8,2025-11-16 08:20:51
12649,29,32,15,2,1,5,20240616,23,2025-11-16 08:20:51
12650,29,32,6,2,1,6,20240616,47,2025-11-16 08:20:51
12651,29,32,6,2,1,7,20240616,78,2025-11-16 08:20:51
12652,26,27,9,2,1,8,20240616,204,2025-11-16 08:20:51
12653,27,55,2,2,1,9,20240616,367,2025-11-16 08:20:51
12654,32,20,6,2,1,10,20240616,435,2025-11-16 08:20:51
12655,31,18,9,2,1,11,20240616,566,2025-11-16 08:20:51
12656,34,49,15,2,1,12,20240616,603,2025-11-16 08:20:51
12657,38,47,9,2,1,13,20240616,617,2025-11-16 08:20:51
12658,38,39,7,2,1,14,20240616,573,2025-11-16 08:20:51
12659,36,24,3,2,1,15,20240616,583,2025-11-16 08:20:51
12660,38,39,15,2,2,16,20240616,542,2025-11-16 08:20:51
12661,38,39,3,2,2,17,20240616,593,2025-11-16 08:20:51
12662,38,39,7,2,2,18,20240616,571,2025-11-16 08:20:51
12663,35,17,6,2,2,19,20240616,461,2025-11-16 08:20:51
12664,31,20,6,2,2,20,20240616,352,2025-11-16 08:20:51
12665,32,21,7,2,2,21,20240616,290,2025-11-16 08:20:51
12666,33,46,5,2,1,22,20240616,280,2025-11-16 08:20:51
12667,27,46,5,2,1,23,20240616,183,2025-11-16 08:20:51
12668,25,35,8,2,1,0,20240617,148,2025-11-16 08:20:51
12669,25,55,9,2,1,1,20240617,88,2025-11-16 08:20:51
12670,25,35,2,2,1,2,20240617,74,2025-11-16 08:20:51
12671,29,27,15,2,1,3,20240617,28,2025-11-16 08:20:51
12672,29,27,2,2,1,4,20240617,18,2025-11-16 08:20:51
12673,29,32,8,2,1,5,20240617,17,2025-11-16 08:20:51
12674,24,7,15,2,1,6,20240617,23,2025-11-16 08:20:51
12675,24,7,2,2,1,7,20240617,48,2025-11-16 08:20:51
12676,25,32,3,2,1,8,20240617,119,2025-11-16 08:20:51
12677,25,32,9,2,1,9,20240617,274,2025-11-16 08:20:51
12678,26,27,1,2,1,10,20240617,436,2025-11-16 08:20:51
12679,33,15,15,2,1,11,20240617,546,2025-11-16 08:20:51
12680,33,15,1,2,1,12,20240617,615,2025-11-16 08:20:51
12681,32,46,9,2,1,13,20240617,614,2025-11-16 08:20:51
12682,32,46,1,2,1,14,20240617,582,2025-11-16 08:20:51
12683,31,21,7,2,1,15,20240617,463,2025-11-16 08:20:51
12684,31,48,5,2,1,16,20240617,580,2025-11-16 08:20:51
12685,32,15,7,2,1,17,20240617,593,2025-11-16 08:20:51
12686,32,46,6,2,1,18,20240617,513,2025-11-16 08:20:51
12687,32,46,9,2,1,19,20240617,390,2025-11-16 08:20:51
12688,33,15,6,2,1,20,20240617,302,2025-11-16 08:20:51
12689,33,15,6,2,1,21,20240617,246,2025-11-16 08:20:51
12690,27,55,6,2,1,22,20240617,153,2025-11-16 08:20:51
12691,26,27,6,2,1,23,20240617,108,2025-11-16 08:20:51
12692,25,63,3,2,1,0,20240618,40,2025-11-16 08:20:51
12693,29,6,7,2,1,1,20240618,14,2025-11-16 08:20:51
12694,29,6,7,2,1,2,20240618,9,2025-11-16 08:20:51
12695,24,83,7,2,2,3,20240618,4,2025-11-16 08:20:51
12696,29,6,6,2,2,4,20240618,9,2025-11-16 08:20:51
12697,24,83,8,2,3,5,20240618,23,2025-11-16 08:20:51
12698,24,9,8,2,3,6,20240618,37,2025-11-16 08:20:51
12699,24,11,7,2,3,7,20240618,145,2025-11-16 08:20:51
12700,29,83,6,2,2,8,20240618,474,2025-11-16 08:20:51
12701,29,83,7,2,2,9,20240618,250,2025-11-16 08:20:51
12702,29,9,15,2,3,10,20240618,91,2025-11-16 08:20:51
12703,29,9,9,2,2,11,20240618,121,2025-11-16 08:20:51
12704,25,84,8,2,3,12,20240618,168,2025-11-16 08:20:51
12705,26,63,8,2,2,13,20240618,225,2025-11-16 08:20:51
12706,26,32,6,2,2,14,20240618,219,2025-11-16 08:20:51
12707,27,28,6,2,2,15,20240618,237,2025-11-16 08:20:51
12708,27,63,6,2,2,16,20240618,332,2025-11-16 08:20:51
12709,27,63,6,2,2,17,20240618,723,2025-11-16 08:20:51
12710,33,28,9,2,2,18,20240618,642,2025-11-16 08:20:51
12711,33,63,2,2,2,19,20240618,463,2025-11-16 08:20:51
12712,33,63,8,2,2,20,20240618,362,2025-11-16 08:20:51
12713,33,63,15,2,2,21,20240618,273,2025-11-16 08:20:51
12714,33,63,9,2,2,22,20240618,164,2025-11-16 08:20:51
12715,27,84,6,2,3,23,20240618,74,2025-11-16 08:20:51
12716,27,84,9,2,2,0,20240619,35,2025-11-16 08:20:51
12717,27,84,9,2,2,1,20240619,14,2025-11-16 08:20:51
12718,27,84,8,2,2,2,20240619,15,2025-11-16 08:20:51
12719,27,84,15,2,2,3,20240619,8,2025-11-16 08:20:51
12720,27,84,8,2,2,4,20240619,10,2025-11-16 08:20:51
12721,27,84,6,2,2,5,20240619,37,2025-11-16 08:20:51
12722,27,84,15,2,2,6,20240619,161,2025-11-16 08:20:51
12723,27,84,8,2,2,7,20240619,480,2025-11-16 08:20:51
12724,27,84,9,2,2,8,20240619,673,2025-11-16 08:20:51
12725,32,63,2,2,1,9,20240619,328,2025-11-16 08:20:51
12726,32,63,2,2,1,10,20240619,180,2025-11-16 08:20:51
12727,31,28,8,2,1,11,20240619,230,2025-11-16 08:20:51
12728,35,56,2,2,1,12,20240619,292,2025-11-16 08:20:51
12729,36,53,8,2,1,13,20240619,272,2025-11-16 08:20:51
12730,37,53,15,2,1,14,20240619,227,2025-11-16 08:20:51
12731,39,30,9,2,1,15,20240619,259,2025-11-16 08:20:51
12732,41,29,7,2,1,16,20240619,334,2025-11-16 08:20:51
12733,41,29,6,2,1,17,20240619,811,2025-11-16 08:20:51
12734,41,29,9,2,1,18,20240619,795,2025-11-16 08:20:51
12735,41,30,7,2,1,19,20240619,514,2025-11-16 08:20:51
12736,41,29,3,2,1,20,20240619,458,2025-11-16 08:20:51
12737,37,52,9,2,1,21,20240619,276,2025-11-16 08:20:51
12738,38,87,2,2,1,22,20240619,291,2025-11-16 08:20:51
12739,38,87,8,2,1,23,20240619,125,2025-11-16 08:20:51
12740,35,87,6,2,1,0,20240620,53,2025-11-16 08:20:51
12741,34,87,6,2,1,1,20240620,27,2025-11-16 08:20:51
12742,31,83,9,2,1,2,20240620,6,2025-11-16 08:20:51
12743,31,83,8,2,1,3,20240620,8,2025-11-16 08:20:51
12744,31,83,2,2,1,4,20240620,7,2025-11-16 08:20:51
12745,31,83,2,2,1,5,20240620,39,2025-11-16 08:20:51
12746,32,86,2,2,2,6,20240620,165,2025-11-16 08:20:51
12747,31,86,1,2,2,7,20240620,464,2025-11-16 08:20:51
12748,35,87,15,2,2,8,20240620,643,2025-11-16 08:20:51
12749,38,33,1,2,2,9,20240620,316,2025-11-16 08:20:51
12750,40,36,8,2,1,10,20240620,167,2025-11-16 08:20:51
12751,45,37,6,2,1,11,20240620,188,2025-11-16 08:20:51
12752,42,20,9,2,1,12,20240620,180,2025-11-16 08:20:51
12753,42,19,15,2,1,13,20240620,211,2025-11-16 08:20:51
12754,43,18,6,2,1,14,20240620,190,2025-11-16 08:20:51
12755,44,24,1,2,1,15,20240620,179,2025-11-16 08:20:51
12756,44,24,15,2,1,16,20240620,335,2025-11-16 08:20:51
12757,44,39,1,2,1,17,20240620,691,2025-11-16 08:20:51
12758,44,39,1,2,1,18,20240620,672,2025-11-16 08:20:51
12759,43,39,3,2,1,19,20240620,539,2025-11-16 08:20:51
12760,42,18,7,2,1,20,20240620,407,2025-11-16 08:20:51
12761,45,19,2,2,1,21,20240620,344,2025-11-16 08:20:51
12762,40,16,15,2,1,22,20240620,257,2025-11-16 08:20:51
12763,39,30,15,2,1,23,20240620,123,2025-11-16 08:20:51
12764,36,57,2,3,1,0,20240621,69,2025-11-16 08:20:51
12765,38,87,8,3,1,1,20240621,18,2025-11-16 08:20:51
12766,38,87,15,3,1,2,20240621,18,2025-11-16 08:20:51
12767,38,33,1,3,1,3,20240621,11,2025-11-16 08:20:51
12768,35,85,2,3,1,4,20240621,12,2025-11-16 08:20:51
12769,35,85,15,3,1,5,20240621,40,2025-11-16 08:20:51
12770,35,85,2,3,2,6,20240621,150,2025-11-16 08:20:51
12771,35,85,2,3,2,7,20240621,463,2025-11-16 08:20:51
12772,36,57,1,3,1,8,20240621,590,2025-11-16 08:20:51
12773,41,29,6,3,1,9,20240621,256,2025-11-16 08:20:51
12774,45,37,15,3,1,10,20240621,150,2025-11-16 08:20:51
12775,42,49,8,3,1,11,20240621,161,2025-11-16 08:20:51
12776,44,24,6,3,1,12,20240621,215,2025-11-16 08:20:51
12777,44,24,1,3,1,13,20240621,172,2025-11-16 08:20:51
12778,43,39,9,3,1,14,20240621,176,2025-11-16 08:20:51
12779,46,40,9,3,1,15,20240621,194,2025-11-16 08:20:51
12780,44,24,8,3,1,16,20240621,320,2025-11-16 08:20:51
12781,43,39,1,3,1,17,20240621,615,2025-11-16 08:20:51
12782,42,49,6,3,1,18,20240621,640,2025-11-16 08:20:51
12783,43,18,7,3,1,19,20240621,499,2025-11-16 08:20:51
12784,42,19,6,3,1,20,20240621,436,2025-11-16 08:20:51
12785,40,36,6,3,1,21,20240621,311,2025-11-16 08:20:51
12786,41,31,9,3,1,22,20240621,243,2025-11-16 08:20:51
12787,41,30,2,3,1,23,20240621,146,2025-11-16 08:20:51
12788,37,57,15,3,2,0,20240622,93,2025-11-16 08:20:51
12789,37,3,9,3,1,1,20240622,31,2025-11-16 08:20:51
12790,36,87,1,3,1,2,20240622,12,2025-11-16 08:20:51
12791,36,87,1,3,1,3,20240622,7,2025-11-16 08:20:51
12792,37,14,1,3,2,4,20240622,10,2025-11-16 08:20:51
12793,36,14,2,3,2,5,20240622,38,2025-11-16 08:20:51
12794,36,14,1,3,2,6,20240622,122,2025-11-16 08:20:51
12795,36,53,9,3,1,7,20240622,359,2025-11-16 08:20:51
12796,37,29,8,3,1,8,20240622,613,2025-11-16 08:20:51
12797,37,53,7,3,1,9,20240622,333,2025-11-16 08:20:51
12798,41,36,12,3,1,10,20240622,185,2025-11-16 08:20:51
12799,41,37,9,3,1,11,20240622,236,2025-11-16 08:20:51
12800,45,37,8,3,1,12,20240622,254,2025-11-16 08:20:51
12801,43,18,7,3,1,13,20240622,300,2025-11-16 08:20:51
12802,43,18,7,3,1,14,20240622,263,2025-11-16 08:20:51
12803,44,24,12,3,1,15,20240622,284,2025-11-16 08:20:51
12804,44,62,7,3,1,16,20240622,380,2025-11-16 08:20:51
12805,40,42,9,3,2,17,20240622,646,2025-11-16 08:20:51
12806,41,29,6,3,2,18,20240622,505,2025-11-16 08:20:51
12807,37,29,19,3,2,19,20240622,362,2025-11-16 08:20:51
12808,37,29,19,3,2,20,20240622,202,2025-11-16 08:20:51
12809,34,56,4,3,3,21,20240622,217,2025-11-16 08:20:51
12810,34,28,8,3,1,22,20240622,197,2025-11-16 08:20:51
12811,31,33,1,3,2,23,20240622,174,2025-11-16 08:20:51
12812,32,83,1,3,1,0,20240623,116,2025-11-16 08:20:51
12813,31,84,8,3,1,1,20240623,123,2025-11-16 08:20:51
12814,32,83,6,3,2,2,20240623,93,2025-11-16 08:20:51
12815,32,83,2,3,2,3,20240623,42,2025-11-16 08:20:51
12816,32,83,9,3,2,4,20240623,19,2025-11-16 08:20:51
12817,32,83,6,3,2,5,20240623,12,2025-11-16 08:20:51
12818,32,83,2,3,1,6,20240623,47,2025-11-16 08:20:51
12819,32,83,9,3,1,7,20240623,78,2025-11-16 08:20:51
12820,34,28,7,3,1,8,20240623,167,2025-11-16 08:20:51
12821,38,52,6,3,1,9,20240623,332,2025-11-16 08:20:51
12822,36,29,6,3,1,10,20240623,494,2025-11-16 08:20:51
12823,37,38,7,3,1,11,20240623,516,2025-11-16 08:20:51
12824,41,22,6,3,1,12,20240623,602,2025-11-16 08:20:51
12825,40,47,6,3,1,13,20240623,564,2025-11-16 08:20:51
12826,39,40,3,3,1,14,20240623,609,2025-11-16 08:20:51
12827,45,25,10,3,1,15,20240623,483,2025-11-16 08:20:51
12828,45,61,5,3,1,16,20240623,513,2025-11-16 08:20:51
12829,40,61,3,3,1,17,20240623,530,2025-11-16 08:20:51
12830,40,61,5,3,1,18,20240623,481,2025-11-16 08:20:51
12831,41,58,6,3,1,19,20240623,425,2025-11-16 08:20:51
12832,39,62,6,3,1,20,20240623,386,2025-11-16 08:20:51
12833,37,40,8,3,1,21,20240623,322,2025-11-16 08:20:51
12834,36,39,15,3,1,22,20240623,279,2025-11-16 08:20:51
12835,38,19,1,3,1,23,20240623,225,2025-11-16 08:20:51
12836,35,34,1,3,1,0,20240624,163,2025-11-16 08:20:51
12837,34,48,2,3,2,1,20240624,127,2025-11-16 08:20:51
12838,34,34,1,3,2,2,20240624,114,2025-11-16 08:20:51
12839,31,56,2,3,2,3,20240624,60,2025-11-16 08:20:51
12840,31,56,1,3,2,4,20240624,13,2025-11-16 08:20:51
12841,33,28,8,3,1,5,20240624,8,2025-11-16 08:20:51
12842,32,56,9,3,1,6,20240624,25,2025-11-16 08:20:51
12843,32,28,15,3,1,7,20240624,71,2025-11-16 08:20:51
12844,35,53,1,3,1,8,20240624,141,2025-11-16 08:20:51
12845,38,34,1,3,1,9,20240624,232,2025-11-16 08:20:51
12846,37,23,1,3,1,10,20240624,452,2025-11-16 08:20:51
12847,37,23,8,3,1,11,20240624,506,2025-11-16 08:20:51
12848,41,40,7,3,1,12,20240624,556,2025-11-16 08:20:51
12849,41,40,4,3,1,13,20240624,585,2025-11-16 08:20:51
12850,45,25,5,3,1,14,20240624,551,2025-11-16 08:20:51
12851,42,41,7,3,1,15,20240624,487,2025-11-16 08:20:51
12852,45,25,3,3,1,16,20240624,461,2025-11-16 08:20:51
12853,45,26,3,3,1,17,20240624,532,2025-11-16 08:20:51
12854,40,47,3,3,1,18,20240624,534,2025-11-16 08:20:51
12855,41,42,5,3,1,19,20240624,423,2025-11-16 08:20:51
12856,39,16,3,3,1,20,20240624,332,2025-11-16 08:20:51
12857,37,29,7,3,1,21,20240624,253,2025-11-16 08:20:51
12858,36,29,15,3,1,22,20240624,178,2025-11-16 08:20:51
12859,36,53,15,3,1,23,20240624,87,2025-11-16 08:20:51
12860,38,52,3,3,1,0,20240625,68,2025-11-16 08:20:51
12861,35,56,7,3,1,1,20240625,31,2025-11-16 08:20:51
12862,35,57,7,3,1,2,20240625,14,2025-11-16 08:20:51
12863,34,28,3,3,1,3,20240625,5,2025-11-16 08:20:51
12864,31,84,3,3,1,4,20240625,4,2025-11-16 08:20:51
12865,31,33,9,3,1,5,20240625,43,2025-11-16 08:20:51
12866,32,84,9,3,1,6,20240625,158,2025-11-16 08:20:51
12867,31,33,7,3,1,7,20240625,485,2025-11-16 08:20:51
12868,31,28,6,3,1,8,20240625,608,2025-11-16 08:20:51
12869,35,56,6,3,1,9,20240625,268,2025-11-16 08:20:51
12870,37,29,9,3,1,10,20240625,184,2025-11-16 08:20:51
12871,41,22,10,3,1,11,20240625,181,2025-11-16 08:20:51
12872,37,50,5,3,2,12,20240625,270,2025-11-16 08:20:51
12873,38,34,5,3,1,13,20240625,260,2025-11-16 08:20:51
12874,39,22,3,3,1,14,20240625,251,2025-11-16 08:20:51
12875,39,42,18,3,1,15,20240625,233,2025-11-16 08:20:51
12876,41,62,14,3,1,16,20240625,414,2025-11-16 08:20:51
12877,41,64,18,3,1,17,20240625,833,2025-11-16 08:20:51
12878,37,58,11,3,1,18,20240625,791,2025-11-16 08:20:51
12879,36,58,18,3,1,19,20240625,582,2025-11-16 08:20:51
12880,38,25,11,3,1,20,20240625,475,2025-11-16 08:20:51
12881,34,25,10,3,1,21,20240625,331,2025-11-16 08:20:51
12882,31,45,14,3,1,22,20240625,187,2025-11-16 08:20:51
12883,32,40,10,3,1,23,20240625,103,2025-11-16 08:20:51
12884,33,40,10,3,1,0,20240626,37,2025-11-16 08:20:51
12885,27,24,14,3,1,1,20240626,30,2025-11-16 08:20:51
12886,25,22,4,3,1,2,20240626,9,2025-11-16 08:20:51
12887,29,50,4,3,1,3,20240626,9,2025-11-16 08:20:51
12888,29,50,5,3,1,4,20240626,10,2025-11-16 08:20:51
12889,24,38,14,3,1,5,20240626,39,2025-11-16 08:20:51
12890,24,36,5,3,1,6,20240626,188,2025-11-16 08:20:51
12891,24,36,12,3,1,7,20240626,552,2025-11-16 08:20:51
12892,25,37,10,3,1,8,20240626,656,2025-11-16 08:20:51
12893,26,16,13,3,1,9,20240626,328,2025-11-16 08:20:51
12894,33,49,12,3,1,10,20240626,190,2025-11-16 08:20:51
12895,32,43,13,3,1,11,20240626,235,2025-11-16 08:20:51
12896,31,47,11,3,1,12,20240626,308,2025-11-16 08:20:51
12897,35,25,18,3,1,13,20240626,306,2025-11-16 08:20:51
12898,35,25,18,3,1,14,20240626,267,2025-11-16 08:20:51
12899,38,41,18,3,1,15,20240626,317,2025-11-16 08:20:51
12900,38,61,16,3,1,16,20240626,416,2025-11-16 08:20:51
12901,38,41,13,3,1,17,20240626,900,2025-11-16 08:20:51
12902,38,41,12,3,1,18,20240626,824,2025-11-16 08:20:51
12903,38,41,7,3,1,19,20240626,612,2025-11-16 08:20:51
12904,35,25,4,3,1,20,20240626,505,2025-11-16 08:20:51
12905,34,47,6,3,1,21,20240626,328,2025-11-16 08:20:51
12906,31,47,3,3,1,22,20240626,245,2025-11-16 08:20:51
12907,33,49,8,3,1,23,20240626,131,2025-11-16 08:20:51
12908,33,49,6,3,1,0,20240627,54,2025-11-16 08:20:51
12909,27,22,9,3,1,1,20240627,23,2025-11-16 08:20:51
12910,25,37,8,3,1,2,20240627,14,2025-11-16 08:20:51
12911,26,16,2,3,1,3,20240627,8,2025-11-16 08:20:51
12912,27,23,3,3,1,4,20240627,11,2025-11-16 08:20:51
12913,27,22,4,3,1,5,20240627,36,2025-11-16 08:20:51
12914,26,16,4,3,1,6,20240627,200,2025-11-16 08:20:51
12915,27,22,12,3,1,7,20240627,527,2025-11-16 08:20:51
12916,33,22,10,3,1,8,20240627,687,2025-11-16 08:20:51
12917,31,49,12,3,1,9,20240627,282,2025-11-16 08:20:51
12918,35,39,3,3,1,10,20240627,172,2025-11-16 08:20:51
12919,36,25,10,3,1,11,20240627,209,2025-11-16 08:20:51
12920,37,45,5,3,1,12,20240627,322,2025-11-16 08:20:51
12921,41,58,10,3,1,13,20240627,321,2025-11-16 08:20:51
12922,41,64,12,3,1,14,20240627,270,2025-11-16 08:20:51
12923,41,61,18,3,1,15,20240627,249,2025-11-16 08:20:51
12924,40,64,11,3,1,16,20240627,392,2025-11-16 08:20:51
12925,40,64,14,3,1,17,20240627,843,2025-11-16 08:20:51
12926,41,58,10,3,1,18,20240627,804,2025-11-16 08:20:51
12927,39,45,10,3,1,19,20240627,643,2025-11-16 08:20:51
12928,37,62,6,3,1,20,20240627,445,2025-11-16 08:20:51
12929,36,24,8,3,1,21,20240627,367,2025-11-16 08:20:51
12930,38,18,2,3,1,22,20240627,297,2025-11-16 08:20:51
12931,34,20,8,3,1,23,20240627,159,2025-11-16 08:20:51
12932,31,21,15,3,1,0,20240628,54,2025-11-16 08:20:51
12933,31,48,1,3,1,1,20240628,25,2025-11-16 08:20:51
12934,31,21,2,3,1,2,20240628,13,2025-11-16 08:20:51
12935,31,21,2,3,1,3,20240628,7,2025-11-16 08:20:51
12936,33,54,15,3,1,4,20240628,11,2025-11-16 08:20:51
12937,33,15,2,3,1,5,20240628,47,2025-11-16 08:20:51
12938,33,15,2,3,1,6,20240628,193,2025-11-16 08:20:51
12939,33,54,15,3,1,7,20240628,508,2025-11-16 08:20:51
12940,31,21,8,3,1,8,20240628,617,2025-11-16 08:20:51
12941,35,48,9,3,1,9,20240628,351,2025-11-16 08:20:51
12942,36,38,6,3,1,10,20240628,184,2025-11-16 08:20:51
12943,41,62,6,3,1,11,20240628,211,2025-11-16 08:20:51
12944,45,61,4,3,1,12,20240628,276,2025-11-16 08:20:51
12945,42,61,7,3,1,13,20240628,236,2025-11-16 08:20:51
12946,42,60,10,3,1,14,20240628,254,2025-11-16 08:20:51
12947,42,60,10,3,1,15,20240628,219,2025-11-16 08:20:51
12948,43,65,6,3,1,16,20240628,387,2025-11-16 08:20:51
12949,43,66,6,3,1,17,20240628,705,2025-11-16 08:20:51
12950,42,60,7,3,1,18,20240628,697,2025-11-16 08:20:51
12951,45,25,5,3,1,19,20240628,571,2025-11-16 08:20:51
12952,40,47,6,3,1,20,20240628,470,2025-11-16 08:20:51
12953,37,29,6,3,1,21,20240628,398,2025-11-16 08:20:51
12954,37,36,9,3,1,22,20240628,274,2025-11-16 08:20:51
12955,36,38,8,3,1,23,20240628,171,2025-11-16 08:20:51
12956,36,38,8,3,1,0,20240629,114,2025-11-16 08:20:51
12957,36,34,9,3,1,1,20240629,42,2025-11-16 08:20:51
12958,38,53,6,3,1,2,20240629,18,2025-11-16 08:20:51
12959,38,53,6,3,1,3,20240629,8,2025-11-16 08:20:51
12960,35,56,9,3,1,4,20240629,10,2025-11-16 08:20:51
12961,35,54,15,3,1,5,20240629,45,2025-11-16 08:20:51
12962,35,54,9,3,2,6,20240629,163,2025-11-16 08:20:51
12963,35,54,15,3,1,7,20240629,380,2025-11-16 08:20:51
12964,36,29,15,3,2,8,20240629,624,2025-11-16 08:20:51
12965,37,29,9,3,1,9,20240629,300,2025-11-16 08:20:51
12966,44,18,5,3,1,10,20240629,171,2025-11-16 08:20:51
12967,44,17,4,3,2,11,20240629,188,2025-11-16 08:20:51
12968,46,23,3,3,2,12,20240629,226,2025-11-16 08:20:51
12969,47,42,6,3,1,13,20240629,239,2025-11-16 08:20:51
12970,48,43,7,3,1,14,20240629,233,2025-11-16 08:20:51
12971,48,43,1,3,1,15,20240629,230,2025-11-16 08:20:51
12972,48,43,1,3,1,16,20240629,351,2025-11-16 08:20:51
12973,49,47,6,3,1,17,20240629,539,2025-11-16 08:20:51
12974,48,62,1,3,1,18,20240629,464,2025-11-16 08:20:51
12975,44,20,6,3,1,19,20240629,363,2025-11-16 08:20:51
12976,46,17,3,3,1,20,20240629,308,2025-11-16 08:20:51
12977,42,46,6,3,2,21,20240629,236,2025-11-16 08:20:51
12978,40,31,6,3,3,22,20240629,163,2025-11-16 08:20:51
12979,40,31,6,3,3,23,20240629,48,2025-11-16 08:20:51
12980,32,86,9,3,3,0,20240630,69,2025-11-16 08:20:51
12981,32,86,7,3,3,1,20240630,58,2025-11-16 08:20:51
12982,32,86,1,3,2,2,20240630,61,2025-11-16 08:20:51
12983,32,86,1,3,2,3,20240630,23,2025-11-16 08:20:51
12984,33,11,1,3,2,4,20240630,18,2025-11-16 08:20:51
12985,32,86,9,3,1,5,20240630,10,2025-11-16 08:20:51
12986,32,86,9,3,1,6,20240630,42,2025-11-16 08:20:51
12987,32,86,9,3,1,7,20240630,92,2025-11-16 08:20:51
12988,32,86,9,3,1,8,20240630,194,2025-11-16 08:20:51
12989,32,86,9,3,1,9,20240630,275,2025-11-16 08:20:51
12990,43,25,3,3,1,10,20240630,404,2025-11-16 08:20:51
12991,43,25,3,3,1,11,20240630,452,2025-11-16 08:20:51
12992,43,25,3,3,1,12,20240630,471,2025-11-16 08:20:51
12993,43,25,3,3,1,13,20240630,428,2025-11-16 08:20:51
12994,43,25,3,3,1,14,20240630,409,2025-11-16 08:20:51
12995,43,25,3,3,1,15,20240630,404,2025-11-16 08:20:51
12996,44,45,9,3,1,16,20240630,373,2025-11-16 08:20:51
12997,43,26,8,3,1,17,20240630,362,2025-11-16 08:20:51
12998,43,24,1,3,1,18,20240630,339,2025-11-16 08:20:51
12999,45,19,3,3,1,19,20240630,374,2025-11-16 08:20:51
13000,40,36,9,3,1,20,20240630,292,2025-11-16 08:20:51
13001,40,36,9,3,1,21,20240630,213,2025-11-16 08:20:51
13002,39,52,9,3,1,22,20240630,172,2025-11-16 08:20:51
13003,39,52,2,3,1,23,20240630,152,2025-11-16 08:20:51
13004,37,14,1,3,1,0,20240701,149,2025-11-16 08:20:51
13005,36,57,8,3,1,1,20240701,93,2025-11-16 08:20:51
13006,38,33,2,3,1,2,20240701,90,2025-11-16 08:20:51
13007,38,85,8,3,1,3,20240701,33,2025-11-16 08:20:51
13008,35,87,6,3,1,4,20240701,4,2025-11-16 08:20:51
13009,34,87,15,3,1,5,20240701,10,2025-11-16 08:20:51
13010,35,87,2,3,1,6,20240701,27,2025-11-16 08:20:51
13011,36,57,1,3,1,7,20240701,50,2025-11-16 08:20:51
13012,39,52,15,3,1,8,20240701,142,2025-11-16 08:20:51
13013,40,35,1,3,1,9,20240701,219,2025-11-16 08:20:51
13014,42,19,5,3,1,10,20240701,366,2025-11-16 08:20:51
13015,43,18,7,3,1,11,20240701,377,2025-11-16 08:20:51
13016,44,39,7,3,1,12,20240701,433,2025-11-16 08:20:51
13017,46,40,3,3,1,13,20240701,420,2025-11-16 08:20:51
13018,46,40,3,3,1,14,20240701,444,2025-11-16 08:20:51
13019,44,39,4,3,1,15,20240701,345,2025-11-16 08:20:51
13020,46,40,5,3,1,16,20240701,313,2025-11-16 08:20:51
13021,46,61,5,3,1,17,20240701,413,2025-11-16 08:20:51
13022,43,26,12,3,1,18,20240701,370,2025-11-16 08:20:51
13023,45,18,8,3,1,19,20240701,382,2025-11-16 08:20:51
13024,45,18,8,3,1,20,20240701,332,2025-11-16 08:20:51
13025,45,18,8,3,1,21,20240701,258,2025-11-16 08:20:51
13026,40,22,8,3,1,22,20240701,151,2025-11-16 08:20:51
13027,39,36,9,3,3,23,20240701,110,2025-11-16 08:20:51
13028,37,53,7,3,2,0,20240702,43,2025-11-16 08:20:51
13029,37,53,6,3,2,1,20240702,17,2025-11-16 08:20:51
13030,36,34,3,3,2,2,20240702,15,2025-11-16 08:20:51
13031,38,48,13,3,2,3,20240702,5,2025-11-16 08:20:51
13032,38,48,5,3,2,4,20240702,12,2025-11-16 08:20:51
13033,38,34,1,3,2,5,20240702,40,2025-11-16 08:20:51
13034,35,53,15,3,1,6,20240702,136,2025-11-16 08:20:51
13035,36,34,15,3,1,7,20240702,398,2025-11-16 08:20:51
13036,37,36,6,3,1,8,20240702,568,2025-11-16 08:20:51
13037,39,16,3,3,1,9,20240702,295,2025-11-16 08:20:51
13038,41,22,3,3,1,10,20240702,174,2025-11-16 08:20:51
13039,45,41,5,3,1,11,20240702,201,2025-11-16 08:20:51
13040,45,26,6,3,1,12,20240702,257,2025-11-16 08:20:51
13041,42,47,7,3,1,13,20240702,236,2025-11-16 08:20:51
13042,42,47,7,3,1,14,20240702,230,2025-11-16 08:20:51
13043,45,43,6,3,1,15,20240702,234,2025-11-16 08:20:51
13044,45,43,4,3,1,16,20240702,365,2025-11-16 08:20:51
13045,45,26,8,3,1,17,20240702,747,2025-11-16 08:20:51
13046,45,26,9,3,1,18,20240702,730,2025-11-16 08:20:51
13047,39,22,8,3,1,19,20240702,581,2025-11-16 08:20:51
13048,39,22,8,3,1,20,20240702,395,2025-11-16 08:20:51
13049,37,50,8,3,1,21,20240702,258,2025-11-16 08:20:51
13050,36,34,9,3,1,22,20240702,188,2025-11-16 08:20:51
13051,36,34,15,3,1,23,20240702,102,2025-11-16 08:20:51
13052,38,48,1,3,1,0,20240703,53,2025-11-16 08:20:51
13053,38,53,1,3,1,1,20240703,14,2025-11-16 08:20:51
13054,38,53,1,3,1,2,20240703,10,2025-11-16 08:20:51
13055,35,56,8,3,1,3,20240703,2,2025-11-16 08:20:51
13056,34,56,15,3,1,4,20240703,6,2025-11-16 08:20:51
13057,35,54,1,3,1,5,20240703,35,2025-11-16 08:20:51
13058,35,56,8,3,1,6,20240703,154,2025-11-16 08:20:51
13059,36,53,1,3,1,7,20240703,483,2025-11-16 08:20:51
13060,36,52,2,3,1,8,20240703,646,2025-11-16 08:20:51
13061,41,37,9,3,1,9,20240703,272,2025-11-16 08:20:51
13062,40,22,7,3,1,10,20240703,209,2025-11-16 08:20:51
13063,42,47,6,3,1,11,20240703,217,2025-11-16 08:20:51
13064,43,41,6,3,1,12,20240703,272,2025-11-16 08:20:51
13065,44,60,8,3,1,13,20240703,283,2025-11-16 08:20:51
13066,44,60,6,3,1,14,20240703,310,2025-11-16 08:20:51
13067,44,64,1,3,2,15,20240703,401,2025-11-16 08:20:51
13068,44,64,6,3,2,16,20240703,527,2025-11-16 08:20:51
13069,42,25,9,3,2,17,20240703,722,2025-11-16 08:20:51
13070,42,25,1,3,2,18,20240703,627,2025-11-16 08:20:51
13071,45,43,8,3,2,19,20240703,497,2025-11-16 08:20:51
13072,37,29,16,3,3,20,20240703,376,2025-11-16 08:20:51
13073,35,57,4,3,2,21,20240703,196,2025-11-16 08:20:51
13074,34,87,6,3,1,22,20240703,177,2025-11-16 08:20:51
13075,31,83,1,3,1,23,20240703,171,2025-11-16 08:20:51
13076,34,87,2,3,1,0,20240704,159,2025-11-16 08:20:51
13077,34,33,1,3,1,1,20240704,123,2025-11-16 08:20:51
13078,31,83,8,3,1,2,20240704,93,2025-11-16 08:20:51
13079,34,33,6,3,1,3,20240704,32,2025-11-16 08:20:51
13080,34,28,3,3,1,4,20240704,16,2025-11-16 08:20:51
13081,31,28,1,3,1,5,20240704,19,2025-11-16 08:20:51
13082,31,28,1,3,1,6,20240704,32,2025-11-16 08:20:51
13083,34,56,1,3,1,7,20240704,72,2025-11-16 08:20:51
13084,35,54,15,3,1,8,20240704,153,2025-11-16 08:20:51
13085,37,36,1,3,1,9,20240704,293,2025-11-16 08:20:51
13086,41,16,1,3,1,10,20240704,447,2025-11-16 08:20:51
13087,40,16,8,3,1,11,20240704,485,2025-11-16 08:20:51
13088,42,49,7,3,1,12,20240704,494,2025-11-16 08:20:51
13089,44,24,1,3,1,13,20240704,499,2025-11-16 08:20:51
13090,44,39,9,3,1,14,20240704,547,2025-11-16 08:20:51
13091,46,24,5,3,1,15,20240704,454,2025-11-16 08:20:51
13092,46,24,3,3,1,16,20240704,389,2025-11-16 08:20:51
13093,46,24,5,3,1,17,20240704,414,2025-11-16 08:20:51
13094,44,17,6,3,1,18,20240704,430,2025-11-16 08:20:51
13095,42,20,7,3,1,19,20240704,432,2025-11-16 08:20:51
13096,42,20,7,3,1,20,20240704,551,2025-11-16 08:20:51
13097,45,46,8,3,1,21,20240704,584,2025-11-16 08:20:51
13098,40,35,7,3,1,22,20240704,502,2025-11-16 08:20:51
13099,39,22,2,3,2,23,20240704,183,2025-11-16 08:20:51
13100,36,34,15,3,1,0,20240705,88,2025-11-16 08:20:51
13101,36,34,4,3,1,1,20240705,30,2025-11-16 08:20:51
13102,36,34,1,3,1,2,20240705,18,2025-11-16 08:20:51
13103,38,48,6,3,1,3,20240705,7,2025-11-16 08:20:51
13104,38,53,1,3,1,4,20240705,7,2025-11-16 08:20:51
13105,38,52,1,3,1,5,20240705,29,2025-11-16 08:20:51
13106,38,53,1,3,1,6,20240705,133,2025-11-16 08:20:51
13107,37,29,1,3,1,7,20240705,343,2025-11-16 08:20:51
13108,41,37,8,3,1,8,20240705,550,2025-11-16 08:20:51
13109,45,37,5,3,1,9,20240705,293,2025-11-16 08:20:51
13110,42,19,12,3,1,10,20240705,186,2025-11-16 08:20:51
13111,44,24,5,3,1,11,20240705,244,2025-11-16 08:20:51
13112,44,24,12,3,1,12,20240705,276,2025-11-16 08:20:51
13113,46,40,7,3,1,13,20240705,310,2025-11-16 08:20:51
13114,46,40,10,3,1,14,20240705,241,2025-11-16 08:20:51
13115,46,40,12,3,1,15,20240705,254,2025-11-16 08:20:51
13116,46,40,3,3,1,16,20240705,433,2025-11-16 08:20:51
13117,46,24,9,3,1,17,20240705,689,2025-11-16 08:20:51
13118,44,18,10,3,2,18,20240705,607,2025-11-16 08:20:51
13119,43,18,3,3,2,19,20240705,503,2025-11-16 08:20:51
13120,42,49,7,3,2,20,20240705,321,2025-11-16 08:20:51
13121,45,20,6,3,1,21,20240705,323,2025-11-16 08:20:51
13122,40,30,8,3,1,22,20240705,225,2025-11-16 08:20:51
13123,41,29,9,3,1,23,20240705,131,2025-11-16 08:20:51
13124,39,52,8,3,1,0,20240706,102,2025-11-16 08:20:51
13125,39,29,7,3,1,1,20240706,29,2025-11-16 08:20:51
13126,37,52,8,3,1,2,20240706,17,2025-11-16 08:20:51
13127,36,57,6,3,2,3,20240706,7,2025-11-16 08:20:51
13128,36,14,7,3,1,4,20240706,6,2025-11-16 08:20:51
13129,36,14,6,3,1,5,20240706,35,2025-11-16 08:20:51
13130,36,14,6,3,1,6,20240706,131,2025-11-16 08:20:51
13131,39,16,8,3,1,7,20240706,353,2025-11-16 08:20:51
13132,41,49,9,3,1,8,20240706,585,2025-11-16 08:20:51
13133,40,43,8,3,1,9,20240706,304,2025-11-16 08:20:51
13134,42,25,1,3,1,10,20240706,210,2025-11-16 08:20:51
13135,45,26,2,3,1,11,20240706,233,2025-11-16 08:20:51
13136,43,41,15,3,1,12,20240706,331,2025-11-16 08:20:51
13137,44,58,15,3,1,13,20240706,293,2025-11-16 08:20:51
13138,44,62,9,3,1,14,20240706,275,2025-11-16 08:20:51
13139,46,45,6,3,1,15,20240706,285,2025-11-16 08:20:51
13140,46,45,15,3,1,16,20240706,369,2025-11-16 08:20:51
13141,46,45,1,3,1,17,20240706,576,2025-11-16 08:20:51
13142,44,40,3,3,1,18,20240706,560,2025-11-16 08:20:51
13143,43,24,7,3,1,19,20240706,418,2025-11-16 08:20:51
13144,42,18,15,3,1,20,20240706,336,2025-11-16 08:20:51
13145,40,36,8,3,1,21,20240706,300,2025-11-16 08:20:51
13146,41,29,6,3,1,22,20240706,288,2025-11-16 08:20:51
13147,41,31,15,3,1,23,20240706,164,2025-11-16 08:20:51
13148,39,14,8,3,1,0,20240707,150,2025-11-16 08:20:51
13149,37,57,9,3,1,1,20240707,71,2025-11-16 08:20:51
13150,37,7,9,3,1,2,20240707,58,2025-11-16 08:20:51
13151,36,33,8,3,1,3,20240707,31,2025-11-16 08:20:51
13152,36,33,9,3,1,4,20240707,16,2025-11-16 08:20:51
13153,36,33,6,3,1,5,20240707,14,2025-11-16 08:20:51
13154,36,33,15,3,1,6,20240707,31,2025-11-16 08:20:51
13155,39,14,15,3,1,7,20240707,71,2025-11-16 08:20:51
13156,40,31,6,3,1,8,20240707,152,2025-11-16 08:20:51
13157,45,30,9,3,1,9,20240707,256,2025-11-16 08:20:51
13158,46,39,7,3,1,10,20240707,325,2025-11-16 08:20:51
13159,47,42,6,3,1,11,20240707,367,2025-11-16 08:20:51
13160,48,62,12,3,1,12,20240707,342,2025-11-16 08:20:51
13161,48,62,3,3,2,13,20240707,360,2025-11-16 08:20:51
13162,48,25,8,3,2,14,20240707,308,2025-11-16 08:20:51
13163,48,61,1,3,1,15,20240707,306,2025-11-16 08:20:51
13164,50,67,9,3,1,16,20240707,294,2025-11-16 08:20:51
13165,48,61,8,3,1,17,20240707,279,2025-11-16 08:20:51
13166,47,45,2,3,1,18,20240707,277,2025-11-16 08:20:51
13167,46,40,8,3,1,19,20240707,287,2025-11-16 08:20:51
13168,44,39,9,3,1,20,20240707,276,2025-11-16 08:20:51
13169,43,39,6,3,1,21,20240707,201,2025-11-16 08:20:51
13170,45,30,6,3,1,22,20240707,220,2025-11-16 08:20:51
13171,45,35,9,3,1,23,20240707,148,2025-11-16 08:20:51
13172,40,35,8,3,1,0,20240708,147,2025-11-16 08:20:51
13173,40,35,15,3,1,1,20240708,124,2025-11-16 08:20:51
13174,40,36,15,3,1,2,20240708,70,2025-11-16 08:20:51
13175,41,30,15,3,1,3,20240708,35,2025-11-16 08:20:51
13176,39,14,15,3,1,4,20240708,13,2025-11-16 08:20:51
13177,39,52,1,3,1,5,20240708,6,2025-11-16 08:20:51
13178,39,57,8,3,1,6,20240708,21,2025-11-16 08:20:51
13179,41,14,1,3,1,7,20240708,52,2025-11-16 08:20:51
13180,45,46,8,3,1,8,20240708,130,2025-11-16 08:20:51
13181,42,21,15,3,1,9,20240708,242,2025-11-16 08:20:51
13182,44,50,1,3,1,10,20240708,319,2025-11-16 08:20:51
13183,46,17,5,3,1,11,20240708,389,2025-11-16 08:20:51
13184,46,17,6,3,1,12,20240708,376,2025-11-16 08:20:51
13185,47,42,3,3,1,13,20240708,337,2025-11-16 08:20:51
13186,48,43,9,3,1,14,20240708,312,2025-11-16 08:20:51
13187,46,17,4,3,3,15,20240708,298,2025-11-16 08:20:51
13188,41,14,7,3,2,16,20240708,291,2025-11-16 08:20:51
13189,39,30,1,3,1,17,20240708,270,2025-11-16 08:20:51
13190,39,52,15,3,1,18,20240708,253,2025-11-16 08:20:51
13191,39,52,9,3,1,19,20240708,250,2025-11-16 08:20:51
13192,37,57,2,3,1,20,20240708,285,2025-11-16 08:20:51
13193,37,57,8,3,1,21,20240708,207,2025-11-16 08:20:51
13194,36,57,2,3,3,22,20240708,122,2025-11-16 08:20:51
13195,34,83,2,3,3,23,20240708,123,2025-11-16 08:20:51
13196,34,86,2,3,2,0,20240709,39,2025-11-16 08:20:51
13197,35,86,15,3,3,1,20240709,18,2025-11-16 08:20:51
13198,35,86,6,3,3,2,20240709,5,2025-11-16 08:20:51
13199,35,86,6,3,3,3,20240709,5,2025-11-16 08:20:51
13200,31,86,14,3,3,4,20240709,2,2025-11-16 08:20:51
13201,31,83,7,3,2,5,20240709,28,2025-11-16 08:20:51
13202,32,86,3,3,3,6,20240709,92,2025-11-16 08:20:51
13203,31,83,7,3,3,7,20240709,230,2025-11-16 08:20:51
13204,31,83,9,3,2,8,20240709,455,2025-11-16 08:20:51
13205,31,83,9,3,2,9,20240709,363,2025-11-16 08:20:51
13206,31,83,6,3,2,10,20240709,175,2025-11-16 08:20:51
13207,38,52,8,3,2,11,20240709,216,2025-11-16 08:20:51
13208,36,53,8,3,2,12,20240709,266,2025-11-16 08:20:51
13209,37,29,3,3,2,13,20240709,255,2025-11-16 08:20:51
13210,36,29,3,3,2,14,20240709,242,2025-11-16 08:20:51
13211,37,50,7,3,2,15,20240709,280,2025-11-16 08:20:51
13212,39,23,4,3,1,16,20240709,413,2025-11-16 08:20:51
13213,39,23,9,3,1,17,20240709,849,2025-11-16 08:20:51
13214,37,38,8,3,1,18,20240709,872,2025-11-16 08:20:51
13215,36,29,9,3,1,19,20240709,631,2025-11-16 08:20:51
13216,36,29,15,3,2,20,20240709,447,2025-11-16 08:20:51
13217,36,29,2,3,2,21,20240709,331,2025-11-16 08:20:51
13218,38,53,15,3,2,22,20240709,224,2025-11-16 08:20:51
13219,35,56,15,3,2,23,20240709,131,2025-11-16 08:20:51
13220,35,57,2,3,1,0,20240710,69,2025-11-16 08:20:51
13221,35,33,8,3,1,1,20240710,15,2025-11-16 08:20:51
13222,35,33,8,3,1,2,20240710,16,2025-11-16 08:20:51
13223,34,87,1,3,1,3,20240710,3,2025-11-16 08:20:51
13224,34,87,8,3,1,4,20240710,4,2025-11-16 08:20:51
13225,31,83,8,3,1,5,20240710,42,2025-11-16 08:20:51
13226,34,87,15,3,2,6,20240710,187,2025-11-16 08:20:51
13227,35,33,15,3,2,7,20240710,520,2025-11-16 08:20:51
13228,38,33,8,3,1,8,20240710,649,2025-11-16 08:20:51
13229,36,14,8,3,1,9,20240710,331,2025-11-16 08:20:51
13230,37,52,6,3,1,10,20240710,190,2025-11-16 08:20:51
13231,41,16,6,3,1,11,20240710,249,2025-11-16 08:20:51
13232,41,49,8,3,1,12,20240710,272,2025-11-16 08:20:51
13233,40,42,6,3,1,13,20240710,280,2025-11-16 08:20:51
13234,40,42,9,3,1,14,20240710,242,2025-11-16 08:20:51
13235,41,49,7,3,1,15,20240710,265,2025-11-16 08:20:51
13236,41,22,7,3,1,16,20240710,435,2025-11-16 08:20:51
13237,39,37,6,3,1,17,20240710,872,2025-11-16 08:20:51
13238,35,33,7,3,3,18,20240710,819,2025-11-16 08:20:51
13239,35,33,7,3,3,19,20240710,414,2025-11-16 08:20:51
13240,32,83,7,3,3,20,20240710,84,2025-11-16 08:20:51
13241,32,86,15,3,3,21,20240710,90,2025-11-16 08:20:51
13242,32,83,8,3,2,22,20240710,139,2025-11-16 08:20:51
13243,32,86,15,3,2,23,20240710,103,2025-11-16 08:20:51
13244,31,83,8,3,2,0,20240711,44,2025-11-16 08:20:51
13245,32,86,1,3,1,1,20240711,14,2025-11-16 08:20:51
13246,32,86,1,3,1,2,20240711,5,2025-11-16 08:20:51
13247,32,86,8,3,1,3,20240711,5,2025-11-16 08:20:51
13248,32,86,8,3,1,4,20240711,7,2025-11-16 08:20:51
13249,32,86,1,3,1,5,20240711,41,2025-11-16 08:20:51
13250,32,86,8,3,1,6,20240711,185,2025-11-16 08:20:51
13251,31,83,15,3,2,7,20240711,497,2025-11-16 08:20:51
13252,34,87,9,3,2,8,20240711,674,2025-11-16 08:20:51
13253,35,33,8,3,2,9,20240711,328,2025-11-16 08:20:51
13254,38,52,8,3,2,10,20240711,195,2025-11-16 08:20:51
13255,37,53,8,3,2,11,20240711,229,2025-11-16 08:20:51
13256,39,22,1,3,2,12,20240711,292,2025-11-16 08:20:51
13257,41,17,9,3,2,13,20240711,273,2025-11-16 08:20:51
13258,41,49,7,3,1,14,20240711,241,2025-11-16 08:20:51
13259,41,49,3,3,1,15,20240711,276,2025-11-16 08:20:51
13260,41,42,6,3,1,16,20240711,411,2025-11-16 08:20:51
13261,41,62,7,3,1,17,20240711,830,2025-11-16 08:20:51
13262,39,42,3,3,1,18,20240711,814,2025-11-16 08:20:51
13263,36,38,7,3,1,19,20240711,633,2025-11-16 08:20:51
13264,36,34,9,3,1,20,20240711,483,2025-11-16 08:20:51
13265,38,53,7,3,1,21,20240711,391,2025-11-16 08:20:51
13266,38,53,3,3,1,22,20240711,244,2025-11-16 08:20:51
13267,35,53,3,3,2,23,20240711,152,2025-11-16 08:20:51
13268,34,54,1,3,2,0,20240712,56,2025-11-16 08:20:51
13269,31,54,1,3,2,1,20240712,21,2025-11-16 08:20:51
13270,31,56,2,3,2,2,20240712,9,2025-11-16 08:20:51
13271,32,28,15,3,1,3,20240712,10,2025-11-16 08:20:51
13272,32,63,15,3,1,4,20240712,5,2025-11-16 08:20:51
13273,33,63,15,3,1,5,20240712,44,2025-11-16 08:20:51
13274,32,63,2,3,1,6,20240712,178,2025-11-16 08:20:51
13275,32,63,8,3,1,7,20240712,512,2025-11-16 08:20:51
13276,34,56,8,3,1,8,20240712,702,2025-11-16 08:20:51
13277,38,53,15,3,1,9,20240712,327,2025-11-16 08:20:51
13278,36,38,9,3,1,10,20240712,214,2025-11-16 08:20:51
13279,37,50,15,3,1,11,20240712,215,2025-11-16 08:20:51
13280,39,24,8,3,1,12,20240712,292,2025-11-16 08:20:51
13281,41,40,7,3,1,13,20240712,277,2025-11-16 08:20:51
13282,39,40,7,3,1,14,20240712,209,2025-11-16 08:20:51
13283,41,43,6,3,1,15,20240712,271,2025-11-16 08:20:51
13284,41,43,6,3,1,16,20240712,439,2025-11-16 08:20:51
13285,37,22,7,3,1,17,20240712,795,2025-11-16 08:20:51
13286,37,50,8,3,1,18,20240712,825,2025-11-16 08:20:51
13287,36,38,7,3,1,19,20240712,629,2025-11-16 08:20:51
13288,36,38,7,3,1,20,20240712,514,2025-11-16 08:20:51
13289,38,38,7,3,1,21,20240712,373,2025-11-16 08:20:51
13290,38,34,9,3,1,22,20240712,318,2025-11-16 08:20:51
13291,35,34,7,3,2,23,20240712,211,2025-11-16 08:20:51
13292,35,48,9,3,2,0,20240713,95,2025-11-16 08:20:51
13293,34,48,15,3,2,1,20240713,59,2025-11-16 08:20:51
13294,31,54,2,3,2,2,20240713,17,2025-11-16 08:20:51
13295,34,54,1,3,2,3,20240713,9,2025-11-16 08:20:51
13296,31,54,1,3,2,4,20240713,11,2025-11-16 08:20:51
13297,31,35,2,3,2,5,20240713,34,2025-11-16 08:20:51
13298,35,48,1,3,2,6,20240713,127,2025-11-16 08:20:51
13299,35,48,1,3,2,7,20240713,380,2025-11-16 08:20:51
13300,35,48,1,3,2,8,20240713,713,2025-11-16 08:20:51
13301,38,34,1,3,2,9,20240713,414,2025-11-16 08:20:51
13302,36,38,1,3,2,10,20240713,268,2025-11-16 08:20:51
13303,37,50,8,3,2,11,20240713,288,2025-11-16 08:20:51
13304,37,23,15,3,2,12,20240713,379,2025-11-16 08:20:51
13305,41,42,8,3,2,13,20240713,374,2025-11-16 08:20:51
13306,41,42,1,3,2,14,20240713,369,2025-11-16 08:20:51
13307,41,43,15,3,2,15,20240713,353,2025-11-16 08:20:51
13308,41,43,7,3,2,16,20240713,492,2025-11-16 08:20:51
13309,41,43,9,3,2,17,20240713,835,2025-11-16 08:20:51
13310,39,16,6,3,1,18,20240713,631,2025-11-16 08:20:51
13311,36,34,9,3,1,19,20240713,488,2025-11-16 08:20:51
13312,36,38,8,3,1,20,20240713,389,2025-11-16 08:20:51
13313,38,48,1,3,1,21,20240713,299,2025-11-16 08:20:51
13314,36,50,1,3,1,22,20240713,263,2025-11-16 08:20:51
13315,38,50,8,3,2,23,20240713,212,2025-11-16 08:20:51
13316,38,38,2,3,2,0,20240714,191,2025-11-16 08:20:51
13317,35,34,15,3,2,1,20240714,118,2025-11-16 08:20:51
13318,35,48,15,3,2,2,20240714,101,2025-11-16 08:20:51
13319,35,48,15,3,2,3,20240714,40,2025-11-16 08:20:51
13320,31,54,15,3,3,4,20240714,9,2025-11-16 08:20:51
13321,32,63,15,3,2,5,20240714,5,2025-11-16 08:20:51
13322,32,84,2,3,2,6,20240714,35,2025-11-16 08:20:51
13323,32,84,4,3,1,7,20240714,48,2025-11-16 08:20:51
13324,33,84,4,3,1,8,20240714,151,2025-11-16 08:20:51
13325,31,33,6,3,1,9,20240714,282,2025-11-16 08:20:51
13326,38,57,2,3,2,10,20240714,401,2025-11-16 08:20:51
13327,38,57,15,3,2,11,20240714,439,2025-11-16 08:20:51
13328,36,14,2,3,2,12,20240714,499,2025-11-16 08:20:51
13329,37,52,2,3,2,13,20240714,591,2025-11-16 08:20:51
13330,41,29,15,3,1,14,20240714,632,2025-11-16 08:20:51
13331,41,29,9,3,1,15,20240714,560,2025-11-16 08:20:51
13332,38,87,12,3,2,16,20240714,566,2025-11-16 08:20:51
13333,35,87,9,3,3,17,20240714,458,2025-11-16 08:20:51
13334,38,87,8,3,1,18,20240714,351,2025-11-16 08:20:51
13335,38,85,2,3,1,19,20240714,431,2025-11-16 08:20:51
13336,38,85,2,3,1,20,20240714,356,2025-11-16 08:20:51
13337,35,85,7,3,1,21,20240714,269,2025-11-16 08:20:51
13338,35,87,6,3,1,22,20240714,225,2025-11-16 08:20:51
13339,34,83,2,3,2,23,20240714,211,2025-11-16 08:20:51
13340,34,86,9,3,1,0,20240715,187,2025-11-16 08:20:51
13341,34,86,8,3,2,1,20240715,168,2025-11-16 08:20:51
13342,34,86,9,3,2,2,20240715,115,2025-11-16 08:20:51
13343,34,86,9,3,2,3,20240715,57,2025-11-16 08:20:51
13344,34,86,15,3,2,4,20240715,19,2025-11-16 08:20:51
13345,34,86,8,3,1,5,20240715,9,2025-11-16 08:20:51
13346,34,83,8,3,1,6,20240715,15,2025-11-16 08:20:51
13347,35,87,2,3,1,7,20240715,47,2025-11-16 08:20:51
13348,35,85,8,3,2,8,20240715,133,2025-11-16 08:20:51
13349,38,87,1,3,2,9,20240715,221,2025-11-16 08:20:51
13350,37,14,8,3,1,10,20240715,382,2025-11-16 08:20:51
13351,40,36,9,3,1,11,20240715,451,2025-11-16 08:20:51
13352,45,20,15,3,1,12,20240715,489,2025-11-16 08:20:51
13353,42,49,15,3,1,13,20240715,480,2025-11-16 08:20:51
13354,44,39,3,3,1,14,20240715,476,2025-11-16 08:20:51
13355,42,20,8,3,1,15,20240715,489,2025-11-16 08:20:51
13356,42,49,7,3,1,16,20240715,495,2025-11-16 08:20:51
13357,41,30,16,3,1,17,20240715,436,2025-11-16 08:20:51
13358,38,87,12,3,3,18,20240715,312,2025-11-16 08:20:51
13359,38,85,7,3,1,19,20240715,312,2025-11-16 08:20:51
13360,38,87,3,3,1,20,20240715,294,2025-11-16 08:20:51
13361,38,87,2,3,1,21,20240715,223,2025-11-16 08:20:51
13362,38,33,15,3,1,22,20240715,130,2025-11-16 08:20:51
13363,38,87,8,3,1,23,20240715,91,2025-11-16 08:20:51
13364,38,87,15,3,3,0,20240716,43,2025-11-16 08:20:51
13365,35,33,6,3,2,1,20240716,11,2025-11-16 08:20:51
13366,35,33,15,3,1,2,20240716,15,2025-11-16 08:20:51
13367,34,87,2,3,1,3,20240716,6,2025-11-16 08:20:51
13368,34,87,15,3,1,4,20240716,12,2025-11-16 08:20:51
13369,31,84,15,3,1,5,20240716,50,2025-11-16 08:20:51
13370,34,87,8,3,1,6,20240716,140,2025-11-16 08:20:51
13371,38,57,2,3,1,7,20240716,483,2025-11-16 08:20:51
13372,36,14,15,3,1,8,20240716,667,2025-11-16 08:20:51
13373,37,52,9,3,1,9,20240716,348,2025-11-16 08:20:51
13374,41,30,1,3,1,10,20240716,186,2025-11-16 08:20:51
13375,45,46,7,3,1,11,20240716,182,2025-11-16 08:20:51
13376,45,37,8,3,1,12,20240716,237,2025-11-16 08:20:51
13377,45,37,4,3,1,13,20240716,239,2025-11-16 08:20:51
13378,43,17,15,3,1,14,20240716,212,2025-11-16 08:20:51
13379,42,20,3,3,1,15,20240716,237,2025-11-16 08:20:51
13380,37,14,20,3,3,16,20240716,386,2025-11-16 08:20:51
13381,37,14,20,3,3,17,20240716,755,2025-11-16 08:20:51
13382,45,46,1,3,1,18,20240716,794,2025-11-16 08:20:51
13383,41,31,8,3,1,19,20240716,595,2025-11-16 08:20:51
13384,41,30,8,3,1,20,20240716,454,2025-11-16 08:20:51
13385,37,14,8,3,1,21,20240716,328,2025-11-16 08:20:51
13386,37,52,2,3,1,22,20240716,284,2025-11-16 08:20:51
13387,36,33,2,3,1,23,20240716,166,2025-11-16 08:20:51
13388,38,85,15,3,1,0,20240717,53,2025-11-16 08:20:51
13389,36,57,1,3,1,1,20240717,25,2025-11-16 08:20:51
13390,38,57,2,3,1,2,20240717,7,2025-11-16 08:20:51
13391,38,14,1,3,1,3,20240717,3,2025-11-16 08:20:51
13392,38,52,1,3,1,4,20240717,7,2025-11-16 08:20:51
13393,34,33,2,3,1,5,20240717,38,2025-11-16 08:20:51
13394,38,14,15,3,1,6,20240717,213,2025-11-16 08:20:51
13395,36,57,1,3,2,7,20240717,526,2025-11-16 08:20:51
13396,41,29,1,3,2,8,20240717,661,2025-11-16 08:20:51
13397,40,37,7,3,2,9,20240717,320,2025-11-16 08:20:51
13398,45,37,6,3,2,10,20240717,159,2025-11-16 08:20:51
13399,42,20,1,3,2,11,20240717,206,2025-11-16 08:20:51
13400,44,24,1,3,2,12,20240717,254,2025-11-16 08:20:51
13401,46,62,6,3,1,13,20240717,221,2025-11-16 08:20:51
13402,47,45,3,3,1,14,20240717,214,2025-11-16 08:20:51
13403,46,62,9,3,1,15,20240717,244,2025-11-16 08:20:51
13404,46,45,9,3,1,16,20240717,381,2025-11-16 08:20:51
13405,46,45,1,3,1,17,20240717,770,2025-11-16 08:20:51
13406,44,40,6,3,1,18,20240717,772,2025-11-16 08:20:51
13407,43,24,3,3,1,19,20240717,547,2025-11-16 08:20:51
13408,42,47,9,3,1,20,20240717,427,2025-11-16 08:20:51
13409,40,36,8,3,1,21,20240717,333,2025-11-16 08:20:51
13410,41,29,7,3,1,22,20240717,244,2025-11-16 08:20:51
13411,39,30,6,3,1,23,20240717,161,2025-11-16 08:20:51
13412,37,14,9,3,1,0,20240718,53,2025-11-16 08:20:51
13413,37,14,15,3,1,1,20240718,16,2025-11-16 08:20:51
13414,36,14,8,3,1,2,20240718,8,2025-11-16 08:20:51
13415,36,14,8,3,1,3,20240718,4,2025-11-16 08:20:51
13416,38,57,8,3,1,4,20240718,6,2025-11-16 08:20:51
13417,38,57,9,3,1,5,20240718,46,2025-11-16 08:20:51
13418,38,57,9,3,1,6,20240718,162,2025-11-16 08:20:51
13419,36,14,9,3,1,7,20240718,495,2025-11-16 08:20:51
13420,39,52,15,3,1,8,20240718,679,2025-11-16 08:20:51
13421,40,35,1,3,1,9,20240718,297,2025-11-16 08:20:51
13422,44,17,6,3,1,10,20240718,138,2025-11-16 08:20:51
13423,44,17,1,3,1,11,20240718,183,2025-11-16 08:20:51
13424,46,39,8,3,1,12,20240718,202,2025-11-16 08:20:51
13425,47,40,1,3,1,13,20240718,203,2025-11-16 08:20:51
13426,47,42,10,3,1,14,20240718,170,2025-11-16 08:20:51
13427,46,24,12,3,3,15,20240718,194,2025-11-16 08:20:51
13428,36,14,3,3,1,16,20240718,224,2025-11-16 08:20:51
13429,36,57,3,3,1,17,20240718,370,2025-11-16 08:20:51
13430,37,52,8,3,2,18,20240718,643,2025-11-16 08:20:51
13431,37,52,15,3,2,19,20240718,516,2025-11-16 08:20:51
13432,36,52,2,3,1,20,20240718,366,2025-11-16 08:20:51
13433,37,52,1,3,1,21,20240718,319,2025-11-16 08:20:51
13434,37,53,2,3,1,22,20240718,288,2025-11-16 08:20:51
13435,37,53,2,3,1,23,20240718,131,2025-11-16 08:20:51
13436,36,14,2,3,1,0,20240719,66,2025-11-16 08:20:51
13437,36,14,2,3,1,1,20240719,25,2025-11-16 08:20:51
13438,38,57,6,3,1,2,20240719,7,2025-11-16 08:20:51
13439,38,57,15,3,1,3,20240719,5,2025-11-16 08:20:51
13440,38,57,15,3,1,4,20240719,8,2025-11-16 08:20:51
13441,38,57,15,3,2,5,20240719,40,2025-11-16 08:20:51
13442,38,14,8,3,1,6,20240719,152,2025-11-16 08:20:51
13443,36,53,4,3,1,7,20240719,473,2025-11-16 08:20:51
13444,37,53,3,3,1,8,20240719,657,2025-11-16 08:20:51
13445,37,53,4,3,2,9,20240719,318,2025-11-16 08:20:51
13446,37,53,6,3,1,10,20240719,198,2025-11-16 08:20:51
13447,41,29,15,3,1,11,20240719,216,2025-11-16 08:20:51
13448,45,37,4,3,1,12,20240719,274,2025-11-16 08:20:51
13449,45,20,8,3,1,13,20240719,254,2025-11-16 08:20:51
13450,42,19,2,3,1,14,20240719,197,2025-11-16 08:20:51
13451,45,20,2,3,1,15,20240719,292,2025-11-16 08:20:51
13452,45,20,2,3,1,16,20240719,358,2025-11-16 08:20:51
13453,42,49,1,3,1,17,20240719,771,2025-11-16 08:20:51
13454,42,49,6,3,1,18,20240719,777,2025-11-16 08:20:51
13455,45,19,3,3,1,19,20240719,533,2025-11-16 08:20:51
13456,40,37,9,3,1,20,20240719,505,2025-11-16 08:20:51
13457,31,86,3,3,3,21,20240719,332,2025-11-16 08:20:51
13458,31,86,3,3,3,22,20240719,68,2025-11-16 08:20:51
13459,31,86,7,3,3,23,20240719,65,2025-11-16 08:20:51
13460,31,86,2,3,3,0,20240720,34,2025-11-16 08:20:51
13461,31,86,8,3,1,1,20240720,11,2025-11-16 08:20:51
13462,31,86,2,3,2,2,20240720,19,2025-11-16 08:20:51
13463,31,86,15,3,2,3,20240720,36,2025-11-16 08:20:51
13464,31,86,9,3,2,4,20240720,9,2025-11-16 08:20:51
13465,31,86,8,3,2,5,20240720,42,2025-11-16 08:20:51
13466,31,86,9,3,2,6,20240720,126,2025-11-16 08:20:51
13467,31,86,6,3,2,7,20240720,360,2025-11-16 08:20:51
13468,34,83,9,3,2,8,20240720,691,2025-11-16 08:20:51
13469,35,87,8,3,2,9,20240720,373,2025-11-16 08:20:51
13470,35,87,9,3,2,10,20240720,233,2025-11-16 08:20:51
13471,38,33,6,3,3,11,20240720,212,2025-11-16 08:20:51
13472,34,83,9,3,3,12,20240720,274,2025-11-16 08:20:51
13473,34,83,15,3,3,13,20240720,156,2025-11-16 08:20:51
13474,35,85,9,3,3,14,20240720,229,2025-11-16 08:20:51
13475,35,85,5,3,2,15,20240720,216,2025-11-16 08:20:51
13476,34,83,10,3,2,16,20240720,436,2025-11-16 08:20:51
13477,31,86,13,3,2,17,20240720,715,2025-11-16 08:20:51
13478,31,84,10,3,2,18,20240720,622,2025-11-16 08:20:51
13479,32,83,4,3,2,19,20240720,402,2025-11-16 08:20:51
13480,32,83,14,3,3,20,20240720,251,2025-11-16 08:20:51
13481,33,83,10,3,3,21,20240720,122,2025-11-16 08:20:51
13482,33,83,6,3,2,22,20240720,135,2025-11-16 08:20:51
13483,33,83,4,3,2,23,20240720,166,2025-11-16 08:20:51
13484,33,83,4,3,3,0,20240721,103,2025-11-16 08:20:51
13485,33,83,3,3,2,1,20240721,72,2025-11-16 08:20:51
13486,27,9,4,3,3,2,20240721,60,2025-11-16 08:20:51
13487,27,9,3,3,3,3,20240721,25,2025-11-16 08:20:51
13488,26,9,4,3,3,4,20240721,16,2025-11-16 08:20:51
13489,26,9,3,3,3,5,20240721,17,2025-11-16 08:20:51
13490,26,9,3,3,3,6,20240721,15,2025-11-16 08:20:51
13491,26,9,3,3,2,7,20240721,37,2025-11-16 08:20:51
13492,26,83,3,3,2,8,20240721,112,2025-11-16 08:20:51
13493,26,83,6,3,2,9,20240721,207,2025-11-16 08:20:51
13494,26,9,3,3,3,10,20240721,268,2025-11-16 08:20:51
13495,27,83,3,3,2,11,20240721,305,2025-11-16 08:20:51
13496,27,83,7,3,3,12,20240721,457,2025-11-16 08:20:51
13497,27,83,9,3,3,13,20240721,354,2025-11-16 08:20:51
13498,27,9,3,3,2,14,20240721,343,2025-11-16 08:20:51
13499,27,9,3,3,3,15,20240721,380,2025-11-16 08:20:51
13500,27,9,6,3,3,16,20240721,326,2025-11-16 08:20:51
13501,27,9,9,3,3,17,20240721,241,2025-11-16 08:20:51
13502,27,9,6,3,2,18,20240721,177,2025-11-16 08:20:51
13503,27,9,9,3,2,19,20240721,238,2025-11-16 08:20:51
13504,27,9,9,3,3,20,20240721,214,2025-11-16 08:20:51
13505,27,9,9,3,2,21,20240721,163,2025-11-16 08:20:51
13506,27,9,15,3,2,22,20240721,180,2025-11-16 08:20:51
13507,27,9,1,3,2,23,20240721,149,2025-11-16 08:20:51
13508,27,9,15,3,2,0,20240722,113,2025-11-16 08:20:51
13509,27,9,9,3,2,1,20240722,130,2025-11-16 08:20:51
13510,27,9,15,3,2,2,20240722,122,2025-11-16 08:20:51
13511,27,9,15,3,2,3,20240722,43,2025-11-16 08:20:51
13512,27,9,1,3,1,4,20240722,16,2025-11-16 08:20:51
13513,27,9,1,3,1,5,20240722,6,2025-11-16 08:20:51
13514,33,83,2,3,2,6,20240722,19,2025-11-16 08:20:51
13515,33,83,1,3,2,7,20240722,38,2025-11-16 08:20:51
13516,32,84,1,3,2,8,20240722,153,2025-11-16 08:20:51
13517,31,28,1,3,2,9,20240722,258,2025-11-16 08:20:51
13518,31,33,1,3,2,10,20240722,379,2025-11-16 08:20:51
13519,31,33,1,3,2,11,20240722,505,2025-11-16 08:20:51
13520,35,57,15,3,2,12,20240722,504,2025-11-16 08:20:51
13521,35,56,2,3,2,13,20240722,626,2025-11-16 08:20:51
13522,38,14,15,3,1,14,20240722,616,2025-11-16 08:20:51
13523,38,14,15,3,1,15,20240722,624,2025-11-16 08:20:51
13524,36,14,15,3,1,16,20240722,628,2025-11-16 08:20:51
13525,36,14,7,3,1,17,20240722,556,2025-11-16 08:20:51
13526,36,14,9,3,1,18,20240722,515,2025-11-16 08:20:51
13527,38,57,9,3,1,19,20240722,522,2025-11-16 08:20:51
13528,35,33,9,3,1,20,20240722,378,2025-11-16 08:20:51
13529,35,87,15,3,1,21,20240722,345,2025-11-16 08:20:51
13530,35,33,6,3,1,22,20240722,191,2025-11-16 08:20:51
13531,34,87,9,3,1,23,20240722,123,2025-11-16 08:20:51
13532,31,86,2,3,1,0,20240723,47,2025-11-16 08:20:51
13533,31,86,6,3,1,1,20240723,27,2025-11-16 08:20:51
13534,31,11,2,3,2,2,20240723,17,2025-11-16 08:20:51
13535,31,11,2,3,2,3,20240723,2,2025-11-16 08:20:51
13536,31,11,8,3,2,4,20240723,8,2025-11-16 08:20:51
13537,31,11,8,3,2,5,20240723,51,2025-11-16 08:20:51
13538,34,86,2,3,2,6,20240723,157,2025-11-16 08:20:51
13539,35,85,8,3,1,7,20240723,421,2025-11-16 08:20:51
13540,38,87,15,3,1,8,20240723,738,2025-11-16 08:20:51
13541,36,33,8,3,2,9,20240723,345,2025-11-16 08:20:51
13542,39,52,1,3,2,10,20240723,200,2025-11-16 08:20:51
13543,41,36,9,3,2,11,20240723,198,2025-11-16 08:20:51
13544,41,36,9,3,2,12,20240723,314,2025-11-16 08:20:51
13545,41,36,15,3,2,13,20240723,240,2025-11-16 08:20:51
13546,39,30,9,3,2,14,20240723,271,2025-11-16 08:20:51
13547,41,29,6,3,1,15,20240723,281,2025-11-16 08:20:51
13548,40,36,8,3,1,16,20240723,457,2025-11-16 08:20:51
13549,40,36,8,3,1,17,20240723,847,2025-11-16 08:20:51
13550,40,16,15,3,1,18,20240723,741,2025-11-16 08:20:51
13551,41,36,3,3,1,19,20240723,582,2025-11-16 08:20:51
13552,37,52,9,3,1,20,20240723,403,2025-11-16 08:20:51
13553,37,52,6,3,1,21,20240723,296,2025-11-16 08:20:51
13554,36,52,6,3,1,22,20240723,209,2025-11-16 08:20:51
13555,38,14,9,3,1,23,20240723,114,2025-11-16 08:20:51
13556,35,33,8,3,1,0,20240724,64,2025-11-16 08:20:51
13557,34,87,9,3,1,1,20240724,17,2025-11-16 08:20:51
13558,31,83,9,3,1,2,20240724,16,2025-11-16 08:20:51
13559,31,83,9,3,1,3,20240724,6,2025-11-16 08:20:51
13560,31,83,2,3,1,4,20240724,6,2025-11-16 08:20:51
13561,31,83,15,3,1,5,20240724,50,2025-11-16 08:20:51
13562,31,83,8,3,1,6,20240724,190,2025-11-16 08:20:51
13563,35,33,9,3,1,7,20240724,516,2025-11-16 08:20:51
13564,36,57,6,3,1,8,20240724,743,2025-11-16 08:20:51
13565,45,46,1,3,1,9,20240724,339,2025-11-16 08:20:51
13566,40,35,5,3,1,10,20240724,218,2025-11-16 08:20:51
13567,45,46,10,3,2,11,20240724,201,2025-11-16 08:20:51
13568,40,35,7,3,2,12,20240724,229,2025-11-16 08:20:51
13569,45,46,5,3,2,13,20240724,273,2025-11-16 08:20:51
13570,45,46,7,3,2,14,20240724,244,2025-11-16 08:20:51
13571,40,37,5,3,1,15,20240724,285,2025-11-16 08:20:51
13572,41,29,5,3,1,16,20240724,455,2025-11-16 08:20:51
13573,41,36,10,3,1,17,20240724,869,2025-11-16 08:20:51
13574,37,52,10,3,1,18,20240724,877,2025-11-16 08:20:51
13575,37,52,9,3,1,19,20240724,632,2025-11-16 08:20:51
13576,36,14,9,3,1,20,20240724,523,2025-11-16 08:20:51
13577,36,14,7,3,1,21,20240724,378,2025-11-16 08:20:51
13578,36,14,3,3,1,22,20240724,269,2025-11-16 08:20:51
13579,36,53,10,3,1,23,20240724,192,2025-11-16 08:20:51
13580,38,53,5,3,1,0,20240725,66,2025-11-16 08:20:51
13581,35,53,6,3,1,1,20240725,28,2025-11-16 08:20:51
13582,34,54,7,3,1,2,20240725,12,2025-11-16 08:20:51
13583,31,56,7,3,1,3,20240725,12,2025-11-16 08:20:51
13584,32,56,7,3,1,4,20240725,4,2025-11-16 08:20:51
13585,32,56,9,3,1,5,20240725,59,2025-11-16 08:20:51
13586,32,56,6,3,1,6,20240725,190,2025-11-16 08:20:51
13587,31,21,10,3,1,7,20240725,507,2025-11-16 08:20:51
13588,35,17,3,3,1,8,20240725,788,2025-11-16 08:20:51
13589,38,39,5,3,1,9,20240725,342,2025-11-16 08:20:51
13590,36,39,1,3,1,10,20240725,231,2025-11-16 08:20:51
13591,37,40,1,3,1,11,20240725,281,2025-11-16 08:20:51
13592,37,40,1,3,1,12,20240725,310,2025-11-16 08:20:51
13593,39,62,9,3,1,13,20240725,312,2025-11-16 08:20:51
13594,41,45,8,3,1,14,20240725,247,2025-11-16 08:20:51
13595,39,62,2,3,1,15,20240725,317,2025-11-16 08:20:51
13596,41,45,9,3,1,16,20240725,484,2025-11-16 08:20:51
13597,41,62,1,3,1,17,20240725,913,2025-11-16 08:20:51
13598,41,58,8,3,1,18,20240725,891,2025-11-16 08:20:51
13599,37,40,8,3,1,19,20240725,698,2025-11-16 08:20:51
13600,36,23,9,3,1,20,20240725,567,2025-11-16 08:20:51
13601,38,50,8,3,1,21,20240725,397,2025-11-16 08:20:51
13602,35,53,8,3,1,22,20240725,278,2025-11-16 08:20:51
13603,34,15,5,3,1,23,20240725,239,2025-11-16 08:20:51
13604,31,56,6,3,1,0,20240726,92,2025-11-16 08:20:51
13605,31,56,7,3,1,1,20240726,29,2025-11-16 08:20:51
13606,31,28,3,3,1,2,20240726,21,2025-11-16 08:20:51
13607,31,28,7,3,1,3,20240726,8,2025-11-16 08:20:51
13608,31,33,6,3,1,4,20240726,4,2025-11-16 08:20:51
13609,31,33,6,3,1,5,20240726,42,2025-11-16 08:20:51
13610,31,84,3,3,1,6,20240726,181,2025-11-16 08:20:51
13611,35,33,3,3,1,7,20240726,495,2025-11-16 08:20:51
13612,35,33,3,3,2,8,20240726,729,2025-11-16 08:20:51
13613,38,57,8,3,2,9,20240726,344,2025-11-16 08:20:51
13614,36,57,7,3,1,10,20240726,222,2025-11-16 08:20:51
13615,41,14,7,3,1,11,20240726,212,2025-11-16 08:20:51
13616,45,35,3,3,1,12,20240726,279,2025-11-16 08:20:51
13617,42,46,5,3,1,13,20240726,242,2025-11-16 08:20:51
13618,44,20,3,3,1,14,20240726,213,2025-11-16 08:20:51
13619,46,17,5,3,1,15,20240726,238,2025-11-16 08:20:51
13620,47,42,14,3,1,16,20240726,374,2025-11-16 08:20:51
13621,44,50,13,3,1,17,20240726,738,2025-11-16 08:20:51
13622,46,23,12,3,1,18,20240726,688,2025-11-16 08:20:51
13623,44,50,10,3,1,19,20240726,614,2025-11-16 08:20:51
13624,42,21,3,3,1,20,20240726,446,2025-11-16 08:20:51
13625,41,37,22,3,1,21,20240726,271,2025-11-16 08:20:51
13626,41,37,22,3,1,22,20240726,234,2025-11-16 08:20:51
13627,38,57,8,3,1,23,20240726,145,2025-11-16 08:20:51
13628,38,57,1,3,1,0,20240727,97,2025-11-16 08:20:51
13629,38,57,15,3,1,1,20240727,54,2025-11-16 08:20:51
13630,35,87,8,3,1,2,20240727,26,2025-11-16 08:20:51
13631,35,33,9,3,1,3,20240727,12,2025-11-16 08:20:51
13632,35,87,1,3,1,4,20240727,8,2025-11-16 08:20:51
13633,35,85,1,3,1,5,20240727,37,2025-11-16 08:20:51
13634,35,87,1,3,1,6,20240727,139,2025-11-16 08:20:51
13635,38,57,6,3,1,7,20240727,410,2025-11-16 08:20:51
13636,37,14,2,3,1,8,20240727,676,2025-11-16 08:20:51
13637,40,37,4,3,1,9,20240727,363,2025-11-16 08:20:51
13638,45,20,1,3,1,10,20240727,231,2025-11-16 08:20:51
13639,45,20,10,3,1,11,20240727,251,2025-11-16 08:20:51
13640,45,37,12,3,1,12,20240727,299,2025-11-16 08:20:51
13641,45,20,4,3,1,13,20240727,314,2025-11-16 08:20:51
13642,42,20,5,3,1,14,20240727,326,2025-11-16 08:20:51
13643,42,49,7,3,1,15,20240727,323,2025-11-16 08:20:51
13644,45,20,7,3,1,16,20240727,499,2025-11-16 08:20:51
13645,42,49,4,3,1,17,20240727,699,2025-11-16 08:20:51
13646,40,16,9,3,1,18,20240727,622,2025-11-16 08:20:51
13647,40,36,6,3,1,19,20240727,516,2025-11-16 08:20:51
13648,39,30,15,3,1,20,20240727,354,2025-11-16 08:20:51
13649,39,30,15,3,1,21,20240727,260,2025-11-16 08:20:51
13650,39,30,8,3,1,22,20240727,199,2025-11-16 08:20:51
13651,37,14,1,3,1,23,20240727,189,2025-11-16 08:20:51
13652,36,52,8,3,1,0,20240728,191,2025-11-16 08:20:51
13653,38,57,2,3,1,1,20240728,80,2025-11-16 08:20:51
13654,38,57,1,3,1,2,20240728,90,2025-11-16 08:20:51
13655,38,57,1,3,1,3,20240728,43,2025-11-16 08:20:51
13656,35,87,6,3,1,4,20240728,11,2025-11-16 08:20:51
13657,34,87,9,3,1,5,20240728,14,2025-11-16 08:20:51
13658,35,57,15,3,1,6,20240728,50,2025-11-16 08:20:51
13659,38,57,8,3,1,7,20240728,76,2025-11-16 08:20:51
13660,36,14,9,3,1,8,20240728,163,2025-11-16 08:20:51
13661,39,30,15,3,1,9,20240728,337,2025-11-16 08:20:51
13662,40,36,7,3,1,10,20240728,395,2025-11-16 08:20:51
13663,45,18,7,3,1,11,20240728,457,2025-11-16 08:20:51
13664,45,49,7,3,1,12,20240728,487,2025-11-16 08:20:51
13665,42,49,4,3,1,13,20240728,498,2025-11-16 08:20:51
13666,42,18,3,3,1,14,20240728,494,2025-11-16 08:20:51
13667,43,26,4,3,1,15,20240728,497,2025-11-16 08:20:51
13668,42,18,7,3,1,16,20240728,487,2025-11-16 08:20:51
13669,40,16,6,3,1,17,20240728,479,2025-11-16 08:20:51
13670,40,22,4,3,1,18,20240728,481,2025-11-16 08:20:51
13671,34,83,1,3,1,19,20240728,338,2025-11-16 08:20:51
13672,31,83,7,3,1,20,20240728,233,2025-11-16 08:20:51
13673,31,84,2,3,1,21,20240728,300,2025-11-16 08:20:51
13674,31,84,2,3,1,22,20240728,276,2025-11-16 08:20:51
13675,31,83,2,3,1,23,20240728,208,2025-11-16 08:20:51
13676,31,86,8,3,1,0,20240729,188,2025-11-16 08:20:51
13677,31,83,15,3,1,1,20240729,158,2025-11-16 08:20:51
13678,31,33,8,3,1,2,20240729,112,2025-11-16 08:20:51
13679,31,28,7,3,1,3,20240729,55,2025-11-16 08:20:51
13680,32,28,6,3,1,4,20240729,13,2025-11-16 08:20:51
13681,33,84,6,3,1,5,20240729,17,2025-11-16 08:20:51
13682,32,63,9,3,1,6,20240729,18,2025-11-16 08:20:51
13683,31,28,3,3,1,7,20240729,40,2025-11-16 08:20:51
13684,35,56,7,3,1,8,20240729,127,2025-11-16 08:20:51
13685,38,52,3,3,1,9,20240729,226,2025-11-16 08:20:51
13686,36,52,1,3,1,10,20240729,381,2025-11-16 08:20:51
13687,37,29,7,3,1,11,20240729,509,2025-11-16 08:20:51
13688,37,29,10,3,1,12,20240729,511,2025-11-16 08:20:51
13689,41,37,7,3,1,13,20240729,483,2025-11-16 08:20:51
13690,41,16,6,3,1,14,20240729,522,2025-11-16 08:20:51
13691,41,22,8,3,1,15,20240729,501,2025-11-16 08:20:51
13692,41,22,8,3,1,16,20240729,521,2025-11-16 08:20:51
13693,40,49,9,3,1,17,20240729,531,2025-11-16 08:20:51
13694,41,49,5,3,1,18,20240729,419,2025-11-16 08:20:51
13695,37,29,9,3,1,19,20240729,443,2025-11-16 08:20:51
13696,36,14,15,3,1,20,20240729,303,2025-11-16 08:20:51
13697,38,57,8,3,1,21,20240729,271,2025-11-16 08:20:51
13698,35,57,15,3,1,22,20240729,148,2025-11-16 08:20:51
13699,35,57,1,3,1,23,20240729,100,2025-11-16 08:20:51
13700,35,33,2,3,1,0,20240730,58,2025-11-16 08:20:51
13701,35,33,1,3,1,1,20240730,19,2025-11-16 08:20:51
13702,34,33,1,3,1,2,20240730,8,2025-11-16 08:20:51
13703,31,83,1,3,1,3,20240730,3,2025-11-16 08:20:51
13704,31,83,1,3,1,4,20240730,5,2025-11-16 08:20:51
13705,31,83,15,3,1,5,20240730,47,2025-11-16 08:20:51
13706,31,83,9,3,1,6,20240730,161,2025-11-16 08:20:51
13707,35,87,2,3,1,7,20240730,469,2025-11-16 08:20:51
13708,38,33,15,3,2,8,20240730,751,2025-11-16 08:20:51
13709,36,57,1,3,2,9,20240730,293,2025-11-16 08:20:51
13710,36,14,7,3,2,10,20240730,189,2025-11-16 08:20:51
13711,39,29,8,3,2,11,20240730,215,2025-11-16 08:20:51
13712,37,53,15,3,2,12,20240730,278,2025-11-16 08:20:51
13713,41,37,9,3,1,13,20240730,226,2025-11-16 08:20:51
13714,41,37,7,3,1,14,20240730,254,2025-11-16 08:20:51
13715,41,37,3,3,1,15,20240730,236,2025-11-16 08:20:51
13716,41,37,4,3,1,16,20240730,425,2025-11-16 08:20:51
13717,37,29,10,3,1,17,20240730,827,2025-11-16 08:20:51
13718,37,53,13,3,1,18,20240730,812,2025-11-16 08:20:51
13719,40,36,9,3,1,19,20240730,665,2025-11-16 08:20:51
13720,38,57,7,3,1,20,20240730,462,2025-11-16 08:20:51
13721,38,57,6,3,1,21,20240730,322,2025-11-16 08:20:51
13722,35,33,7,3,2,22,20240730,230,2025-11-16 08:20:51
13723,35,33,6,3,1,23,20240730,150,2025-11-16 08:20:51
13724,34,87,8,3,1,0,20240731,38,2025-11-16 08:20:51
13725,31,83,8,3,1,1,20240731,21,2025-11-16 08:20:51
13726,31,83,8,3,1,2,20240731,8,2025-11-16 08:20:51
13727,31,83,2,3,1,3,20240731,6,2025-11-16 08:20:51
13728,31,83,2,3,1,4,20240731,6,2025-11-16 08:20:51
13729,31,83,9,3,1,5,20240731,45,2025-11-16 08:20:51
13730,32,86,9,3,1,6,20240731,194,2025-11-16 08:20:51
13731,34,83,7,3,1,7,20240731,513,2025-11-16 08:20:51
13732,35,87,8,3,1,8,20240731,760,2025-11-16 08:20:51
13733,38,57,15,3,1,9,20240731,333,2025-11-16 08:20:51
13734,38,14,1,3,1,10,20240731,227,2025-11-16 08:20:51
13735,37,53,1,3,1,11,20240731,224,2025-11-16 08:20:51
13736,41,16,1,3,1,12,20240731,248,2025-11-16 08:20:51
13737,41,29,4,3,1,13,20240731,288,2025-11-16 08:20:51
13738,41,29,4,3,1,14,20240731,260,2025-11-16 08:20:51
13739,37,52,8,3,1,15,20240731,144,2025-11-16 08:20:51
13740,37,53,7,3,1,16,20240731,402,2025-11-16 08:20:51
13741,39,36,7,3,1,17,20240731,820,2025-11-16 08:20:51
13742,37,29,4,3,1,18,20240731,857,2025-11-16 08:20:51
13743,36,52,12,3,3,19,20240731,614,2025-11-16 08:20:51
13744,35,57,6,3,3,20,20240731,452,2025-11-16 08:20:51
13745,34,87,6,3,1,21,20240731,352,2025-11-16 08:20:51
13746,34,33,3,3,1,22,20240731,257,2025-11-16 08:20:51
13747,31,83,9,3,2,23,20240731,147,2025-11-16 08:20:51
13748,34,87,9,3,1,0,20240801,47,2025-11-16 08:20:51
13749,31,83,2,3,1,1,20240801,33,2025-11-16 08:20:51
13750,32,83,15,3,1,2,20240801,13,2025-11-16 08:20:51
13751,32,83,15,3,1,3,20240801,7,2025-11-16 08:20:51
13752,32,84,8,3,2,4,20240801,4,2025-11-16 08:20:51
13753,32,84,8,3,2,5,20240801,49,2025-11-16 08:20:51
13754,32,84,8,3,1,6,20240801,185,2025-11-16 08:20:51
13755,32,83,8,3,2,7,20240801,487,2025-11-16 08:20:51
13756,31,84,6,3,2,8,20240801,681,2025-11-16 08:20:51
13757,34,33,2,3,2,9,20240801,350,2025-11-16 08:20:51
13758,38,14,2,3,1,10,20240801,236,2025-11-16 08:20:51
13759,37,53,2,3,1,11,20240801,234,2025-11-16 08:20:51
13760,41,37,15,3,1,12,20240801,284,2025-11-16 08:20:51
13761,41,36,9,3,1,13,20240801,280,2025-11-16 08:20:51
13762,40,16,9,3,1,14,20240801,263,2025-11-16 08:20:51
13763,40,16,9,3,1,15,20240801,295,2025-11-16 08:20:51
13764,41,29,4,3,1,16,20240801,479,2025-11-16 08:20:51
13765,41,37,9,3,1,17,20240801,837,2025-11-16 08:20:51
13766,37,52,7,3,3,18,20240801,891,2025-11-16 08:20:51
13767,36,14,3,3,1,19,20240801,652,2025-11-16 08:20:51
13768,36,14,9,3,1,20,20240801,513,2025-11-16 08:20:51
13769,38,57,8,3,1,21,20240801,320,2025-11-16 08:20:51
13770,38,57,15,3,1,22,20240801,288,2025-11-16 08:20:51
13771,35,33,1,3,1,23,20240801,152,2025-11-16 08:20:51
13772,35,33,1,3,1,0,20240802,63,2025-11-16 08:20:51
13773,34,87,15,3,1,1,20240802,42,2025-11-16 08:20:51
13774,31,83,2,3,1,2,20240802,11,2025-11-16 08:20:51
13775,31,83,1,3,1,3,20240802,6,2025-11-16 08:20:51
13776,31,83,1,3,1,4,20240802,9,2025-11-16 08:20:51
13777,31,86,8,3,1,5,20240802,41,2025-11-16 08:20:51
13778,31,83,1,3,1,6,20240802,183,2025-11-16 08:20:51
13779,35,87,1,3,1,7,20240802,473,2025-11-16 08:20:51
13780,38,33,15,3,1,8,20240802,739,2025-11-16 08:20:51
13781,37,14,15,3,1,9,20240802,343,2025-11-16 08:20:51
13782,41,29,1,3,1,10,20240802,181,2025-11-16 08:20:51
13783,40,36,15,3,1,11,20240802,226,2025-11-16 08:20:51
13784,45,19,8,3,1,12,20240802,286,2025-11-16 08:20:51
13785,42,19,7,3,1,13,20240802,310,2025-11-16 08:20:51
13786,42,49,8,3,1,14,20240802,225,2025-11-16 08:20:51
13787,39,52,18,3,1,15,20240802,270,2025-11-16 08:20:51
13788,40,16,6,3,1,16,20240802,406,2025-11-16 08:20:51
13789,40,36,3,3,1,17,20240802,865,2025-11-16 08:20:51
13790,41,30,7,3,1,18,20240802,767,2025-11-16 08:20:51
13791,41,31,9,3,1,19,20240802,607,2025-11-16 08:20:51
13792,39,14,1,3,1,20,20240802,427,2025-11-16 08:20:51
13793,37,14,7,3,1,21,20240802,342,2025-11-16 08:20:51
13794,36,57,6,3,1,22,20240802,262,2025-11-16 08:20:51
13795,38,57,3,3,1,23,20240802,177,2025-11-16 08:20:51
13796,38,57,6,3,1,0,20240803,71,2025-11-16 08:20:51
13797,35,33,6,3,1,1,20240803,43,2025-11-16 08:20:51
13798,34,87,7,3,1,2,20240803,14,2025-11-16 08:20:51
13799,34,87,7,3,1,3,20240803,6,2025-11-16 08:20:51
13800,31,83,3,3,1,4,20240803,12,2025-11-16 08:20:51
13801,31,83,9,3,1,5,20240803,37,2025-11-16 08:20:51
13802,31,83,7,3,1,6,20240803,163,2025-11-16 08:20:51
13803,35,33,15,3,1,7,20240803,421,2025-11-16 08:20:51
13804,38,57,8,3,1,8,20240803,668,2025-11-16 08:20:51
13805,36,14,15,3,2,9,20240803,396,2025-11-16 08:20:51
13806,41,36,6,3,2,10,20240803,249,2025-11-16 08:20:51
13807,45,37,4,3,2,11,20240803,263,2025-11-16 08:20:51
13808,42,21,5,3,2,12,20240803,338,2025-11-16 08:20:51
13809,42,20,4,3,2,13,20240803,345,2025-11-16 08:20:51
13810,42,19,3,3,2,14,20240803,331,2025-11-16 08:20:51
13811,43,17,3,3,1,15,20240803,380,2025-11-16 08:20:51
13812,42,49,7,3,2,16,20240803,492,2025-11-16 08:20:51
13813,45,46,4,3,2,17,20240803,741,2025-11-16 08:20:51
13814,40,30,3,3,2,18,20240803,671,2025-11-16 08:20:51
13815,41,31,7,3,2,19,20240803,469,2025-11-16 08:20:51
13816,39,14,7,3,2,20,20240803,389,2025-11-16 08:20:51
13817,37,14,6,3,2,21,20240803,278,2025-11-16 08:20:51
13818,37,57,3,3,1,22,20240803,202,2025-11-16 08:20:51
13819,36,87,8,3,1,23,20240803,196,2025-11-16 08:20:51
13820,36,87,9,3,1,0,20240804,161,2025-11-16 08:20:51
13821,38,85,6,3,1,1,20240804,122,2025-11-16 08:20:51
13822,38,85,8,3,1,2,20240804,84,2025-11-16 08:20:51
13823,38,85,8,3,1,3,20240804,30,2025-11-16 08:20:51
13824,38,87,6,3,1,4,20240804,13,2025-11-16 08:20:51
13825,35,85,7,3,1,5,20240804,17,2025-11-16 08:20:51
13826,35,85,7,3,1,6,20240804,49,2025-11-16 08:20:51
13827,38,6,9,3,1,7,20240804,67,2025-11-16 08:20:51
13828,36,7,6,3,1,8,20240804,181,2025-11-16 08:20:51
13829,39,56,7,3,1,9,20240804,278,2025-11-16 08:20:51
13830,40,15,6,3,1,10,20240804,396,2025-11-16 08:20:51
13831,42,20,3,3,1,11,20240804,470,2025-11-16 08:20:51
13832,42,23,12,3,1,12,20240804,547,2025-11-16 08:20:51
13833,43,17,5,3,1,13,20240804,527,2025-11-16 08:20:51
13834,43,23,14,3,1,14,20240804,472,2025-11-16 08:20:51
13835,43,17,13,3,1,15,20240804,489,2025-11-16 08:20:51
13836,44,18,5,3,1,16,20240804,450,2025-11-16 08:20:51
13837,43,39,5,3,1,17,20240804,492,2025-11-16 08:20:51
13838,42,49,10,3,1,18,20240804,490,2025-11-16 08:20:51
13839,40,36,12,3,1,19,20240804,397,2025-11-16 08:20:51
13840,40,36,5,3,1,20,20240804,312,2025-11-16 08:20:51
13841,41,30,3,3,1,21,20240804,289,2025-11-16 08:20:51
13842,37,14,4,3,1,22,20240804,269,2025-11-16 08:20:51
13843,37,14,5,3,1,23,20240804,222,2025-11-16 08:20:51
13844,36,57,4,3,1,0,20240805,153,2025-11-16 08:20:51
13845,36,57,3,3,1,1,20240805,87,2025-11-16 08:20:51
13846,36,57,5,3,1,2,20240805,73,2025-11-16 08:20:51
13847,38,33,3,3,1,3,20240805,41,2025-11-16 08:20:51
13848,38,33,3,3,1,4,20240805,14,2025-11-16 08:20:51
13849,38,33,3,3,1,5,20240805,19,2025-11-16 08:20:51
13850,38,87,3,3,1,6,20240805,19,2025-11-16 08:20:51
13851,36,33,5,3,1,7,20240805,68,2025-11-16 08:20:51
13852,37,14,10,3,1,8,20240805,108,2025-11-16 08:20:51
13853,41,30,12,3,1,9,20240805,229,2025-11-16 08:20:51
13854,41,30,13,3,1,10,20240805,364,2025-11-16 08:20:51
13855,40,35,13,3,1,11,20240805,437,2025-11-16 08:20:51
13856,42,20,19,3,1,12,20240805,491,2025-11-16 08:20:51
13857,43,19,18,3,1,13,20240805,523,2025-11-16 08:20:51
13858,44,17,18,3,1,14,20240805,526,2025-11-16 08:20:51
13859,44,39,19,3,1,15,20240805,450,2025-11-16 08:20:51
13860,40,16,3,3,1,16,20240805,421,2025-11-16 08:20:51
13861,40,16,3,3,1,17,20240805,382,2025-11-16 08:20:51
13862,35,33,8,3,3,18,20240805,229,2025-11-16 08:20:51
13863,35,85,7,3,1,19,20240805,185,2025-11-16 08:20:51
13864,35,85,15,3,1,20,20240805,193,2025-11-16 08:20:51
13865,38,87,15,3,1,21,20240805,208,2025-11-16 08:20:51
13866,38,87,2,3,1,22,20240805,157,2025-11-16 08:20:51
13867,38,87,9,3,2,23,20240805,87,2025-11-16 08:20:51
13868,38,87,1,3,2,0,20240806,33,2025-11-16 08:20:51
13869,38,87,2,3,1,1,20240806,11,2025-11-16 08:20:51
13870,38,87,8,3,2,2,20240806,5,2025-11-16 08:20:51
13871,38,87,2,3,3,3,20240806,5,2025-11-16 08:20:51
13872,38,33,8,3,2,4,20240806,11,2025-11-16 08:20:51
13873,35,87,6,3,1,5,20240806,25,2025-11-16 08:20:51
13874,35,87,7,3,2,6,20240806,141,2025-11-16 08:20:51
13875,38,57,6,3,3,7,20240806,407,2025-11-16 08:20:51
13876,35,87,1,3,2,8,20240806,605,2025-11-16 08:20:51
13877,35,87,9,3,3,9,20240806,276,2025-11-16 08:20:51
13878,36,57,7,3,1,10,20240806,213,2025-11-16 08:20:51
13879,37,14,8,3,1,11,20240806,260,2025-11-16 08:20:51
13880,39,29,2,3,2,12,20240806,285,2025-11-16 08:20:51
13881,41,37,7,3,1,13,20240806,289,2025-11-16 08:20:51
13882,40,16,1,3,1,14,20240806,287,2025-11-16 08:20:51
13883,40,16,8,3,1,15,20240806,274,2025-11-16 08:20:51
13884,45,49,15,3,1,16,20240806,451,2025-11-16 08:20:51
13885,40,49,1,3,1,17,20240806,858,2025-11-16 08:20:51
13886,40,49,8,3,1,18,20240806,843,2025-11-16 08:20:51
13887,39,30,6,3,1,19,20240806,640,2025-11-16 08:20:51
13888,37,14,9,3,1,20,20240806,457,2025-11-16 08:20:51
13889,36,57,6,3,1,21,20240806,317,2025-11-16 08:20:51
13890,36,57,2,3,1,22,20240806,207,2025-11-16 08:20:51
13891,38,33,6,3,1,23,20240806,113,2025-11-16 08:20:51
13892,35,85,6,3,1,0,20240807,47,2025-11-16 08:20:51
13893,35,85,8,3,1,1,20240807,18,2025-11-16 08:20:51
13894,35,85,8,3,1,2,20240807,13,2025-11-16 08:20:51
13895,35,85,1,3,1,3,20240807,6,2025-11-16 08:20:51
13896,34,83,8,3,1,4,20240807,9,2025-11-16 08:20:51
13897,35,87,15,3,1,5,20240807,36,2025-11-16 08:20:51
13898,35,87,6,3,2,6,20240807,179,2025-11-16 08:20:51
13899,35,33,8,3,2,7,20240807,502,2025-11-16 08:20:51
13900,35,57,9,3,2,8,20240807,705,2025-11-16 08:20:51
13901,35,33,8,3,2,9,20240807,327,2025-11-16 08:20:51
13902,36,57,8,3,2,10,20240807,250,2025-11-16 08:20:51
13903,37,14,2,3,2,11,20240807,214,2025-11-16 08:20:51
13904,41,29,8,3,2,12,20240807,283,2025-11-16 08:20:51
13905,41,36,6,3,2,13,20240807,253,2025-11-16 08:20:51
13906,40,16,1,3,2,14,20240807,261,2025-11-16 08:20:51
13907,41,36,1,3,1,15,20240807,306,2025-11-16 08:20:51
13908,37,14,4,3,3,16,20240807,445,2025-11-16 08:20:51
13909,39,52,8,3,2,17,20240807,868,2025-11-16 08:20:51
13910,37,52,9,3,2,18,20240807,814,2025-11-16 08:20:51
13911,37,14,15,3,2,19,20240807,610,2025-11-16 08:20:51
13912,36,57,8,3,2,20,20240807,448,2025-11-16 08:20:51
13913,38,33,1,3,2,21,20240807,317,2025-11-16 08:20:51
13914,38,33,15,3,1,22,20240807,224,2025-11-16 08:20:51
13915,38,87,1,3,1,23,20240807,138,2025-11-16 08:20:51
13916,35,85,1,3,1,0,20240808,58,2025-11-16 08:20:51
13917,38,87,1,3,1,1,20240808,23,2025-11-16 08:20:51
13918,35,85,1,3,1,2,20240808,6,2025-11-16 08:20:51
13919,35,85,1,3,1,3,20240808,7,2025-11-16 08:20:51
13920,35,85,1,3,1,4,20240808,7,2025-11-16 08:20:51
13921,34,86,9,3,2,5,20240808,43,2025-11-16 08:20:51
13922,35,85,9,3,2,6,20240808,173,2025-11-16 08:20:51
13923,35,85,9,3,2,7,20240808,482,2025-11-16 08:20:51
13924,36,7,2,3,2,8,20240808,737,2025-11-16 08:20:51
13925,37,14,1,3,2,9,20240808,341,2025-11-16 08:20:51
13926,41,36,8,3,2,10,20240808,214,2025-11-16 08:20:51
13927,41,36,1,3,2,11,20240808,239,2025-11-16 08:20:51
13928,41,36,1,3,2,12,20240808,280,2025-11-16 08:20:51
13929,41,36,1,3,2,13,20240808,313,2025-11-16 08:20:51
13930,41,36,3,3,2,14,20240808,236,2025-11-16 08:20:51
13931,45,19,6,3,2,15,20240808,278,2025-11-16 08:20:51
13932,41,37,4,3,2,16,20240808,441,2025-11-16 08:20:51
13933,41,29,4,3,2,17,20240808,858,2025-11-16 08:20:51
13934,39,29,9,3,2,18,20240808,862,2025-11-16 08:20:51
13935,37,14,7,3,1,19,20240808,686,2025-11-16 08:20:51
13936,36,14,6,3,1,20,20240808,500,2025-11-16 08:20:51
13937,36,14,15,3,1,21,20240808,381,2025-11-16 08:20:51
13938,38,33,15,3,1,22,20240808,233,2025-11-16 08:20:51
13939,38,57,8,3,1,23,20240808,136,2025-11-16 08:20:51
13940,38,33,6,3,1,0,20240809,67,2025-11-16 08:20:51
13941,35,87,8,3,1,1,20240809,28,2025-11-16 08:20:51
13942,35,85,2,3,1,2,20240809,14,2025-11-16 08:20:51
13943,34,83,2,3,1,3,20240809,6,2025-11-16 08:20:51
13944,34,86,8,3,2,4,20240809,10,2025-11-16 08:20:51
13945,31,11,1,3,2,5,20240809,41,2025-11-16 08:20:51
13946,31,83,9,3,1,6,20240809,167,2025-11-16 08:20:51
13947,35,85,9,3,2,7,20240809,475,2025-11-16 08:20:51
13948,38,33,15,3,1,8,20240809,698,2025-11-16 08:20:51
13949,37,14,9,3,1,9,20240809,353,2025-11-16 08:20:51
13950,41,29,7,3,1,10,20240809,205,2025-11-16 08:20:51
13951,45,19,1,3,1,11,20240809,260,2025-11-16 08:20:51
13952,45,19,15,3,1,12,20240809,277,2025-11-16 08:20:51
13953,42,49,15,3,1,13,20240809,281,2025-11-16 08:20:51
13954,43,26,7,3,1,14,20240809,247,2025-11-16 08:20:51
13955,43,26,7,3,1,15,20240809,267,2025-11-16 08:20:51
13956,42,18,3,3,1,16,20240809,417,2025-11-16 08:20:51
13957,42,43,3,3,1,17,20240809,810,2025-11-16 08:20:51
13958,40,16,3,3,2,18,20240809,811,2025-11-16 08:20:51
13959,41,29,6,3,1,19,20240809,623,2025-11-16 08:20:51
13960,35,48,4,3,1,20,20240809,478,2025-11-16 08:20:51
13961,35,53,9,3,2,21,20240809,336,2025-11-16 08:20:51
13962,31,28,7,3,2,22,20240809,259,2025-11-16 08:20:51
13963,31,33,1,3,1,23,20240809,156,2025-11-16 08:20:51
13964,35,56,2,3,1,0,20240810,85,2025-11-16 08:20:51
13965,35,56,15,3,1,1,20240810,41,2025-11-16 08:20:51
13966,35,33,9,3,1,2,20240810,20,2025-11-16 08:20:51
13967,38,87,6,3,2,3,20240810,9,2025-11-16 08:20:51
13968,35,85,4,3,3,4,20240810,7,2025-11-16 08:20:51
13969,35,85,4,3,3,5,20240810,33,2025-11-16 08:20:51
13970,32,86,5,3,3,6,20240810,44,2025-11-16 08:20:51
13971,32,86,15,3,3,7,20240810,133,2025-11-16 08:20:51
13972,33,89,9,3,3,8,20240810,119,2025-11-16 08:20:51
13973,32,86,1,3,2,9,20240810,220,2025-11-16 08:20:51
13974,31,86,15,3,1,10,20240810,193,2025-11-16 08:20:51
13975,34,87,8,3,3,11,20240810,251,2025-11-16 08:20:51
13976,36,14,12,3,2,12,20240810,315,2025-11-16 08:20:51
13977,37,53,12,3,2,13,20240810,290,2025-11-16 08:20:51
13978,37,53,12,3,1,14,20240810,307,2025-11-16 08:20:51
13979,41,36,11,3,1,15,20240810,324,2025-11-16 08:20:51
13980,39,29,5,3,1,16,20240810,467,2025-11-16 08:20:51
13981,41,36,4,3,1,17,20240810,730,2025-11-16 08:20:51
13982,37,52,5,3,1,18,20240810,640,2025-11-16 08:20:51
13983,37,52,4,3,1,19,20240810,492,2025-11-16 08:20:51
13984,36,14,5,3,1,20,20240810,370,2025-11-16 08:20:51
13985,36,14,3,3,1,21,20240810,286,2025-11-16 08:20:51
13986,38,33,4,3,1,22,20240810,218,2025-11-16 08:20:51
13987,38,57,4,3,1,23,20240810,192,2025-11-16 08:20:51
13988,35,57,4,3,1,0,20240811,180,2025-11-16 08:20:51
13989,31,33,7,3,1,1,20240811,116,2025-11-16 08:20:51
13990,32,84,6,3,3,2,20240811,85,2025-11-16 08:20:51
13991,33,83,9,3,3,3,20240811,21,2025-11-16 08:20:51
13992,33,83,15,3,1,4,20240811,10,2025-11-16 08:20:51
13993,33,9,15,3,1,5,20240811,11,2025-11-16 08:20:51
13994,33,9,15,3,2,6,20240811,23,2025-11-16 08:20:51
13995,32,83,2,3,1,7,20240811,62,2025-11-16 08:20:51
13996,31,83,15,3,1,8,20240811,162,2025-11-16 08:20:51
13997,34,87,6,3,1,9,20240811,271,2025-11-16 08:20:51
13998,38,52,2,3,1,10,20240811,407,2025-11-16 08:20:51
13999,36,14,9,3,1,11,20240811,499,2025-11-16 08:20:51
14000,37,53,7,3,1,12,20240811,546,2025-11-16 08:20:51
14001,41,37,12,3,1,13,20240811,569,2025-11-16 08:20:51
14002,41,37,5,3,1,14,20240811,538,2025-11-16 08:20:51
14003,41,16,4,3,1,15,20240811,562,2025-11-16 08:20:51
14004,41,16,5,3,1,16,20240811,531,2025-11-16 08:20:51
14005,36,14,12,3,3,17,20240811,512,2025-11-16 08:20:51
14006,35,33,5,3,2,18,20240811,300,2025-11-16 08:20:51
14007,31,86,15,3,2,19,20240811,275,2025-11-16 08:20:51
14008,31,86,13,3,3,20,20240811,160,2025-11-16 08:20:51
14009,31,86,9,3,2,21,20240811,128,2025-11-16 08:20:51
14010,31,86,9,3,2,22,20240811,168,2025-11-16 08:20:51
14011,31,84,9,3,3,23,20240811,163,2025-11-16 08:20:51
14012,32,63,8,3,2,0,20240812,120,2025-11-16 08:20:51
14013,33,84,8,3,1,1,20240812,113,2025-11-16 08:20:51
14014,32,28,8,3,1,2,20240812,86,2025-11-16 08:20:51
14015,33,63,2,3,1,3,20240812,48,2025-11-16 08:20:51
14016,32,28,2,3,1,4,20240812,10,2025-11-16 08:20:51
14017,32,54,6,3,1,5,20240812,10,2025-11-16 08:20:51
14018,32,56,9,3,1,6,20240812,16,2025-11-16 08:20:51
14019,32,56,8,3,1,7,20240812,39,2025-11-16 08:20:51
14020,31,48,7,3,1,8,20240812,119,2025-11-16 08:20:51
14021,35,38,7,3,1,9,20240812,217,2025-11-16 08:20:51
14022,35,34,9,3,1,10,20240812,328,2025-11-16 08:20:51
14023,36,17,9,3,1,11,20240812,449,2025-11-16 08:20:51
14024,36,17,6,3,1,12,20240812,505,2025-11-16 08:20:51
14025,39,23,1,3,1,13,20240812,543,2025-11-16 08:20:51
14026,37,23,6,3,1,14,20240812,579,2025-11-16 08:20:51
14027,37,23,8,3,1,15,20240812,577,2025-11-16 08:20:51
14028,37,23,15,3,1,16,20240812,513,2025-11-16 08:20:51
14029,41,40,1,3,1,17,20240812,505,2025-11-16 08:20:51
14030,39,24,15,3,1,18,20240812,491,2025-11-16 08:20:51
14031,36,23,8,3,1,19,20240812,465,2025-11-16 08:20:51
14032,38,50,1,3,1,20,20240812,300,2025-11-16 08:20:51
14033,38,34,2,3,1,21,20240812,220,2025-11-16 08:20:51
14034,35,53,8,3,1,22,20240812,181,2025-11-16 08:20:51
14035,34,54,1,3,1,23,20240812,110,2025-11-16 08:20:51
14036,31,56,15,3,1,0,20240813,47,2025-11-16 08:20:51
14037,31,56,2,3,1,1,20240813,14,2025-11-16 08:20:51
14038,32,28,15,3,1,2,20240813,9,2025-11-16 08:20:51
14039,32,28,1,3,1,3,20240813,6,2025-11-16 08:20:51
14040,32,28,15,3,1,4,20240813,11,2025-11-16 08:20:51
14041,32,28,15,3,1,5,20240813,36,2025-11-16 08:20:51
14042,33,63,2,3,1,6,20240813,159,2025-11-16 08:20:51
14043,31,56,8,3,1,7,20240813,436,2025-11-16 08:20:51
14044,38,34,2,3,2,8,20240813,673,2025-11-16 08:20:51
14045,36,50,1,3,2,9,20240813,305,2025-11-16 08:20:51
14046,37,23,1,3,2,10,20240813,199,2025-11-16 08:20:51
14047,37,23,2,3,1,11,20240813,245,2025-11-16 08:20:51
14048,39,23,6,3,1,12,20240813,276,2025-11-16 08:20:51
14049,39,23,9,3,1,13,20240813,254,2025-11-16 08:20:51
14050,41,40,15,3,1,14,20240813,248,2025-11-16 08:20:51
14051,40,47,7,3,1,15,20240813,274,2025-11-16 08:20:51
14052,41,43,2,3,1,16,20240813,464,2025-11-16 08:20:51
14053,41,43,9,3,1,17,20240813,818,2025-11-16 08:20:51
14054,37,36,4,3,1,18,20240813,812,2025-11-16 08:20:51
14055,36,53,9,3,1,19,20240813,555,2025-11-16 08:20:51
14056,36,52,7,3,1,20,20240813,432,2025-11-16 08:20:51
14057,38,14,6,3,1,21,20240813,290,2025-11-16 08:20:51
14058,38,52,10,3,1,22,20240813,192,2025-11-16 08:20:51
14059,35,57,7,3,1,23,20240813,128,2025-11-16 08:20:51
14060,35,33,7,3,1,0,20240814,60,2025-11-16 08:20:51
14061,34,87,3,3,1,1,20240814,27,2025-11-16 08:20:51
14062,34,83,6,3,2,2,20240814,11,2025-11-16 08:20:51
14063,34,83,6,3,2,3,20240814,3,2025-11-16 08:20:51
14064,34,83,6,3,2,4,20240814,5,2025-11-16 08:20:51
14065,34,86,6,3,2,5,20240814,36,2025-11-16 08:20:51
14066,32,83,6,3,3,6,20240814,64,2025-11-16 08:20:51
14067,31,83,2,3,2,7,20240814,179,2025-11-16 08:20:51
14068,31,86,2,3,2,8,20240814,618,2025-11-16 08:20:51
14069,35,33,1,3,2,9,20240814,402,2025-11-16 08:20:51
14070,35,87,15,3,1,10,20240814,208,2025-11-16 08:20:51
14071,36,52,1,3,1,11,20240814,196,2025-11-16 08:20:51
14072,39,37,8,3,1,12,20240814,300,2025-11-16 08:20:51
14073,41,16,2,3,1,13,20240814,286,2025-11-16 08:20:51
14074,40,49,7,3,1,14,20240814,255,2025-11-16 08:20:51
14075,40,16,7,3,1,15,20240814,283,2025-11-16 08:20:51
14076,40,22,7,3,1,16,20240814,458,2025-11-16 08:20:51
14077,37,14,3,3,3,17,20240814,812,2025-11-16 08:20:51
14078,37,52,4,3,1,18,20240814,854,2025-11-16 08:20:51
14079,37,14,6,3,1,19,20240814,627,2025-11-16 08:20:51
14080,36,33,7,3,1,20,20240814,436,2025-11-16 08:20:51
14081,36,52,7,3,1,21,20240814,308,2025-11-16 08:20:51
14082,38,14,2,3,1,22,20240814,189,2025-11-16 08:20:51
14083,38,14,9,3,1,23,20240814,167,2025-11-16 08:20:51
14084,35,54,6,3,1,0,20240815,60,2025-11-16 08:20:51
14085,35,54,1,3,1,1,20240815,37,2025-11-16 08:20:51
14086,34,56,1,3,1,2,20240815,8,2025-11-16 08:20:51
14087,31,33,15,3,1,3,20240815,11,2025-11-16 08:20:51
14088,32,83,15,3,1,4,20240815,4,2025-11-16 08:20:51
14089,32,84,15,3,1,5,20240815,39,2025-11-16 08:20:51
14090,32,84,15,3,1,6,20240815,172,2025-11-16 08:20:51
14091,31,28,6,3,2,7,20240815,492,2025-11-16 08:20:51
14092,35,56,4,3,2,8,20240815,682,2025-11-16 08:20:51
14093,38,52,6,3,2,9,20240815,367,2025-11-16 08:20:51
14094,38,52,6,3,2,10,20240815,233,2025-11-16 08:20:51
14095,36,53,6,3,2,11,20240815,235,2025-11-16 08:20:51
14096,36,29,7,3,1,12,20240815,307,2025-11-16 08:20:51
14097,39,37,6,3,2,13,20240815,294,2025-11-16 08:20:51
14098,37,36,5,3,2,14,20240815,255,2025-11-16 08:20:51
14099,37,36,3,3,1,15,20240815,266,2025-11-16 08:20:51
14100,37,38,6,3,1,16,20240815,431,2025-11-16 08:20:51
14101,36,29,4,3,1,17,20240815,851,2025-11-16 08:20:51
14102,36,34,7,3,1,18,20240815,848,2025-11-16 08:20:51
14103,35,54,8,3,1,19,20240815,649,2025-11-16 08:20:51
14104,35,54,8,3,1,20,20240815,427,2025-11-16 08:20:51
14105,35,54,6,3,1,21,20240815,315,2025-11-16 08:20:51
14106,35,54,9,3,1,22,20240815,226,2025-11-16 08:20:51
14107,34,56,15,3,1,23,20240815,138,2025-11-16 08:20:51
14108,31,28,1,3,1,0,20240816,76,2025-11-16 08:20:51
14109,32,63,1,3,1,1,20240816,21,2025-11-16 08:20:51
14110,32,28,6,3,1,2,20240816,15,2025-11-16 08:20:51
14111,33,63,3,3,1,3,20240816,4,2025-11-16 08:20:51
14112,33,63,7,3,1,4,20240816,5,2025-11-16 08:20:51
14113,27,84,9,3,1,5,20240816,37,2025-11-16 08:20:51
14114,27,84,9,3,1,6,20240816,165,2025-11-16 08:20:51
14115,32,28,7,3,1,7,20240816,464,2025-11-16 08:20:51
14116,34,54,6,3,1,8,20240816,682,2025-11-16 08:20:51
14117,38,48,15,3,1,9,20240816,337,2025-11-16 08:20:51
14118,36,38,8,3,1,10,20240816,199,2025-11-16 08:20:51
14119,37,39,2,3,1,11,20240816,274,2025-11-16 08:20:51
14120,41,40,15,3,1,12,20240816,343,2025-11-16 08:20:51
14121,41,62,7,3,1,13,20240816,300,2025-11-16 08:20:51
14122,40,26,1,3,1,14,20240816,248,2025-11-16 08:20:51
14123,41,40,3,3,1,15,20240816,260,2025-11-16 08:20:51
14124,40,26,7,3,1,16,20240816,419,2025-11-16 08:20:51
14125,40,47,6,3,1,17,20240816,897,2025-11-16 08:20:51
14126,41,43,1,3,1,18,20240816,832,2025-11-16 08:20:51
14127,37,23,15,3,1,19,20240816,677,2025-11-16 08:20:51
14128,37,23,2,3,1,20,20240816,514,2025-11-16 08:20:51
14129,36,38,6,3,1,21,20240816,356,2025-11-16 08:20:51
14130,38,34,9,3,1,22,20240816,254,2025-11-16 08:20:51
14131,35,48,15,3,1,23,20240816,226,2025-11-16 08:20:51
14132,34,15,9,3,1,0,20240817,88,2025-11-16 08:20:51
14133,31,56,15,3,1,1,20240817,54,2025-11-16 08:20:51
14134,31,54,8,3,1,2,20240817,19,2025-11-16 08:20:51
14135,32,56,15,3,1,3,20240817,6,2025-11-16 08:20:51
14136,32,63,9,3,1,4,20240817,9,2025-11-16 08:20:51
14137,32,63,15,3,1,5,20240817,36,2025-11-16 08:20:51
14138,33,84,8,3,1,6,20240817,157,2025-11-16 08:20:51
14139,32,63,15,3,1,7,20240817,379,2025-11-16 08:20:51
14140,34,56,8,3,1,8,20240817,668,2025-11-16 08:20:51
14141,35,53,15,3,1,9,20240817,378,2025-11-16 08:20:51
14142,36,29,9,3,1,10,20240817,231,2025-11-16 08:20:51
14143,37,36,4,3,1,11,20240817,303,2025-11-16 08:20:51
14144,40,49,7,3,1,12,20240817,365,2025-11-16 08:20:51
14145,45,43,14,3,1,13,20240817,357,2025-11-16 08:20:51
14146,42,47,13,3,1,14,20240817,328,2025-11-16 08:20:51
14147,42,25,18,3,1,15,20240817,383,2025-11-16 08:20:51
14148,45,26,11,3,2,16,20240817,488,2025-11-16 08:20:51
14149,40,43,10,3,1,17,20240817,791,2025-11-16 08:20:51
14150,40,42,3,3,2,18,20240817,669,2025-11-16 08:20:51
14151,36,29,14,3,2,19,20240817,491,2025-11-16 08:20:51
14152,38,53,7,3,2,20,20240817,359,2025-11-16 08:20:51
14153,34,28,5,3,2,21,20240817,255,2025-11-16 08:20:51
14154,31,83,6,3,3,22,20240817,213,2025-11-16 08:20:51
14155,32,83,7,3,3,23,20240817,121,2025-11-16 08:20:51
14156,32,83,7,3,2,0,20240818,105,2025-11-16 08:20:51
14157,33,11,9,3,3,1,20240818,92,2025-11-16 08:20:51
14158,33,9,9,3,3,2,20240818,43,2025-11-16 08:20:51
14159,33,9,6,3,1,3,20240818,30,2025-11-16 08:20:51
14160,33,63,7,3,1,4,20240818,13,2025-11-16 08:20:51
14161,27,84,3,3,1,5,20240818,9,2025-11-16 08:20:51
14162,27,83,7,3,1,6,20240818,27,2025-11-16 08:20:51
14163,27,83,7,3,1,7,20240818,64,2025-11-16 08:20:51
14164,32,28,3,3,1,8,20240818,189,2025-11-16 08:20:51
14165,31,56,4,3,1,9,20240818,292,2025-11-16 08:20:51
14166,35,48,9,3,1,10,20240818,480,2025-11-16 08:20:51
14167,38,34,1,3,1,11,20240818,536,2025-11-16 08:20:51
14168,37,39,6,3,1,12,20240818,654,2025-11-16 08:20:51
14169,36,23,6,3,1,13,20240818,644,2025-11-16 08:20:51
14170,37,39,4,3,1,14,20240818,598,2025-11-16 08:20:51
14171,37,39,7,3,1,15,20240818,596,2025-11-16 08:20:51
14172,37,39,3,3,1,16,20240818,641,2025-11-16 08:20:51
14173,37,39,7,3,1,17,20240818,635,2025-11-16 08:20:51
14174,36,39,9,3,1,18,20240818,554,2025-11-16 08:20:51
14175,35,50,9,3,1,19,20240818,488,2025-11-16 08:20:51
14176,35,50,15,3,1,20,20240818,341,2025-11-16 08:20:51
14177,31,54,1,3,1,21,20240818,338,2025-11-16 08:20:51
14178,31,54,1,3,1,22,20240818,261,2025-11-16 08:20:51
14179,32,56,2,3,1,23,20240818,235,2025-11-16 08:20:51
14180,31,15,2,3,1,0,20240819,187,2025-11-16 08:20:51
14181,32,56,1,3,1,1,20240819,131,2025-11-16 08:20:51
14182,33,28,2,3,2,2,20240819,119,2025-11-16 08:20:51
14183,33,54,9,3,2,3,20240819,55,2025-11-16 08:20:51
14184,33,56,9,3,2,4,20240819,26,2025-11-16 08:20:51
14185,27,63,8,3,2,5,20240819,11,2025-11-16 08:20:51
14186,33,28,15,3,2,6,20240819,20,2025-11-16 08:20:51
14187,33,28,8,3,2,7,20240819,41,2025-11-16 08:20:51
14188,32,28,15,3,2,8,20240819,124,2025-11-16 08:20:51
14189,31,33,1,3,2,9,20240819,270,2025-11-16 08:20:51
14190,34,28,1,3,2,10,20240819,425,2025-11-16 08:20:51
14191,32,84,9,3,3,11,20240819,272,2025-11-16 08:20:51
14192,32,63,1,3,3,12,20240819,298,2025-11-16 08:20:51
14193,32,83,8,3,3,13,20240819,162,2025-11-16 08:20:51
14194,32,63,1,3,3,14,20240819,149,2025-11-16 08:20:51
14195,32,56,1,3,2,15,20240819,276,2025-11-16 08:20:51
14196,31,56,1,3,2,16,20240819,356,2025-11-16 08:20:51
14197,32,84,15,3,2,17,20240819,343,2025-11-16 08:20:51
14198,32,84,15,3,2,18,20240819,377,2025-11-16 08:20:51
14199,32,63,8,3,2,19,20240819,341,2025-11-16 08:20:51
14200,32,63,6,3,2,20,20240819,274,2025-11-16 08:20:51
14201,33,84,2,3,3,21,20240819,190,2025-11-16 08:20:51
14202,33,84,9,3,2,22,20240819,56,2025-11-16 08:20:51
14203,33,63,1,3,2,23,20240819,46,2025-11-16 08:20:51
14204,27,83,15,3,2,0,20240820,26,2025-11-16 08:20:51
14205,27,83,9,3,1,1,20240820,10,2025-11-16 08:20:51
14206,27,83,9,3,1,2,20240820,5,2025-11-16 08:20:51
14207,27,9,15,3,1,3,20240820,3,2025-11-16 08:20:51
14208,27,83,2,3,2,4,20240820,7,2025-11-16 08:20:51
14209,27,83,1,3,2,5,20240820,37,2025-11-16 08:20:51
14210,27,84,8,3,2,6,20240820,161,2025-11-16 08:20:51
14211,33,84,8,3,2,7,20240820,442,2025-11-16 08:20:51
14212,33,63,15,3,2,8,20240820,655,2025-11-16 08:20:51
14213,32,28,1,3,2,9,20240820,357,2025-11-16 08:20:51
14214,32,28,2,3,2,10,20240820,193,2025-11-16 08:20:51
14215,31,56,15,3,1,11,20240820,241,2025-11-16 08:20:51
14216,31,54,15,3,2,12,20240820,282,2025-11-16 08:20:51
14217,35,53,8,3,1,13,20240820,291,2025-11-16 08:20:51
14218,38,48,9,3,1,14,20240820,275,2025-11-16 08:20:51
14219,38,48,3,3,1,15,20240820,309,2025-11-16 08:20:51
14220,38,48,3,3,1,16,20240820,460,2025-11-16 08:20:51
14221,35,53,4,3,1,17,20240820,893,2025-11-16 08:20:51
14222,33,84,3,3,2,18,20240820,815,2025-11-16 08:20:51
14223,33,84,6,3,2,19,20240820,299,2025-11-16 08:20:51
14224,33,83,4,3,2,20,20240820,261,2025-11-16 08:20:51
14225,27,83,1,3,1,21,20240820,245,2025-11-16 08:20:51
14226,27,83,1,3,2,22,20240820,161,2025-11-16 08:20:51
14227,27,83,1,3,2,23,20240820,102,2025-11-16 08:20:51
14228,27,83,2,3,2,0,20240821,59,2025-11-16 08:20:51
14229,27,83,8,3,2,1,20240821,33,2025-11-16 08:20:51
14230,26,9,4,3,2,2,20240821,8,2025-11-16 08:20:51
14231,25,9,1,3,1,3,20240821,3,2025-11-16 08:20:51
14232,25,9,1,3,1,4,20240821,4,2025-11-16 08:20:51
14233,25,83,2,3,1,5,20240821,34,2025-11-16 08:20:51
14234,25,83,15,3,1,6,20240821,169,2025-11-16 08:20:51
14235,27,84,15,3,1,7,20240821,519,2025-11-16 08:20:51
14236,27,84,8,3,1,8,20240821,723,2025-11-16 08:20:51
14237,32,28,1,3,1,9,20240821,328,2025-11-16 08:20:51
14238,31,54,15,3,1,10,20240821,178,2025-11-16 08:20:51
14239,35,48,1,3,1,11,20240821,256,2025-11-16 08:20:51
14240,38,50,1,3,1,12,20240821,305,2025-11-16 08:20:51
14241,36,23,1,3,1,13,20240821,331,2025-11-16 08:20:51
14242,37,39,2,3,1,14,20240821,302,2025-11-16 08:20:51
14243,37,39,1,3,1,15,20240821,302,2025-11-16 08:20:51
14244,37,39,1,3,1,16,20240821,467,2025-11-16 08:20:51
14245,36,34,4,3,1,17,20240821,878,2025-11-16 08:20:51
14246,38,48,7,3,1,18,20240821,625,2025-11-16 08:20:51
14247,33,63,15,3,3,19,20240821,476,2025-11-16 08:20:51
14248,32,63,1,3,1,20,20240821,358,2025-11-16 08:20:51
14249,32,63,1,3,1,21,20240821,280,2025-11-16 08:20:51
14250,32,84,1,3,1,22,20240821,232,2025-11-16 08:20:51
14251,33,83,1,3,1,23,20240821,136,2025-11-16 08:20:51
14252,33,83,15,3,1,0,20240822,55,2025-11-16 08:20:51
14253,33,84,1,3,1,1,20240822,21,2025-11-16 08:20:51
14254,33,84,1,3,1,2,20240822,17,2025-11-16 08:20:51
14255,33,84,1,3,1,3,20240822,7,2025-11-16 08:20:51
14256,26,83,15,3,1,4,20240822,8,2025-11-16 08:20:51
14257,27,84,1,3,1,5,20240822,40,2025-11-16 08:20:51
14258,33,63,1,3,1,6,20240822,187,2025-11-16 08:20:51
14259,33,84,1,3,1,7,20240822,553,2025-11-16 08:20:51
14260,32,63,2,3,1,8,20240822,740,2025-11-16 08:20:51
14261,34,56,1,3,1,9,20240822,376,2025-11-16 08:20:51
14262,35,54,2,3,1,10,20240822,225,2025-11-16 08:20:51
14263,38,53,2,3,1,11,20240822,267,2025-11-16 08:20:51
14264,36,34,1,3,1,12,20240822,312,2025-11-16 08:20:51
14265,37,38,15,3,1,13,20240822,316,2025-11-16 08:20:51
14266,37,50,15,3,1,14,20240822,266,2025-11-16 08:20:51
14267,37,38,8,3,1,15,20240822,316,2025-11-16 08:20:51
14268,36,29,7,3,3,16,20240822,460,2025-11-16 08:20:51
14269,36,29,7,3,3,17,20240822,783,2025-11-16 08:20:51
14270,31,54,7,3,3,18,20240822,683,2025-11-16 08:20:51
14271,31,33,1,3,2,19,20240822,580,2025-11-16 08:20:51
14272,32,63,6,3,1,20,20240822,391,2025-11-16 08:20:51
14273,32,63,1,3,1,21,20240822,351,2025-11-16 08:20:51
14274,32,63,1,3,1,22,20240822,281,2025-11-16 08:20:51
14275,32,83,1,3,1,23,20240822,140,2025-11-16 08:20:51
14276,32,84,1,3,1,0,20240823,60,2025-11-16 08:20:51
14277,33,83,1,3,1,1,20240823,25,2025-11-16 08:20:51
14278,33,83,1,3,1,2,20240823,20,2025-11-16 08:20:51
14279,33,83,2,3,1,3,20240823,9,2025-11-16 08:20:51
14280,33,83,1,3,1,4,20240823,6,2025-11-16 08:20:51
14281,33,83,1,3,1,5,20240823,37,2025-11-16 08:20:51
14282,27,9,2,3,2,6,20240823,192,2025-11-16 08:20:51
14283,33,83,2,3,2,7,20240823,481,2025-11-16 08:20:51
14284,31,33,2,3,2,8,20240823,707,2025-11-16 08:20:51
14285,35,57,1,3,2,9,20240823,412,2025-11-16 08:20:51
14286,36,53,2,3,1,10,20240823,233,2025-11-16 08:20:51
14287,37,38,2,3,1,11,20240823,278,2025-11-16 08:20:51
14288,39,42,1,3,1,12,20240823,332,2025-11-16 08:20:51
14289,40,42,2,3,1,13,20240823,346,2025-11-16 08:20:51
14290,39,16,7,3,1,14,20240823,305,2025-11-16 08:20:51
14291,39,16,8,3,1,15,20240823,305,2025-11-16 08:20:51
14292,37,38,9,3,1,16,20240823,465,2025-11-16 08:20:51
14293,37,50,7,3,1,17,20240823,820,2025-11-16 08:20:51
14294,36,38,7,3,1,18,20240823,941,2025-11-16 08:20:51
14295,38,34,2,3,1,19,20240823,633,2025-11-16 08:20:51
14296,35,54,15,3,1,20,20240823,474,2025-11-16 08:20:51
14297,35,54,8,3,1,21,20240823,329,2025-11-16 08:20:51
14298,34,54,15,3,2,22,20240823,198,2025-11-16 08:20:51
14299,31,28,1,3,2,23,20240823,157,2025-11-16 08:20:51
14300,31,28,1,3,2,0,20240824,111,2025-11-16 08:20:51
14301,32,63,1,3,2,1,20240824,42,2025-11-16 08:20:51
14302,31,28,1,3,1,2,20240824,16,2025-11-16 08:20:51
14303,32,63,1,3,1,3,20240824,8,2025-11-16 08:20:51
14304,32,63,1,3,2,4,20240824,8,2025-11-16 08:20:51
14305,32,84,1,3,1,5,20240824,38,2025-11-16 08:20:51
14306,33,83,1,3,2,6,20240824,151,2025-11-16 08:20:51
14307,32,84,1,3,2,7,20240824,425,2025-11-16 08:20:51
14308,31,33,1,3,2,8,20240824,744,2025-11-16 08:20:51
14309,38,53,1,3,2,9,20240824,389,2025-11-16 08:20:51
14310,37,38,1,3,2,10,20240824,262,2025-11-16 08:20:51
14311,37,38,15,3,2,11,20240824,281,2025-11-16 08:20:51
14312,37,50,2,3,2,12,20240824,371,2025-11-16 08:20:51
14313,41,49,15,3,2,13,20240824,351,2025-11-16 08:20:51
14314,39,22,15,3,1,14,20240824,338,2025-11-16 08:20:51
14315,37,38,8,3,2,15,20240824,350,2025-11-16 08:20:51
14316,37,38,8,3,2,16,20240824,515,2025-11-16 08:20:51
14317,36,34,7,3,2,17,20240824,812,2025-11-16 08:20:51
14318,38,52,6,3,2,18,20240824,736,2025-11-16 08:20:51
14319,38,53,9,3,2,19,20240824,536,2025-11-16 08:20:51
14320,35,56,7,3,2,20,20240824,363,2025-11-16 08:20:51
14321,35,54,9,3,2,21,20240824,306,2025-11-16 08:20:51
14322,35,54,1,3,2,22,20240824,251,2025-11-16 08:20:51
14323,34,28,2,3,2,23,20240824,178,2025-11-16 08:20:51
14324,35,54,1,3,2,0,20240825,135,2025-11-16 08:20:51
14325,34,28,1,3,2,1,20240825,115,2025-11-16 08:20:51
14326,31,33,2,3,2,2,20240825,79,2025-11-16 08:20:51
14327,31,28,2,3,1,3,20240825,38,2025-11-16 08:20:51
14328,31,28,15,3,2,4,20240825,12,2025-11-16 08:20:51
14329,32,63,9,3,2,5,20240825,14,2025-11-16 08:20:51
14330,32,84,9,3,2,6,20240825,30,2025-11-16 08:20:51
14331,32,84,6,3,2,7,20240825,102,2025-11-16 08:20:51
14332,31,33,3,3,2,8,20240825,162,2025-11-16 08:20:51
14333,34,28,4,3,2,9,20240825,288,2025-11-16 08:20:51
14334,35,56,5,3,2,10,20240825,442,2025-11-16 08:20:51
14335,38,52,4,3,2,11,20240825,457,2025-11-16 08:20:51
14336,38,48,14,3,3,12,20240825,584,2025-11-16 08:20:51
14337,38,34,12,3,2,13,20240825,517,2025-11-16 08:20:51
14338,31,56,3,3,3,14,20240825,482,2025-11-16 08:20:51
14339,32,63,10,3,2,15,20240825,233,2025-11-16 08:20:51
14340,31,33,5,3,2,16,20240825,434,2025-11-16 08:20:51
14341,31,33,10,3,2,17,20240825,403,2025-11-16 08:20:51
14342,31,28,18,3,2,18,20240825,383,2025-11-16 08:20:51
14343,32,84,5,3,2,19,20240825,354,2025-11-16 08:20:51
14344,33,83,3,3,3,20,20240825,241,2025-11-16 08:20:51
14345,33,83,12,3,1,21,20240825,208,2025-11-16 08:20:51
14346,33,83,12,3,1,22,20240825,182,2025-11-16 08:20:51
14347,33,83,3,3,2,23,20240825,158,2025-11-16 08:20:51
14348,32,86,3,3,1,0,20240826,134,2025-11-16 08:20:51
14349,32,86,6,3,1,1,20240826,134,2025-11-16 08:20:51
14350,32,86,7,3,2,2,20240826,116,2025-11-16 08:20:51
14351,32,86,3,3,2,3,20240826,53,2025-11-16 08:20:51
14352,32,86,6,3,2,4,20240826,16,2025-11-16 08:20:51
14353,32,86,6,3,1,5,20240826,16,2025-11-16 08:20:51
14354,33,9,5,3,1,6,20240826,21,2025-11-16 08:20:51
14355,32,86,6,3,1,7,20240826,34,2025-11-16 08:20:51
14356,34,87,4,3,1,8,20240826,133,2025-11-16 08:20:51
14357,34,87,3,3,1,9,20240826,263,2025-11-16 08:20:51
14358,36,14,14,3,1,10,20240826,385,2025-11-16 08:20:51
14359,36,14,12,3,1,11,20240826,482,2025-11-16 08:20:51
14360,38,33,12,3,3,12,20240826,626,2025-11-16 08:20:51
14361,31,84,13,3,3,13,20240826,541,2025-11-16 08:20:51
14362,32,86,15,3,1,14,20240826,377,2025-11-16 08:20:51
14363,32,86,4,3,3,15,20240826,391,2025-11-16 08:20:51
14364,32,86,4,3,3,16,20240826,173,2025-11-16 08:20:51
14365,32,86,7,3,1,17,20240826,233,2025-11-16 08:20:51
14366,32,86,2,3,2,18,20240826,264,2025-11-16 08:20:51
14367,32,86,9,3,2,19,20240826,292,2025-11-16 08:20:51
14368,32,86,9,3,1,20,20240826,211,2025-11-16 08:20:51
14369,32,83,8,3,1,21,20240826,166,2025-11-16 08:20:51
14370,33,9,2,3,1,22,20240826,114,2025-11-16 08:20:51
14371,33,83,2,3,1,23,20240826,80,2025-11-16 08:20:51
14372,33,83,1,3,1,0,20240827,32,2025-11-16 08:20:51
14373,33,9,2,3,1,1,20240827,7,2025-11-16 08:20:51
14374,33,9,8,3,1,2,20240827,8,2025-11-16 08:20:51
14375,33,9,2,3,1,3,20240827,4,2025-11-16 08:20:51
14376,33,83,1,3,1,4,20240827,12,2025-11-16 08:20:51
14377,33,9,1,3,1,5,20240827,36,2025-11-16 08:20:51
14378,33,9,1,3,1,6,20240827,145,2025-11-16 08:20:51
14379,31,83,1,3,1,7,20240827,433,2025-11-16 08:20:51
14380,31,83,2,3,1,8,20240827,699,2025-11-16 08:20:51
14381,31,83,15,3,1,9,20240827,342,2025-11-16 08:20:51
14382,38,33,8,3,1,10,20240827,206,2025-11-16 08:20:51
14383,36,14,6,3,1,11,20240827,229,2025-11-16 08:20:51
14384,37,52,1,3,1,12,20240827,283,2025-11-16 08:20:51
14385,37,15,9,3,1,13,20240827,288,2025-11-16 08:20:51
14386,41,37,2,3,1,14,20240827,246,2025-11-16 08:20:51
14387,41,29,5,3,1,15,20240827,282,2025-11-16 08:20:51
14388,41,29,3,3,1,16,20240827,444,2025-11-16 08:20:51
14389,41,16,7,3,1,17,20240827,845,2025-11-16 08:20:51
14390,39,36,3,3,1,18,20240827,834,2025-11-16 08:20:51
14391,36,57,7,3,1,19,20240827,573,2025-11-16 08:20:51
14392,36,57,6,3,1,20,20240827,416,2025-11-16 08:20:51
14393,38,33,6,3,1,21,20240827,278,2025-11-16 08:20:51
14394,35,85,6,3,1,22,20240827,161,2025-11-16 08:20:51
14395,35,85,9,3,1,23,20240827,114,2025-11-16 08:20:51
14396,35,85,3,3,1,0,20240828,38,2025-11-16 08:20:51
14397,34,86,6,3,1,1,20240828,21,2025-11-16 08:20:51
14398,34,83,3,3,1,2,20240828,15,2025-11-16 08:20:51
14399,31,86,8,3,1,3,20240828,4,2025-11-16 08:20:51
14400,31,83,8,3,1,4,20240828,8,2025-11-16 08:20:51
14401,31,83,2,3,2,5,20240828,42,2025-11-16 08:20:51
14402,31,86,15,3,2,6,20240828,147,2025-11-16 08:20:51
14403,31,83,15,3,2,7,20240828,269,2025-11-16 08:20:51
14404,31,80,15,3,2,8,20240828,693,2025-11-16 08:20:51
14405,35,87,9,3,2,9,20240828,395,2025-11-16 08:20:51
14406,36,52,3,3,1,10,20240828,204,2025-11-16 08:20:51
14407,39,29,3,3,1,11,20240828,218,2025-11-16 08:20:51
14408,41,37,4,3,1,12,20240828,297,2025-11-16 08:20:51
14409,40,22,5,3,1,13,20240828,288,2025-11-16 08:20:51
14410,45,42,10,3,1,14,20240828,251,2025-11-16 08:20:51
14411,40,47,5,3,1,15,20240828,317,2025-11-16 08:20:51
14412,40,40,10,3,1,16,20240828,480,2025-11-16 08:20:51
14413,41,24,14,3,1,17,20240828,864,2025-11-16 08:20:51
14414,39,23,3,3,1,18,20240828,818,2025-11-16 08:20:51
14415,36,50,9,3,1,19,20240828,597,2025-11-16 08:20:51
14416,38,38,15,3,1,20,20240828,435,2025-11-16 08:20:51
14417,38,38,2,3,1,21,20240828,314,2025-11-16 08:20:51
14418,35,48,1,3,1,22,20240828,216,2025-11-16 08:20:51
14419,34,15,1,3,1,23,20240828,109,2025-11-16 08:20:51
14420,31,28,1,3,1,0,20240829,47,2025-11-16 08:20:51
14421,32,28,8,3,1,1,20240829,14,2025-11-16 08:20:51
14422,33,63,8,3,1,2,20240829,6,2025-11-16 08:20:51
14423,33,63,15,3,1,3,20240829,9,2025-11-16 08:20:51
14424,27,63,7,3,1,4,20240829,10,2025-11-16 08:20:51
14425,27,63,6,3,1,5,20240829,40,2025-11-16 08:20:51
14426,27,63,6,3,1,6,20240829,181,2025-11-16 08:20:51
14427,32,56,2,3,1,7,20240829,554,2025-11-16 08:20:51
14428,31,54,9,3,1,8,20240829,808,2025-11-16 08:20:51
14429,35,34,6,3,1,9,20240829,348,2025-11-16 08:20:51
14430,38,38,9,3,1,10,20240829,178,2025-11-16 08:20:51
14431,38,50,1,3,1,11,20240829,253,2025-11-16 08:20:51
14432,37,23,1,3,1,12,20240829,360,2025-11-16 08:20:51
14433,36,17,1,3,1,13,20240829,300,2025-11-16 08:20:51
14434,37,23,2,3,1,14,20240829,301,2025-11-16 08:20:51
14435,37,23,6,3,1,15,20240829,338,2025-11-16 08:20:51
14436,37,39,8,3,1,16,20240829,493,2025-11-16 08:20:51
14437,39,24,7,3,1,17,20240829,870,2025-11-16 08:20:51
14438,36,17,9,3,1,18,20240829,812,2025-11-16 08:20:51
14439,35,48,6,3,1,19,20240829,643,2025-11-16 08:20:51
14440,34,15,1,3,1,20,20240829,427,2025-11-16 08:20:51
14441,31,48,15,3,1,21,20240829,313,2025-11-16 08:20:51
14442,31,48,1,3,1,22,20240829,235,2025-11-16 08:20:51
14443,31,15,1,3,1,23,20240829,157,2025-11-16 08:20:51
14444,32,28,1,3,1,0,20240830,65,2025-11-16 08:20:51
14445,32,56,1,3,1,1,20240830,23,2025-11-16 08:20:51
14446,33,63,1,3,1,2,20240830,17,2025-11-16 08:20:51
14447,33,63,1,3,1,3,20240830,5,2025-11-16 08:20:51
14448,33,63,1,3,1,4,20240830,8,2025-11-16 08:20:51
14449,33,63,1,3,1,5,20240830,35,2025-11-16 08:20:51
14450,27,83,9,3,1,6,20240830,163,2025-11-16 08:20:51
14451,32,63,1,3,1,7,20240830,532,2025-11-16 08:20:51
14452,31,56,1,3,1,8,20240830,754,2025-11-16 08:20:51
14453,35,53,1,3,1,9,20240830,396,2025-11-16 08:20:51
14454,38,48,1,3,1,10,20240830,234,2025-11-16 08:20:51
14455,37,23,2,3,1,11,20240830,276,2025-11-16 08:20:51
14456,37,50,8,3,1,12,20240830,294,2025-11-16 08:20:51
14457,37,38,15,3,1,13,20240830,290,2025-11-16 08:20:51
14458,37,38,8,3,1,14,20240830,273,2025-11-16 08:20:51
14459,41,16,9,3,1,15,20240830,338,2025-11-16 08:20:51
14460,41,22,9,3,1,16,20240830,482,2025-11-16 08:20:51
14461,40,47,7,3,1,17,20240830,844,2025-11-16 08:20:51
14462,41,42,8,3,1,18,20240830,853,2025-11-16 08:20:51
14463,37,38,8,3,1,19,20240830,610,2025-11-16 08:20:51
14464,36,53,9,3,1,20,20240830,471,2025-11-16 08:20:51
14465,38,14,8,3,1,21,20240830,307,2025-11-16 08:20:51
14466,35,57,1,3,1,22,20240830,291,2025-11-16 08:20:51
14467,35,33,15,3,1,23,20240830,152,2025-11-16 08:20:51
14468,34,83,9,3,1,0,20240831,82,2025-11-16 08:20:51
14469,34,83,9,3,1,1,20240831,32,2025-11-16 08:20:51
14470,31,86,8,3,1,2,20240831,20,2025-11-16 08:20:51
14471,31,86,15,3,1,3,20240831,5,2025-11-16 08:20:51
14472,32,86,8,3,1,4,20240831,7,2025-11-16 08:20:51
14473,32,86,9,3,1,5,20240831,29,2025-11-16 08:20:51
14474,32,86,9,3,2,6,20240831,108,2025-11-16 08:20:51
14475,32,86,2,3,2,7,20240831,421,2025-11-16 08:20:51
14476,35,33,1,3,2,8,20240831,690,2025-11-16 08:20:51
14477,36,57,1,3,1,9,20240831,398,2025-11-16 08:20:51
14478,37,52,2,3,1,10,20240831,256,2025-11-16 08:20:51
14479,42,41,5,3,1,11,20240831,309,2025-11-16 08:20:51
14480,42,61,3,3,1,12,20240831,410,2025-11-16 08:20:51
14481,43,58,10,3,1,13,20240831,368,2025-11-16 08:20:51
14482,44,60,7,3,1,14,20240831,436,2025-11-16 08:20:51
14483,44,58,5,3,1,15,20240831,526,2025-11-16 08:20:51
14484,44,58,3,3,1,16,20240831,528,2025-11-16 08:20:51
14485,43,26,9,3,1,17,20240831,617,2025-11-16 08:20:51
14486,42,43,3,3,1,18,20240831,546,2025-11-16 08:20:51
14487,41,37,8,3,1,19,20240831,452,2025-11-16 08:20:51
14488,41,37,8,3,1,20,20240831,356,2025-11-16 08:20:51
14489,37,53,6,3,1,21,20240831,303,2025-11-16 08:20:51
14490,37,53,6,3,1,22,20240831,277,2025-11-16 08:20:51
14491,36,52,15,3,1,23,20240831,174,2025-11-16 08:20:51
14492,36,52,15,3,1,0,20240901,168,2025-11-16 08:20:51
14493,38,33,8,3,1,1,20240901,79,2025-11-16 08:20:51
14494,35,57,9,3,1,2,20240901,69,2025-11-16 08:20:51
14495,35,57,15,3,1,3,20240901,35,2025-11-16 08:20:51
14496,35,57,1,3,1,4,20240901,12,2025-11-16 08:20:51
14497,34,87,1,3,1,5,20240901,22,2025-11-16 08:20:51
14498,34,87,1,3,1,6,20240901,36,2025-11-16 08:20:51
14499,36,53,8,3,2,7,20240901,66,2025-11-16 08:20:51
14500,37,53,3,3,2,8,20240901,162,2025-11-16 08:20:51
14501,37,53,6,3,2,9,20240901,237,2025-11-16 08:20:51
14502,39,29,6,3,2,10,20240901,417,2025-11-16 08:20:51
14503,41,29,7,3,2,11,20240901,492,2025-11-16 08:20:51
14504,41,29,9,3,2,12,20240901,471,2025-11-16 08:20:51
14505,40,36,2,3,2,13,20240901,504,2025-11-16 08:20:51
14506,42,19,9,3,2,14,20240901,514,2025-11-16 08:20:51
14507,42,19,4,3,2,15,20240901,563,2025-11-16 08:20:51
14508,45,37,9,3,2,16,20240901,462,2025-11-16 08:20:51
14509,40,36,1,3,2,17,20240901,463,2025-11-16 08:20:51
14510,40,36,1,3,2,18,20240901,442,2025-11-16 08:20:51
14511,39,52,1,3,3,19,20240901,392,2025-11-16 08:20:51
14512,37,69,3,3,3,20,20240901,207,2025-11-16 08:20:51
14513,32,86,1,3,3,21,20240901,104,2025-11-16 08:20:51
14514,31,86,1,3,2,22,20240901,78,2025-11-16 08:20:51
14515,31,86,2,3,1,23,20240901,145,2025-11-16 08:20:51
14516,31,86,2,3,2,0,20240902,99,2025-11-16 08:20:51
14517,31,86,1,3,1,1,20240902,73,2025-11-16 08:20:51
14518,31,86,1,3,1,2,20240902,84,2025-11-16 08:20:51
14519,31,86,2,3,1,3,20240902,42,2025-11-16 08:20:51
14520,31,86,1,3,1,4,20240902,22,2025-11-16 08:20:51
14521,31,86,1,3,1,5,20240902,12,2025-11-16 08:20:51
14522,31,86,1,3,2,6,20240902,15,2025-11-16 08:20:51
14523,31,11,2,3,1,7,20240902,42,2025-11-16 08:20:51
14524,34,86,2,3,1,8,20240902,129,2025-11-16 08:20:51
14525,35,85,1,3,2,9,20240902,232,2025-11-16 08:20:51
14526,38,87,1,3,2,10,20240902,388,2025-11-16 08:20:51
14527,36,57,1,3,2,11,20240902,489,2025-11-16 08:20:51
14528,36,57,1,3,3,12,20240902,545,2025-11-16 08:20:51
14529,38,33,2,3,3,13,20240902,493,2025-11-16 08:20:51
14530,38,87,2,3,3,14,20240902,457,2025-11-16 08:20:51
14531,36,33,8,3,3,15,20240902,355,2025-11-16 08:20:51
14532,36,57,1,3,1,16,20240902,474,2025-11-16 08:20:51
14533,37,14,2,3,1,17,20240902,503,2025-11-16 08:20:51
14534,36,33,1,3,1,18,20240902,500,2025-11-16 08:20:51
14535,35,85,7,3,2,19,20240902,292,2025-11-16 08:20:51
14536,35,85,9,3,2,20,20240902,104,2025-11-16 08:20:51
14537,35,57,9,3,1,21,20240902,171,2025-11-16 08:20:51
14538,34,83,8,3,3,22,20240902,166,2025-11-16 08:20:51
14539,31,86,2,3,3,23,20240902,123,2025-11-16 08:20:51
14540,31,11,1,3,2,0,20240903,104,2025-11-16 08:20:51
14541,34,86,9,3,2,1,20240903,55,2025-11-16 08:20:51
14542,31,86,15,3,1,2,20240903,40,2025-11-16 08:20:51
14543,31,86,8,3,1,3,20240903,28,2025-11-16 08:20:51
14544,31,86,2,3,1,4,20240903,11,2025-11-16 08:20:51
14545,31,86,1,3,1,5,20240903,4,2025-11-16 08:20:51
14546,31,11,1,3,1,6,20240903,15,2025-11-16 08:20:51
14547,34,80,1,3,1,7,20240903,43,2025-11-16 08:20:51
14548,35,85,15,3,2,8,20240903,127,2025-11-16 08:20:51
14549,35,85,8,3,2,9,20240903,229,2025-11-16 08:20:51
14550,36,33,7,3,2,10,20240903,359,2025-11-16 08:20:51
14551,36,57,4,3,2,11,20240903,459,2025-11-16 08:20:51
14552,37,52,5,3,2,12,20240903,543,2025-11-16 08:20:51
14553,37,14,3,3,2,13,20240903,566,2025-11-16 08:20:51
14554,36,57,5,3,1,14,20240903,512,2025-11-16 08:20:51
14555,36,57,7,3,1,15,20240903,449,2025-11-16 08:20:51
14556,36,57,7,3,1,16,20240903,500,2025-11-16 08:20:51
14557,36,57,8,3,1,17,20240903,498,2025-11-16 08:20:51
14558,36,14,9,3,1,18,20240903,482,2025-11-16 08:20:51
14559,38,33,6,3,1,19,20240903,374,2025-11-16 08:20:51
14560,38,5,15,3,1,20,20240903,261,2025-11-16 08:20:51
14561,38,5,15,3,1,21,20240903,184,2025-11-16 08:20:51
14562,35,85,8,3,2,22,20240903,121,2025-11-16 08:20:51
14563,35,85,3,3,2,23,20240903,70,2025-11-16 08:20:51
14564,35,85,3,3,2,0,20240904,29,2025-11-16 08:20:51
14565,34,8,8,3,1,1,20240904,24,2025-11-16 08:20:51
14566,34,8,8,3,1,2,20240904,5,2025-11-16 08:20:51
14567,31,86,2,3,2,3,20240904,10,2025-11-16 08:20:51
14568,31,86,1,3,2,4,20240904,8,2025-11-16 08:20:51
14569,31,86,1,3,2,5,20240904,38,2025-11-16 08:20:51
14570,34,86,15,3,2,6,20240904,172,2025-11-16 08:20:51
14571,34,86,15,3,2,7,20240904,493,2025-11-16 08:20:51
14572,35,85,9,3,1,8,20240904,632,2025-11-16 08:20:51
14573,38,87,7,3,2,9,20240904,323,2025-11-16 08:20:51
14574,38,33,3,3,2,10,20240904,172,2025-11-16 08:20:51
14575,36,57,4,3,2,11,20240904,198,2025-11-16 08:20:51
14576,37,57,4,3,1,12,20240904,287,2025-11-16 08:20:51
14577,41,29,11,3,1,13,20240904,275,2025-11-16 08:20:51
14578,41,29,13,3,1,14,20240904,274,2025-11-16 08:20:51
14579,41,30,18,3,1,15,20240904,292,2025-11-16 08:20:51
14580,37,57,13,3,1,16,20240904,458,2025-11-16 08:20:51
14581,37,57,12,3,1,17,20240904,856,2025-11-16 08:20:51
14582,37,3,7,3,1,18,20240904,839,2025-11-16 08:20:51
14583,37,57,7,3,1,19,20240904,552,2025-11-16 08:20:51
14584,36,57,3,3,1,20,20240904,385,2025-11-16 08:20:51
14585,36,33,3,3,1,21,20240904,268,2025-11-16 08:20:51
14586,36,57,4,3,1,22,20240904,179,2025-11-16 08:20:51
14587,38,33,5,3,1,23,20240904,95,2025-11-16 08:20:51
14588,38,33,3,3,1,0,20240905,37,2025-11-16 08:20:51
14589,35,85,6,3,1,1,20240905,13,2025-11-16 08:20:51
14590,35,85,6,3,1,2,20240905,9,2025-11-16 08:20:51
14591,35,87,4,3,1,3,20240905,4,2025-11-16 08:20:51
14592,35,87,4,3,1,4,20240905,5,2025-11-16 08:20:51
14593,35,87,5,3,2,5,20240905,40,2025-11-16 08:20:51
14594,35,87,4,3,1,6,20240905,210,2025-11-16 08:20:51
14595,35,87,3,3,2,7,20240905,500,2025-11-16 08:20:51
14596,38,33,6,3,1,8,20240905,725,2025-11-16 08:20:51
14597,36,57,3,3,1,9,20240905,290,2025-11-16 08:20:51
14598,37,57,9,3,2,10,20240905,235,2025-11-16 08:20:51
14599,39,52,9,3,2,11,20240905,217,2025-11-16 08:20:51
14600,39,57,15,3,1,12,20240905,266,2025-11-16 08:20:51
14601,41,31,9,3,1,13,20240905,234,2025-11-16 08:20:51
14602,40,35,15,3,1,14,20240905,211,2025-11-16 08:20:51
14603,39,57,6,3,1,15,20240905,245,2025-11-16 08:20:51
14604,37,57,3,3,1,16,20240905,430,2025-11-16 08:20:51
14605,37,14,3,3,1,17,20240905,863,2025-11-16 08:20:51
14606,37,3,6,3,1,18,20240905,839,2025-11-16 08:20:51
14607,36,57,9,3,1,19,20240905,662,2025-11-16 08:20:51
14608,38,85,9,3,1,20,20240905,412,2025-11-16 08:20:51
14609,38,87,1,3,1,21,20240905,296,2025-11-16 08:20:51
14610,38,87,1,3,1,22,20240905,219,2025-11-16 08:20:51
14611,35,85,2,3,1,23,20240905,150,2025-11-16 08:20:51
14612,35,85,2,3,2,0,20240906,65,2025-11-16 08:20:51
14613,35,85,1,3,2,1,20240906,18,2025-11-16 08:20:51
14614,38,87,1,3,1,2,20240906,8,2025-11-16 08:20:51
14615,35,85,15,3,1,3,20240906,9,2025-11-16 08:20:51
14616,35,85,2,3,2,4,20240906,8,2025-11-16 08:20:51
14617,35,85,6,3,2,5,20240906,38,2025-11-16 08:20:51
14618,35,85,2,3,2,6,20240906,200,2025-11-16 08:20:51
14619,35,85,15,3,2,7,20240906,482,2025-11-16 08:20:51
14620,35,87,1,3,3,8,20240906,646,2025-11-16 08:20:51
14621,31,11,8,3,3,9,20240906,123,2025-11-16 08:20:51
14622,31,11,8,3,3,10,20240906,49,2025-11-16 08:20:51
14623,35,85,9,3,3,11,20240906,62,2025-11-16 08:20:51
14624,38,87,7,3,2,12,20240906,137,2025-11-16 08:20:51
14625,38,87,15,3,2,13,20240906,191,2025-11-16 08:20:51
14626,36,33,2,3,1,14,20240906,216,2025-11-16 08:20:51
14627,36,14,6,3,1,15,20240906,270,2025-11-16 08:20:51
14628,36,57,7,3,1,16,20240906,416,2025-11-16 08:20:51
14629,36,57,3,3,1,17,20240906,808,2025-11-16 08:20:51
14630,38,57,3,3,1,18,20240906,835,2025-11-16 08:20:51
14631,34,33,3,3,1,19,20240906,558,2025-11-16 08:20:51
14632,31,84,7,3,1,20,20240906,406,2025-11-16 08:20:51
14633,32,86,9,3,1,21,20240906,272,2025-11-16 08:20:51
14634,32,86,9,3,1,22,20240906,217,2025-11-16 08:20:51
14635,32,86,9,3,1,23,20240906,169,2025-11-16 08:20:51
14636,32,86,8,3,1,0,20240907,96,2025-11-16 08:20:51
14637,33,9,15,3,1,1,20240907,29,2025-11-16 08:20:51
14638,33,83,2,3,1,2,20240907,11,2025-11-16 08:20:51
14639,33,83,2,3,1,3,20240907,9,2025-11-16 08:20:51
14640,33,9,1,3,1,4,20240907,8,2025-11-16 08:20:51
14641,33,9,1,3,1,5,20240907,40,2025-11-16 08:20:51
14642,33,9,15,3,1,6,20240907,140,2025-11-16 08:20:51
14643,32,86,15,3,1,7,20240907,486,2025-11-16 08:20:51
14644,31,83,15,3,1,8,20240907,719,2025-11-16 08:20:51
14645,35,87,8,3,1,9,20240907,344,2025-11-16 08:20:51
14646,38,33,8,3,1,10,20240907,224,2025-11-16 08:20:51
14647,37,52,8,3,1,11,20240907,296,2025-11-16 08:20:51
14648,39,30,9,3,1,12,20240907,323,2025-11-16 08:20:51
14649,41,30,3,3,1,13,20240907,354,2025-11-16 08:20:51
14650,41,30,3,3,1,14,20240907,253,2025-11-16 08:20:51
14651,41,29,3,3,1,15,20240907,331,2025-11-16 08:20:51
14652,41,29,4,3,1,16,20240907,470,2025-11-16 08:20:51
14653,39,30,10,3,1,17,20240907,772,2025-11-16 08:20:51
14654,37,52,5,3,1,18,20240907,792,2025-11-16 08:20:51
14655,36,52,4,3,1,19,20240907,568,2025-11-16 08:20:51
14656,38,14,7,3,1,20,20240907,391,2025-11-16 08:20:51
14657,35,33,9,3,1,21,20240907,301,2025-11-16 08:20:51
14658,35,33,7,3,1,22,20240907,299,2025-11-16 08:20:51
14659,31,86,3,3,1,23,20240907,248,2025-11-16 08:20:51
14660,31,86,3,3,1,0,20240908,150,2025-11-16 08:20:51
14661,31,86,4,3,2,1,20240908,117,2025-11-16 08:20:51
14662,31,86,10,3,1,2,20240908,77,2025-11-16 08:20:51
14663,31,86,7,3,2,3,20240908,43,2025-11-16 08:20:51
14664,31,11,7,3,2,4,20240908,11,2025-11-16 08:20:51
14665,31,11,3,3,2,5,20240908,15,2025-11-16 08:20:51
14666,31,86,4,3,2,6,20240908,34,2025-11-16 08:20:51
14667,31,86,4,3,1,7,20240908,82,2025-11-16 08:20:51
14668,35,87,10,3,1,8,20240908,230,2025-11-16 08:20:51
14669,35,33,14,3,1,9,20240908,348,2025-11-16 08:20:51
14670,36,57,14,3,1,10,20240908,422,2025-11-16 08:20:51
14671,37,52,11,3,1,11,20240908,578,2025-11-16 08:20:51
14672,41,29,16,3,1,12,20240908,694,2025-11-16 08:20:51
14673,40,36,19,3,1,13,20240908,668,2025-11-16 08:20:51
14674,40,36,11,3,1,14,20240908,626,2025-11-16 08:20:51
14675,25,9,3,3,3,15,20240908,512,2025-11-16 08:20:51
14676,25,9,6,3,3,16,20240908,114,2025-11-16 08:20:51
14677,26,83,6,3,3,17,20240908,171,2025-11-16 08:20:51
14678,26,83,8,3,3,18,20240908,167,2025-11-16 08:20:51
14679,26,9,15,3,3,19,20240908,215,2025-11-16 08:20:51
14680,26,9,2,3,2,20,20240908,194,2025-11-16 08:20:51
14681,27,83,9,3,2,21,20240908,181,2025-11-16 08:20:51
14682,26,84,5,3,2,22,20240908,194,2025-11-16 08:20:51
14683,26,63,9,3,2,23,20240908,133,2025-11-16 08:20:51
14684,25,63,6,3,2,0,20240909,124,2025-11-16 08:20:51
14685,25,63,7,3,1,1,20240909,124,2025-11-16 08:20:51
14686,29,6,4,3,1,2,20240909,96,2025-11-16 08:20:51
14687,29,63,7,3,1,3,20240909,46,2025-11-16 08:20:51
14688,24,6,3,3,1,4,20240909,28,2025-11-16 08:20:51
14689,24,6,6,3,1,5,20240909,55,2025-11-16 08:20:51
14690,24,6,6,3,1,6,20240909,35,2025-11-16 08:20:51
14691,29,63,9,3,1,7,20240909,70,2025-11-16 08:20:51
14692,26,32,7,3,1,8,20240909,170,2025-11-16 08:20:51
14693,33,54,3,3,1,9,20240909,299,2025-11-16 08:20:51
14694,32,15,5,3,1,10,20240909,495,2025-11-16 08:20:51
14695,31,20,3,3,1,11,20240909,585,2025-11-16 08:20:51
14696,31,20,1,3,1,12,20240909,757,2025-11-16 08:20:51
14697,34,18,1,3,1,13,20240909,729,2025-11-16 08:20:51
14698,38,25,4,3,1,14,20240909,647,2025-11-16 08:20:51
14699,38,26,3,3,1,15,20240909,696,2025-11-16 08:20:51
14700,34,43,4,3,1,16,20240909,701,2025-11-16 08:20:51
14701,35,39,3,3,1,17,20240909,671,2025-11-16 08:20:51
14702,31,43,3,3,1,18,20240909,560,2025-11-16 08:20:51
14703,31,43,3,3,1,19,20240909,496,2025-11-16 08:20:51
14704,33,49,4,3,1,20,20240909,356,2025-11-16 08:20:51
14705,27,16,7,3,1,21,20240909,206,2025-11-16 08:20:51
14706,26,37,3,3,1,22,20240909,189,2025-11-16 08:20:51
14707,25,36,4,3,1,23,20240909,92,2025-11-16 08:20:51
14708,25,36,4,3,1,0,20240910,41,2025-11-16 08:20:51
14709,29,55,6,3,1,1,20240910,18,2025-11-16 08:20:51
14710,29,55,12,3,1,2,20240910,17,2025-11-16 08:20:51
14711,24,32,4,3,1,3,20240910,12,2025-11-16 08:20:51
14712,24,32,4,3,1,4,20240910,5,2025-11-16 08:20:51
14713,30,7,3,3,1,5,20240910,40,2025-11-16 08:20:51
14714,30,7,8,3,1,6,20240910,180,2025-11-16 08:20:51
14715,24,32,7,3,1,7,20240910,447,2025-11-16 08:20:51
14716,25,55,4,3,1,8,20240910,730,2025-11-16 08:20:51
14717,27,46,5,3,1,9,20240910,361,2025-11-16 08:20:51
14718,33,21,4,3,1,10,20240910,210,2025-11-16 08:20:51
14719,33,22,5,3,1,11,20240910,236,2025-11-16 08:20:51
14720,32,19,14,3,1,12,20240910,332,2025-11-16 08:20:51
14721,32,42,7,3,1,13,20240910,323,2025-11-16 08:20:51
14722,31,43,4,3,1,14,20240910,340,2025-11-16 08:20:51
14723,31,62,14,3,1,15,20240910,346,2025-11-16 08:20:51
14724,31,47,10,3,1,16,20240910,488,2025-11-16 08:20:51
14725,31,47,10,3,1,17,20240910,871,2025-11-16 08:20:51
14726,33,24,5,3,1,18,20240910,968,2025-11-16 08:20:51
14727,33,42,5,3,1,19,20240910,633,2025-11-16 08:20:51
14728,27,23,6,3,1,20,20240910,390,2025-11-16 08:20:51
14729,25,37,9,3,1,21,20240910,285,2025-11-16 08:20:51
14730,29,36,8,3,1,22,20240910,159,2025-11-16 08:20:51
14731,29,36,1,3,1,23,20240910,93,2025-11-16 08:20:51
14732,24,30,15,3,1,0,20240911,32,2025-11-16 08:20:51
14733,30,31,1,3,1,1,20240911,10,2025-11-16 08:20:51
14734,28,6,9,3,1,2,20240911,6,2025-11-16 08:20:51
14735,28,69,8,3,1,3,20240911,8,2025-11-16 08:20:51
14736,28,7,15,3,1,4,20240911,9,2025-11-16 08:20:51
14737,8,7,2,3,1,5,20240911,44,2025-11-16 08:20:51
14738,8,6,15,3,1,6,20240911,211,2025-11-16 08:20:51
14739,30,7,15,3,1,7,20240911,596,2025-11-16 08:20:51
14740,29,32,2,3,1,8,20240911,750,2025-11-16 08:20:51
14741,27,37,1,3,1,9,20240911,358,2025-11-16 08:20:51
14742,33,42,1,3,1,10,20240911,196,2025-11-16 08:20:51
14743,32,40,2,3,1,11,20240911,247,2025-11-16 08:20:51
14744,32,40,1,3,1,12,20240911,316,2025-11-16 08:20:51
14745,31,45,2,3,1,13,20240911,328,2025-11-16 08:20:51
14746,34,25,2,3,1,14,20240911,255,2025-11-16 08:20:51
14747,35,41,15,3,1,15,20240911,326,2025-11-16 08:20:51
14748,35,41,8,3,1,16,20240911,536,2025-11-16 08:20:51
14749,35,41,1,3,1,17,20240911,970,2025-11-16 08:20:51
14750,32,43,9,3,1,18,20240911,877,2025-11-16 08:20:51
14751,33,49,6,3,1,19,20240911,596,2025-11-16 08:20:51
14752,26,35,8,3,1,20,20240911,461,2025-11-16 08:20:51
14753,25,55,15,3,1,21,20240911,310,2025-11-16 08:20:51
14754,25,27,15,3,1,22,20240911,216,2025-11-16 08:20:51
14755,29,32,15,3,1,23,20240911,109,2025-11-16 08:20:51
14756,24,7,15,3,1,0,20240912,49,2025-11-16 08:20:51
14757,24,7,15,3,1,1,20240912,21,2025-11-16 08:20:51
14758,24,7,2,3,1,2,20240912,11,2025-11-16 08:20:51
14759,30,6,2,3,1,3,20240912,7,2025-11-16 08:20:51
14760,30,7,2,3,1,4,20240912,5,2025-11-16 08:20:51
14761,30,7,2,3,1,5,20240912,48,2025-11-16 08:20:51
14762,30,7,2,3,1,6,20240912,205,2025-11-16 08:20:51
14763,24,7,1,3,1,7,20240912,557,2025-11-16 08:20:51
14764,25,27,15,3,1,8,20240912,770,2025-11-16 08:20:51
14765,27,27,8,3,1,9,20240912,328,2025-11-16 08:20:51
14766,33,54,8,3,1,10,20240912,205,2025-11-16 08:20:51
14767,31,21,6,3,1,11,20240912,232,2025-11-16 08:20:51
14768,34,43,8,3,1,12,20240912,352,2025-11-16 08:20:51
14769,35,47,8,3,1,13,20240912,323,2025-11-16 08:20:51
14770,35,39,9,3,1,14,20240912,278,2025-11-16 08:20:51
14771,38,39,8,3,1,15,20240912,318,2025-11-16 08:20:51
14772,38,39,9,3,1,16,20240912,509,2025-11-16 08:20:51
14773,35,49,5,3,1,17,20240912,925,2025-11-16 08:20:51
14774,31,19,3,3,1,18,20240912,977,2025-11-16 08:20:51
14775,32,21,6,3,1,19,20240912,635,2025-11-16 08:20:51
14776,33,15,8,3,1,20,20240912,470,2025-11-16 08:20:51
14777,27,55,8,3,1,21,20240912,306,2025-11-16 08:20:51
14778,25,27,2,3,1,22,20240912,212,2025-11-16 08:20:51
14779,25,32,15,3,1,23,20240912,127,2025-11-16 08:20:51
14780,25,63,2,3,1,0,20240913,57,2025-11-16 08:20:51
14781,29,6,2,3,1,1,20240913,28,2025-11-16 08:20:51
14782,29,6,1,3,1,2,20240913,9,2025-11-16 08:20:51
14783,24,83,1,3,1,3,20240913,11,2025-11-16 08:20:51
14784,24,83,1,3,1,4,20240913,6,2025-11-16 08:20:51
14785,24,83,1,3,1,5,20240913,57,2025-11-16 08:20:51
14786,30,8,1,3,1,6,20240913,195,2025-11-16 08:20:51
14787,29,6,1,3,1,7,20240913,571,2025-11-16 08:20:51
14788,25,63,1,3,1,8,20240913,758,2025-11-16 08:20:51
14789,27,27,2,3,1,9,20240913,338,2025-11-16 08:20:51
14790,32,54,2,3,1,10,20240913,212,2025-11-16 08:20:51
14791,31,21,9,3,1,11,20240913,254,2025-11-16 08:20:51
14792,34,19,15,3,1,12,20240913,297,2025-11-16 08:20:51
14793,35,17,1,3,1,13,20240913,283,2025-11-16 08:20:51
14794,38,18,8,3,1,14,20240913,274,2025-11-16 08:20:51
14795,38,17,15,3,1,15,20240913,352,2025-11-16 08:20:51
14796,38,18,2,3,1,16,20240913,491,2025-11-16 08:20:51
14797,38,17,6,3,1,17,20240913,884,2025-11-16 08:20:51
14798,34,15,3,3,1,18,20240913,852,2025-11-16 08:20:51
14799,32,56,8,3,1,19,20240913,674,2025-11-16 08:20:51
14800,33,28,15,3,1,20,20240913,463,2025-11-16 08:20:51
14801,33,56,15,3,1,21,20240913,317,2025-11-16 08:20:51
14802,27,28,8,3,1,22,20240913,251,2025-11-16 08:20:51
14803,26,63,15,3,1,23,20240913,170,2025-11-16 08:20:51
14804,25,63,2,3,1,0,20240914,87,2025-11-16 08:20:51
14805,25,63,2,3,1,1,20240914,41,2025-11-16 08:20:51
14806,25,63,1,3,1,2,20240914,30,2025-11-16 08:20:51
14807,29,6,1,3,1,3,20240914,14,2025-11-16 08:20:51
14808,29,6,1,3,1,4,20240914,12,2025-11-16 08:20:51
14809,29,83,1,3,1,5,20240914,41,2025-11-16 08:20:51
14810,29,9,1,3,1,6,20240914,152,2025-11-16 08:20:51
14811,25,9,1,3,2,7,20240914,454,2025-11-16 08:20:51
14812,27,84,9,3,2,8,20240914,766,2025-11-16 08:20:51
14813,33,84,9,3,2,9,20240914,347,2025-11-16 08:20:51
14814,34,56,1,3,2,10,20240914,246,2025-11-16 08:20:51
14815,34,54,15,3,2,11,20240914,280,2025-11-16 08:20:51
14816,35,48,6,3,2,12,20240914,409,2025-11-16 08:20:51
14817,35,48,6,3,2,13,20240914,408,2025-11-16 08:20:51
14818,38,50,9,3,2,14,20240914,371,2025-11-16 08:20:51
14819,38,38,8,3,2,15,20240914,367,2025-11-16 08:20:51
14820,38,34,1,3,2,16,20240914,563,2025-11-16 08:20:51
14821,38,34,6,3,1,17,20240914,894,2025-11-16 08:20:51
14822,38,50,7,3,1,18,20240914,808,2025-11-16 08:20:51
14823,34,15,9,3,1,19,20240914,579,2025-11-16 08:20:51
14824,31,54,15,3,1,20,20240914,404,2025-11-16 08:20:51
14825,32,63,7,3,1,21,20240914,312,2025-11-16 08:20:51
14826,33,83,6,3,1,22,20240914,229,2025-11-16 08:20:51
14827,33,84,2,3,1,23,20240914,195,2025-11-16 08:20:51
14828,27,83,15,3,1,0,20240915,207,2025-11-16 08:20:51
14829,27,63,1,3,1,1,20240915,109,2025-11-16 08:20:51
14830,26,84,15,3,1,2,20240915,93,2025-11-16 08:20:51
14831,27,63,3,3,1,3,20240915,37,2025-11-16 08:20:51
14832,27,28,12,3,2,4,20240915,6,2025-11-16 08:20:51
14833,26,55,19,3,1,5,20240915,16,2025-11-16 08:20:51
14834,29,37,13,3,1,6,20240915,33,2025-11-16 08:20:51
14835,29,36,4,3,1,7,20240915,73,2025-11-16 08:20:51
14836,25,37,13,3,1,8,20240915,212,2025-11-16 08:20:51
14837,27,22,13,3,1,9,20240915,342,2025-11-16 08:20:51
14838,33,49,14,3,1,10,20240915,442,2025-11-16 08:20:51
14839,32,42,14,3,1,11,20240915,627,2025-11-16 08:20:51
14840,31,43,12,3,1,12,20240915,706,2025-11-16 08:20:51
14841,34,43,6,3,1,13,20240915,704,2025-11-16 08:20:51
14842,34,47,10,3,1,14,20240915,715,2025-11-16 08:20:51
14843,34,47,4,3,2,15,20240915,654,2025-11-16 08:20:51
14844,31,43,7,3,2,16,20240915,783,2025-11-16 08:20:51
14845,31,43,3,3,2,17,20240915,729,2025-11-16 08:20:51
14846,32,43,4,3,2,18,20240915,614,2025-11-16 08:20:51
14847,33,49,9,3,1,19,20240915,478,2025-11-16 08:20:51
14848,27,22,2,3,1,20,20240915,330,2025-11-16 08:20:51
14849,25,36,15,3,1,21,20240915,296,2025-11-16 08:20:51
14850,25,36,1,3,1,22,20240915,279,2025-11-16 08:20:51
14851,29,55,1,3,1,23,20240915,229,2025-11-16 08:20:51
14852,29,27,1,3,1,0,20240916,151,2025-11-16 08:20:51
14853,29,27,1,3,1,1,20240916,117,2025-11-16 08:20:51
14854,24,31,1,3,1,2,20240916,89,2025-11-16 08:20:51
14855,30,32,1,3,1,3,20240916,48,2025-11-16 08:20:51
14856,30,7,1,3,1,4,20240916,8,2025-11-16 08:20:51
14857,30,7,1,3,1,5,20240916,13,2025-11-16 08:20:51
14858,30,7,1,3,1,6,20240916,35,2025-11-16 08:20:51
14859,30,6,15,3,1,7,20240916,71,2025-11-16 08:20:51
14860,29,27,9,3,1,8,20240916,128,2025-11-16 08:20:51
14861,26,55,8,3,1,9,20240916,296,2025-11-16 08:20:51
14862,33,21,15,3,1,10,20240916,490,2025-11-16 08:20:51
14863,32,20,9,3,1,11,20240916,559,2025-11-16 08:20:51
14864,31,19,9,3,1,12,20240916,656,2025-11-16 08:20:51
14865,32,49,9,3,1,13,20240916,694,2025-11-16 08:20:51
14866,31,18,8,3,1,14,20240916,635,2025-11-16 08:20:51
14867,32,49,9,3,1,15,20240916,557,2025-11-16 08:20:51
14868,32,19,9,3,1,16,20240916,596,2025-11-16 08:20:51
14869,31,49,1,3,1,17,20240916,570,2025-11-16 08:20:51
14870,33,21,9,3,1,18,20240916,481,2025-11-16 08:20:51
14871,33,21,8,3,1,19,20240916,403,2025-11-16 08:20:51
14872,27,46,15,3,1,20,20240916,324,2025-11-16 08:20:51
14873,27,35,15,3,1,21,20240916,191,2025-11-16 08:20:51
14874,25,32,2,3,1,22,20240916,127,2025-11-16 08:20:51
14875,29,32,15,3,1,23,20240916,94,2025-11-16 08:20:51
14876,29,32,9,3,1,0,20240917,45,2025-11-16 08:20:51
14877,24,7,2,3,1,1,20240917,21,2025-11-16 08:20:51
14878,24,7,1,3,1,2,20240917,13,2025-11-16 08:20:51
14879,30,6,2,3,1,3,20240917,7,2025-11-16 08:20:51
14880,30,6,1,3,1,4,20240917,11,2025-11-16 08:20:51
14881,28,8,2,3,1,5,20240917,45,2025-11-16 08:20:51
14882,28,8,1,3,1,6,20240917,164,2025-11-16 08:20:51
14883,24,6,1,3,1,7,20240917,492,2025-11-16 08:20:51
14884,29,6,2,3,1,8,20240917,683,2025-11-16 08:20:51
14885,26,32,8,3,1,9,20240917,299,2025-11-16 08:20:51
14886,33,56,6,3,2,10,20240917,202,2025-11-16 08:20:51
14887,33,28,7,3,2,11,20240917,252,2025-11-16 08:20:51
14888,33,28,6,3,2,12,20240917,295,2025-11-16 08:20:51
14889,32,56,3,3,1,13,20240917,343,2025-11-16 08:20:51
14890,32,56,3,3,2,14,20240917,332,2025-11-16 08:20:51
14891,32,56,3,3,2,15,20240917,338,2025-11-16 08:20:51
14892,32,28,3,3,2,16,20240917,453,2025-11-16 08:20:51
14893,32,56,7,3,2,17,20240917,842,2025-11-16 08:20:51
14894,33,63,9,3,2,18,20240917,774,2025-11-16 08:20:51
14895,33,63,15,3,2,19,20240917,486,2025-11-16 08:20:51
14896,33,63,8,3,2,20,20240917,340,2025-11-16 08:20:51
14897,33,83,7,3,3,21,20240917,233,2025-11-16 08:20:51
14898,33,83,3,3,3,22,20240917,129,2025-11-16 08:20:51
14899,27,11,3,3,3,23,20240917,70,2025-11-16 08:20:51
14900,27,11,3,3,3,0,20240918,13,2025-11-16 08:20:51
14901,27,11,6,3,3,1,20240918,5,2025-11-16 08:20:51
14902,27,11,6,3,3,2,20240918,4,2025-11-16 08:20:51
14903,33,11,4,3,2,3,20240918,6,2025-11-16 08:20:51
14904,33,11,12,3,2,4,20240918,7,2025-11-16 08:20:51
14905,32,86,10,3,2,5,20240918,48,2025-11-16 08:20:51
14906,32,86,10,3,2,6,20240918,167,2025-11-16 08:20:51
14907,32,86,11,3,2,7,20240918,356,2025-11-16 08:20:51
14908,31,83,17,3,2,8,20240918,672,2025-11-16 08:20:51
14909,31,83,20,3,2,9,20240918,293,2025-11-16 08:20:51
14910,34,87,26,3,3,10,20240918,160,2025-11-16 08:20:51
14911,34,87,26,3,2,11,20240918,151,2025-11-16 08:20:51
14912,34,83,11,3,3,12,20240918,88,2025-11-16 08:20:51
14913,35,33,20,3,2,13,20240918,114,2025-11-16 08:20:51
14914,27,11,18,3,3,14,20240918,143,2025-11-16 08:20:51
14915,27,9,3,3,3,15,20240918,36,2025-11-16 08:20:51
14916,27,9,5,3,3,16,20240918,141,2025-11-16 08:20:51
14917,27,9,6,3,3,17,20240918,338,2025-11-16 08:20:51
14918,27,9,9,3,2,18,20240918,281,2025-11-16 08:20:51
14919,27,9,5,3,2,19,20240918,324,2025-11-16 08:20:51
14920,27,9,6,3,2,20,20240918,290,2025-11-16 08:20:51
14921,27,9,6,3,2,21,20240918,207,2025-11-16 08:20:51
14922,26,83,18,3,3,22,20240918,151,2025-11-16 08:20:51
14923,25,83,7,3,2,23,20240918,78,2025-11-16 08:20:51
14924,25,32,4,3,2,0,20240919,26,2025-11-16 08:20:51
14925,29,32,3,3,2,1,20240919,12,2025-11-16 08:20:51
14926,29,27,10,3,2,2,20240919,3,2025-11-16 08:20:51
14927,24,31,3,3,2,3,20240919,5,2025-11-16 08:20:51
14928,24,32,12,3,2,4,20240919,10,2025-11-16 08:20:51
14929,24,32,4,3,2,5,20240919,56,2025-11-16 08:20:51
14930,24,31,3,3,1,6,20240919,172,2025-11-16 08:20:51
14931,24,31,7,3,1,7,20240919,545,2025-11-16 08:20:51
14932,24,30,7,3,1,8,20240919,797,2025-11-16 08:20:51
14933,29,55,3,3,1,9,20240919,362,2025-11-16 08:20:51
14934,25,36,6,3,1,10,20240919,192,2025-11-16 08:20:51
14935,27,22,3,3,1,11,20240919,247,2025-11-16 08:20:51
14936,27,22,3,3,1,12,20240919,313,2025-11-16 08:20:51
14937,27,23,3,3,1,13,20240919,289,2025-11-16 08:20:51
14938,33,42,3,3,1,14,20240919,286,2025-11-16 08:20:51
14939,33,24,1,3,1,15,20240919,311,2025-11-16 08:20:51
14940,33,24,1,3,1,16,20240919,466,2025-11-16 08:20:51
14941,27,42,7,3,1,17,20240919,886,2025-11-16 08:20:51
14942,26,23,4,3,1,18,20240919,892,2025-11-16 08:20:51
14943,25,22,7,3,1,19,20240919,611,2025-11-16 08:20:51
14944,24,38,9,3,1,20,20240919,409,2025-11-16 08:20:51
14945,30,30,9,3,1,21,20240919,349,2025-11-16 08:20:51
14946,30,31,2,3,1,22,20240919,229,2025-11-16 08:20:51
14947,28,69,2,3,1,23,20240919,123,2025-11-16 08:20:51
14948,30,31,1,3,1,0,20240920,58,2025-11-16 08:20:51
14949,8,7,15,3,1,1,20240920,18,2025-11-16 08:20:51
14950,8,7,2,3,1,2,20240920,11,2025-11-16 08:20:51
14951,9,6,1,3,1,3,20240920,6,2025-11-16 08:20:51
14952,9,6,15,3,1,4,20240920,6,2025-11-16 08:20:51
14953,9,6,15,3,1,5,20240920,56,2025-11-16 08:20:51
14954,9,6,1,3,1,6,20240920,170,2025-11-16 08:20:51
14955,8,8,15,3,1,7,20240920,534,2025-11-16 08:20:51
14956,30,32,2,3,1,8,20240920,790,2025-11-16 08:20:51
14957,25,55,2,3,1,9,20240920,355,2025-11-16 08:20:51
14958,26,46,2,3,1,10,20240920,190,2025-11-16 08:20:51
14959,33,22,1,3,1,11,20240920,243,2025-11-16 08:20:51
14960,33,22,8,3,1,12,20240920,290,2025-11-16 08:20:51
14961,32,19,8,3,1,13,20240920,336,2025-11-16 08:20:51
14962,32,20,6,3,1,14,20240920,298,2025-11-16 08:20:51
14963,31,20,6,3,1,15,20240920,291,2025-11-16 08:20:51
14964,32,20,9,3,1,16,20240920,457,2025-11-16 08:20:51
14965,32,21,7,3,1,17,20240920,976,2025-11-16 08:20:51
14966,27,35,3,3,1,18,20240920,900,2025-11-16 08:20:51
14967,26,55,7,3,1,19,20240920,603,2025-11-16 08:20:51
14968,25,27,8,3,1,20,20240920,417,2025-11-16 08:20:51
14969,25,27,6,3,1,21,20240920,274,2025-11-16 08:20:51
14970,29,63,15,3,1,22,20240920,287,2025-11-16 08:20:51
14971,29,32,15,3,1,23,20240920,154,2025-11-16 08:20:51
14972,29,32,1,3,1,0,20240921,66,2025-11-16 08:20:51
14973,24,7,1,3,1,1,20240921,49,2025-11-16 08:20:51
14974,24,7,1,3,1,2,20240921,14,2025-11-16 08:20:51
14975,30,6,2,3,1,3,20240921,12,2025-11-16 08:20:51
14976,30,6,1,3,1,4,20240921,10,2025-11-16 08:20:51
14977,30,8,1,3,1,5,20240921,49,2025-11-16 08:20:51
14978,30,6,2,3,1,6,20240921,165,2025-11-16 08:20:51
14979,24,6,1,3,1,7,20240921,503,2025-11-16 08:20:51
14980,29,63,8,3,1,8,20240921,757,2025-11-16 08:20:51
14981,26,32,8,3,1,9,20240921,383,2025-11-16 08:20:51
14982,33,54,7,3,1,10,20240921,225,2025-11-16 08:20:51
14983,31,15,7,3,1,11,20240921,321,2025-11-16 08:20:51
14984,34,15,9,3,1,12,20240921,389,2025-11-16 08:20:51
14985,35,48,9,3,1,13,20240921,421,2025-11-16 08:20:51
14986,35,48,5,3,1,14,20240921,412,2025-11-16 08:20:51
14987,35,48,7,3,1,15,20240921,423,2025-11-16 08:20:51
14988,35,48,6,3,1,16,20240921,567,2025-11-16 08:20:51
14989,34,15,4,3,1,17,20240921,846,2025-11-16 08:20:51
14990,31,54,3,3,1,18,20240921,805,2025-11-16 08:20:51
14991,32,56,3,3,1,19,20240921,588,2025-11-16 08:20:51
14992,33,28,6,3,1,20,20240921,369,2025-11-16 08:20:51
14993,27,63,3,3,1,21,20240921,312,2025-11-16 08:20:51
14994,27,63,6,3,1,22,20240921,295,2025-11-16 08:20:51
14995,27,63,10,3,1,23,20240921,186,2025-11-16 08:20:51
14996,27,63,4,3,1,0,20240922,172,2025-11-16 08:20:51
14997,26,83,5,3,1,1,20240922,124,2025-11-16 08:20:51
14998,25,9,3,3,1,2,20240922,83,2025-11-16 08:20:51
14999,25,83,4,3,1,3,20240922,45,2025-11-16 08:20:51
15000,25,83,4,3,1,4,20240922,15,2025-11-16 08:20:51
15001,25,83,10,3,1,5,20240922,17,2025-11-16 08:20:51
15002,25,83,5,3,1,6,20240922,41,2025-11-16 08:20:51
15003,26,84,3,3,1,7,20240922,77,2025-11-16 08:20:51
15004,27,63,5,3,1,8,20240922,218,2025-11-16 08:20:51
15005,32,28,3,3,1,9,20240922,377,2025-11-16 08:20:51
15006,31,56,10,3,1,10,20240922,474,2025-11-16 08:20:51
15007,35,53,4,3,1,11,20240922,626,2025-11-16 08:20:51
15008,38,48,5,3,1,12,20240922,688,2025-11-16 08:20:51
15009,36,34,12,3,1,13,20240922,707,2025-11-16 08:20:51
15010,37,38,4,3,1,14,20240922,654,2025-11-16 08:20:51
15011,36,38,14,3,1,15,20240922,750,2025-11-16 08:20:51
15012,36,34,10,3,1,16,20240922,680,2025-11-16 08:20:51
15013,36,34,10,3,1,17,20240922,646,2025-11-16 08:20:51
15014,38,48,4,3,1,18,20240922,598,2025-11-16 08:20:51
15015,35,53,6,3,1,19,20240922,407,2025-11-16 08:20:51
15016,35,48,3,3,1,20,20240922,325,2025-11-16 08:20:51
15017,32,15,3,3,1,21,20240922,261,2025-11-16 08:20:51
15018,33,15,6,3,1,22,20240922,239,2025-11-16 08:20:51
15019,33,21,6,3,1,23,20240922,171,2025-11-16 08:20:51
15020,33,42,3,4,1,0,20240923,180,2025-11-16 08:20:51
15021,29,36,12,4,1,1,20240923,142,2025-11-16 08:20:51
15022,24,38,3,4,1,2,20240923,95,2025-11-16 08:20:51
15023,28,29,5,4,1,3,20240923,54,2025-11-16 08:20:51
15024,8,29,7,4,1,4,20240923,10,2025-11-16 08:20:51
15025,8,30,3,4,1,5,20240923,6,2025-11-16 08:20:51
15026,9,52,3,4,1,6,20240923,16,2025-11-16 08:20:51
15027,8,30,7,4,1,7,20240923,57,2025-11-16 08:20:51
15028,28,29,12,4,1,8,20240923,175,2025-11-16 08:20:51
15029,30,34,10,4,1,9,20240923,276,2025-11-16 08:20:51
15030,29,50,3,4,1,10,20240923,489,2025-11-16 08:20:51
15031,25,16,3,4,1,11,20240923,570,2025-11-16 08:20:51
15032,25,22,15,4,1,12,20240923,776,2025-11-16 08:20:51
15033,27,42,9,4,1,13,20240923,702,2025-11-16 08:20:51
15034,27,42,6,4,1,14,20240923,666,2025-11-16 08:20:51
15035,27,40,7,4,1,15,20240923,640,2025-11-16 08:20:51
15036,27,40,10,4,1,16,20240923,691,2025-11-16 08:20:51
15037,25,24,5,4,1,17,20240923,723,2025-11-16 08:20:51
15038,29,39,6,4,1,18,20240923,540,2025-11-16 08:20:51
15039,24,17,9,4,1,19,20240923,413,2025-11-16 08:20:51
15040,24,17,9,4,1,20,20240923,252,2025-11-16 08:20:51
15041,24,38,15,4,2,21,20240923,196,2025-11-16 08:20:51
15042,24,38,1,4,1,22,20240923,138,2025-11-16 08:20:51
15043,30,30,15,4,2,23,20240923,100,2025-11-16 08:20:51
15044,8,31,6,4,1,0,20240924,64,2025-11-16 08:20:51
15045,8,69,8,4,1,1,20240924,18,2025-11-16 08:20:51
15046,8,31,8,4,2,2,20240924,8,2025-11-16 08:20:51
15047,8,31,9,4,1,3,20240924,5,2025-11-16 08:20:51
15048,9,69,15,4,1,4,20240924,8,2025-11-16 08:20:51
15049,8,31,1,4,1,5,20240924,37,2025-11-16 08:20:51
15050,8,30,1,4,1,6,20240924,168,2025-11-16 08:20:51
15051,8,69,8,4,1,7,20240924,530,2025-11-16 08:20:51
15052,30,29,6,4,1,8,20240924,750,2025-11-16 08:20:51
15053,24,36,6,4,1,9,20240924,328,2025-11-16 08:20:51
15054,29,37,7,4,1,10,20240924,198,2025-11-16 08:20:51
15055,25,39,6,4,1,11,20240924,238,2025-11-16 08:20:51
15056,25,24,5,4,1,12,20240924,342,2025-11-16 08:20:51
15057,27,62,5,4,1,13,20240924,328,2025-11-16 08:20:51
15058,27,41,1,4,1,14,20240924,303,2025-11-16 08:20:51
15059,27,62,1,4,1,15,20240924,300,2025-11-16 08:20:51
15060,26,25,3,4,1,16,20240924,516,2025-11-16 08:20:51
15061,26,25,1,4,1,17,20240924,898,2025-11-16 08:20:51
15062,29,39,9,4,1,18,20240924,853,2025-11-16 08:20:51
15063,24,18,8,4,1,19,20240924,590,2025-11-16 08:20:51
15064,24,36,15,4,1,20,20240924,432,2025-11-16 08:20:51
15065,30,34,8,4,1,21,20240924,256,2025-11-16 08:20:51
15066,30,34,7,4,1,22,20240924,172,2025-11-16 08:20:51
15067,8,31,8,4,1,23,20240924,94,2025-11-16 08:20:51
15068,8,69,9,4,1,0,20240925,64,2025-11-16 08:20:51
15069,9,7,8,4,1,1,20240925,13,2025-11-16 08:20:51
15070,7,6,8,4,1,2,20240925,14,2025-11-16 08:20:51
15071,7,13,2,4,1,3,20240925,5,2025-11-16 08:20:51
15072,7,13,8,4,1,4,20240925,9,2025-11-16 08:20:51
15073,7,6,2,4,1,5,20240925,47,2025-11-16 08:20:51
15074,9,6,7,4,1,6,20240925,194,2025-11-16 08:20:51
15075,9,6,6,4,1,7,20240925,556,2025-11-16 08:20:51
15076,28,69,6,4,1,8,20240925,805,2025-11-16 08:20:51
15077,29,35,3,4,1,9,20240925,409,2025-11-16 08:20:51
15078,25,36,5,4,1,10,20240925,170,2025-11-16 08:20:51
15079,27,16,5,4,1,11,20240925,218,2025-11-16 08:20:51
15080,33,22,4,4,1,12,20240925,302,2025-11-16 08:20:51
15081,32,20,3,4,1,13,20240925,305,2025-11-16 08:20:51
15082,31,18,10,4,1,14,20240925,293,2025-11-16 08:20:51
15083,31,43,10,4,1,15,20240925,303,2025-11-16 08:20:51
15084,31,18,5,4,1,16,20240925,495,2025-11-16 08:20:51
15085,31,18,4,4,1,17,20240925,967,2025-11-16 08:20:51
15086,32,49,7,4,1,18,20240925,822,2025-11-16 08:20:51
15087,33,21,3,4,1,19,20240925,539,2025-11-16 08:20:51
15088,27,35,5,4,1,20,20240925,425,2025-11-16 08:20:51
15089,27,35,5,4,1,21,20240925,297,2025-11-16 08:20:51
15090,27,35,4,4,1,22,20240925,188,2025-11-16 08:20:51
15091,27,35,10,4,1,23,20240925,98,2025-11-16 08:20:51
15092,26,27,5,4,1,0,20240926,40,2025-11-16 08:20:51
15093,26,27,10,4,1,1,20240926,29,2025-11-16 08:20:51
15094,26,27,4,4,2,2,20240926,17,2025-11-16 08:20:51
15095,26,27,4,4,2,3,20240926,10,2025-11-16 08:20:51
15096,25,63,3,4,1,4,20240926,14,2025-11-16 08:20:51
15097,25,63,7,4,1,5,20240926,36,2025-11-16 08:20:51
15098,29,63,6,4,1,6,20240926,182,2025-11-16 08:20:51
15099,29,6,8,4,1,7,20240926,532,2025-11-16 08:20:51
15100,25,63,5,4,1,8,20240926,838,2025-11-16 08:20:51
15101,27,27,6,4,1,9,20240926,334,2025-11-16 08:20:51
15102,27,63,4,4,1,10,20240926,185,2025-11-16 08:20:51
15103,32,54,3,4,1,11,20240926,227,2025-11-16 08:20:51
15104,34,54,7,4,1,12,20240926,316,2025-11-16 08:20:51
15105,35,53,7,4,1,13,20240926,340,2025-11-16 08:20:51
15106,36,38,4,4,1,14,20240926,277,2025-11-16 08:20:51
15107,36,38,5,4,1,15,20240926,300,2025-11-16 08:20:51
15108,36,50,4,4,1,16,20240926,468,2025-11-16 08:20:51
15109,36,38,5,4,1,17,20240926,953,2025-11-16 08:20:51
15110,36,38,7,4,1,18,20240926,884,2025-11-16 08:20:51
15111,35,48,9,4,1,19,20240926,627,2025-11-16 08:20:51
15112,31,28,6,4,1,20,20240926,434,2025-11-16 08:20:51
15113,31,56,6,4,1,21,20240926,360,2025-11-16 08:20:51
15114,33,28,6,4,3,22,20240926,215,2025-11-16 08:20:51
15115,27,84,3,4,2,23,20240926,115,2025-11-16 08:20:51
15116,27,84,2,4,1,0,20240927,65,2025-11-16 08:20:51
15117,27,84,2,4,1,1,20240927,21,2025-11-16 08:20:51
15118,27,84,2,4,1,2,20240927,16,2025-11-16 08:20:51
15119,27,84,1,4,1,3,20240927,7,2025-11-16 08:20:51
15120,25,11,8,4,1,4,20240927,8,2025-11-16 08:20:51
15121,26,83,1,4,1,5,20240927,66,2025-11-16 08:20:51
15122,25,9,2,4,1,6,20240927,169,2025-11-16 08:20:51
15123,27,84,1,4,1,7,20240927,558,2025-11-16 08:20:51
15124,33,13,2,4,1,8,20240927,794,2025-11-16 08:20:51
15125,31,56,1,4,1,9,20240927,335,2025-11-16 08:20:51
15126,35,34,4,4,2,10,20240927,208,2025-11-16 08:20:51
15127,38,34,9,4,2,11,20240927,294,2025-11-16 08:20:51
15128,36,38,8,4,2,12,20240927,335,2025-11-16 08:20:51
15129,36,38,1,4,2,13,20240927,326,2025-11-16 08:20:51
15130,37,50,2,4,2,14,20240927,258,2025-11-16 08:20:51
15131,37,50,1,4,2,15,20240927,296,2025-11-16 08:20:51
15132,38,53,10,4,2,16,20240927,472,2025-11-16 08:20:51
15133,31,28,5,4,2,17,20240927,905,2025-11-16 08:20:51
15134,31,28,7,4,2,18,20240927,899,2025-11-16 08:20:51
15135,31,56,8,4,1,19,20240927,559,2025-11-16 08:20:51
15136,32,28,7,4,2,20,20240927,457,2025-11-16 08:20:51
15137,33,83,5,4,3,21,20240927,253,2025-11-16 08:20:51
15138,33,83,5,4,3,22,20240927,47,2025-11-16 08:20:51
15139,33,83,9,4,3,23,20240927,45,2025-11-16 08:20:51
15140,27,9,9,4,3,0,20240928,17,2025-11-16 08:20:51
15141,27,9,1,4,3,1,20240928,13,2025-11-16 08:20:51
15142,27,9,5,4,3,2,20240928,10,2025-11-16 08:20:51
15143,27,83,8,4,2,3,20240928,7,2025-11-16 08:20:51
15144,25,9,15,4,3,4,20240928,12,2025-11-16 08:20:51
15145,25,9,1,4,1,5,20240928,38,2025-11-16 08:20:51
15146,25,11,2,4,2,6,20240928,138,2025-11-16 08:20:51
15147,25,11,1,4,2,7,20240928,394,2025-11-16 08:20:51
15148,27,83,2,4,1,8,20240928,705,2025-11-16 08:20:51
15149,33,83,15,4,2,9,20240928,426,2025-11-16 08:20:51
15150,32,84,8,4,2,10,20240928,245,2025-11-16 08:20:51
15151,31,28,1,4,2,11,20240928,361,2025-11-16 08:20:51
15152,35,48,3,4,2,12,20240928,380,2025-11-16 08:20:51
15153,35,34,3,4,2,13,20240928,410,2025-11-16 08:20:51
15154,35,48,3,4,2,14,20240928,399,2025-11-16 08:20:51
15155,34,48,4,4,2,15,20240928,392,2025-11-16 08:20:51
15156,31,21,7,4,2,16,20240928,502,2025-11-16 08:20:51
15157,31,48,5,4,2,17,20240928,808,2025-11-16 08:20:51
15158,32,21,7,4,2,18,20240928,667,2025-11-16 08:20:51
15159,33,21,3,4,3,19,20240928,508,2025-11-16 08:20:51
15160,27,46,9,4,3,20,20240928,336,2025-11-16 08:20:51
15161,27,46,6,4,3,21,20240928,237,2025-11-16 08:20:51
15162,26,46,7,4,2,22,20240928,220,2025-11-16 08:20:51
15163,25,35,6,4,2,23,20240928,190,2025-11-16 08:20:51
15164,29,55,7,4,1,0,20240929,149,2025-11-16 08:20:51
15165,29,55,7,4,1,1,20240929,101,2025-11-16 08:20:51
15166,29,35,7,4,2,2,20240929,92,2025-11-16 08:20:51
15167,24,30,6,4,2,3,20240929,29,2025-11-16 08:20:51
15168,24,30,3,4,1,4,20240929,14,2025-11-16 08:20:51
15169,30,31,6,4,1,5,20240929,15,2025-11-16 08:20:51
15170,30,31,3,4,1,6,20240929,37,2025-11-16 08:20:51
15171,28,69,4,4,1,7,20240929,73,2025-11-16 08:20:51
15172,30,32,4,4,1,8,20240929,211,2025-11-16 08:20:51
15173,30,31,6,4,1,9,20240929,332,2025-11-16 08:20:51
15174,29,35,3,4,1,10,20240929,472,2025-11-16 08:20:51
15175,25,36,4,4,1,11,20240929,663,2025-11-16 08:20:51
15176,33,49,5,4,1,12,20240929,682,2025-11-16 08:20:51
15177,33,49,5,4,1,13,20240929,686,2025-11-16 08:20:51
15178,27,23,3,4,1,14,20240929,750,2025-11-16 08:20:51
15179,27,22,3,4,1,15,20240929,727,2025-11-16 08:20:51
15180,33,49,3,4,1,16,20240929,722,2025-11-16 08:20:51
15181,27,42,12,4,1,17,20240929,712,2025-11-16 08:20:51
15182,25,16,6,4,1,18,20240929,594,2025-11-16 08:20:51
15183,24,29,9,4,1,19,20240929,470,2025-11-16 08:20:51
15184,24,29,6,4,1,20,20240929,315,2025-11-16 08:20:51
15185,24,29,8,4,1,21,20240929,292,2025-11-16 08:20:51
15186,30,31,15,4,1,22,20240929,221,2025-11-16 08:20:51
15187,30,30,2,4,1,23,20240929,196,2025-11-16 08:20:51
15188,30,30,1,4,1,0,20240930,147,2025-11-16 08:20:51
15189,30,30,1,4,1,1,20240930,116,2025-11-16 08:20:51
15190,28,31,1,4,1,2,20240930,92,2025-11-16 08:20:51
15191,8,69,2,4,1,3,20240930,58,2025-11-16 08:20:51
15192,8,69,2,4,1,4,20240930,7,2025-11-16 08:20:51
15193,9,7,1,4,1,5,20240930,10,2025-11-16 08:20:51
15194,9,7,2,4,1,6,20240930,22,2025-11-16 08:20:51
15195,9,6,1,4,1,7,20240930,57,2025-11-16 08:20:51
15196,28,69,15,4,1,8,20240930,144,2025-11-16 08:20:51
15197,24,31,15,4,1,9,20240930,285,2025-11-16 08:20:51
15198,26,16,9,4,1,10,20240930,479,2025-11-16 08:20:51
15199,27,22,7,4,1,11,20240930,591,2025-11-16 08:20:51
15200,33,49,5,4,1,12,20240930,680,2025-11-16 08:20:51
15201,33,49,3,4,1,13,20240930,594,2025-11-16 08:20:51
15202,33,49,3,4,1,14,20240930,612,2025-11-16 08:20:51
15203,32,43,3,4,1,15,20240930,649,2025-11-16 08:20:51
15204,32,43,7,4,1,16,20240930,648,2025-11-16 08:20:51
15205,33,24,4,4,1,17,20240930,575,2025-11-16 08:20:51
15206,24,30,11,4,1,18,20240930,401,2025-11-16 08:20:51
15207,30,7,8,4,3,19,20240930,257,2025-11-16 08:20:51
15208,30,7,8,4,3,20,20240930,194,2025-11-16 08:20:51
15209,30,32,1,4,1,21,20240930,123,2025-11-16 08:20:51
15210,28,7,1,4,1,22,20240930,91,2025-11-16 08:20:51
15211,28,7,2,4,1,23,20240930,57,2025-11-16 08:20:51
15212,8,7,15,4,1,0,20241001,45,2025-11-16 08:20:51
15213,9,6,2,4,1,1,20241001,18,2025-11-16 08:20:51
15214,8,7,1,4,1,2,20241001,12,2025-11-16 08:20:51
15215,9,6,1,4,1,3,20241001,7,2025-11-16 08:20:51
15216,7,8,15,4,1,4,20241001,10,2025-11-16 08:20:51
15217,9,6,1,4,1,5,20241001,36,2025-11-16 08:20:51
15218,9,6,15,4,1,6,20241001,155,2025-11-16 08:20:51
15219,9,6,9,4,1,7,20241001,483,2025-11-16 08:20:51
15220,8,6,15,4,2,8,20241001,784,2025-11-16 08:20:51
15221,24,31,1,4,2,9,20241001,340,2025-11-16 08:20:51
15222,29,35,1,4,1,10,20241001,179,2025-11-16 08:20:51
15223,26,16,1,4,1,11,20241001,272,2025-11-16 08:20:51
15224,27,22,9,4,2,12,20241001,323,2025-11-16 08:20:51
15225,27,22,9,4,2,13,20241001,305,2025-11-16 08:20:51
15226,27,22,15,4,2,14,20241001,244,2025-11-16 08:20:51
15227,33,22,8,4,2,15,20241001,329,2025-11-16 08:20:51
15228,33,16,3,4,2,16,20241001,459,2025-11-16 08:20:51
15229,25,55,3,4,3,17,20241001,856,2025-11-16 08:20:51
15230,25,27,15,4,3,18,20241001,613,2025-11-16 08:20:51
15231,29,32,15,4,2,19,20241001,516,2025-11-16 08:20:51
15232,29,32,1,4,3,20,20241001,262,2025-11-16 08:20:51
15233,29,63,8,4,2,21,20241001,218,2025-11-16 08:20:51
15234,29,6,2,4,3,22,20241001,207,2025-11-16 08:20:51
15235,29,6,1,4,3,23,20241001,105,2025-11-16 08:20:51
15236,25,63,1,4,2,0,20241002,31,2025-11-16 08:20:51
15237,29,6,15,4,2,1,20241002,11,2025-11-16 08:20:51
15238,29,6,15,4,2,2,20241002,2,2025-11-16 08:20:51
15239,29,9,6,4,2,3,20241002,5,2025-11-16 08:20:51
15240,25,83,2,4,2,4,20241002,10,2025-11-16 08:20:51
15241,25,83,8,4,2,5,20241002,43,2025-11-16 08:20:51
15242,26,83,15,4,3,6,20241002,179,2025-11-16 08:20:51
15243,26,83,15,4,3,7,20241002,260,2025-11-16 08:20:51
15244,27,9,1,4,3,8,20241002,134,2025-11-16 08:20:51
15245,26,9,8,4,3,9,20241002,86,2025-11-16 08:20:51
15246,26,9,8,4,3,10,20241002,45,2025-11-16 08:20:51
15247,26,11,8,4,3,11,20241002,99,2025-11-16 08:20:51
15248,27,9,6,4,2,12,20241002,104,2025-11-16 08:20:51
15249,27,9,8,4,2,13,20241002,154,2025-11-16 08:20:51
15250,27,9,8,4,3,14,20241002,163,2025-11-16 08:20:51
15251,33,83,8,4,3,15,20241002,209,2025-11-16 08:20:51
15252,33,9,8,4,3,16,20241002,374,2025-11-16 08:20:51
15253,33,9,15,4,3,17,20241002,715,2025-11-16 08:20:51
15254,33,11,2,4,3,18,20241002,687,2025-11-16 08:20:51
15255,33,11,1,4,3,19,20241002,395,2025-11-16 08:20:51
15256,33,11,8,4,3,20,20241002,306,2025-11-16 08:20:51
15257,33,11,15,4,3,21,20241002,289,2025-11-16 08:20:51
15258,33,11,15,4,2,22,20241002,240,2025-11-16 08:20:51
15259,33,11,1,4,2,23,20241002,98,2025-11-16 08:20:51
15260,33,11,1,4,3,0,20241003,52,2025-11-16 08:20:51
15261,33,11,1,4,2,1,20241003,19,2025-11-16 08:20:51
15262,33,11,1,4,2,2,20241003,9,2025-11-16 08:20:51
15263,27,11,1,4,2,3,20241003,7,2025-11-16 08:20:51
15264,27,12,1,4,2,4,20241003,11,2025-11-16 08:20:51
15265,33,11,15,4,2,5,20241003,34,2025-11-16 08:20:51
15266,27,11,8,4,2,6,20241003,177,2025-11-16 08:20:51
15267,27,11,6,4,2,7,20241003,515,2025-11-16 08:20:51
15268,33,9,15,4,2,8,20241003,809,2025-11-16 08:20:51
15269,33,83,6,4,2,9,20241003,362,2025-11-16 08:20:51
15270,31,84,9,4,1,10,20241003,175,2025-11-16 08:20:51
15271,31,84,9,4,1,11,20241003,230,2025-11-16 08:20:51
15272,35,57,15,4,2,12,20241003,358,2025-11-16 08:20:51
15273,35,33,15,4,2,13,20241003,279,2025-11-16 08:20:51
15274,38,57,9,4,2,14,20241003,251,2025-11-16 08:20:51
15275,38,52,9,4,2,15,20241003,319,2025-11-16 08:20:51
15276,38,53,1,4,2,16,20241003,478,2025-11-16 08:20:51
15277,35,56,1,4,1,17,20241003,917,2025-11-16 08:20:51
15278,35,56,1,4,1,18,20241003,810,2025-11-16 08:20:51
15279,35,56,1,4,1,19,20241003,593,2025-11-16 08:20:51
15280,35,56,1,4,1,20,20241003,497,2025-11-16 08:20:51
15281,31,33,1,4,2,21,20241003,209,2025-11-16 08:20:51
15282,31,33,1,4,1,22,20241003,241,2025-11-16 08:20:51
15283,31,84,1,4,2,23,20241003,220,2025-11-16 08:20:51
15284,32,86,1,4,3,0,20241004,76,2025-11-16 08:20:51
15285,33,11,1,4,2,1,20241004,25,2025-11-16 08:20:51
15286,32,86,1,4,1,2,20241004,13,2025-11-16 08:20:51
15287,33,9,1,4,2,3,20241004,11,2025-11-16 08:20:51
15288,32,86,1,4,2,4,20241004,10,2025-11-16 08:20:51
15289,32,86,15,4,3,5,20241004,39,2025-11-16 08:20:51
15290,33,11,2,4,3,6,20241004,133,2025-11-16 08:20:51
15291,32,86,2,4,2,7,20241004,391,2025-11-16 08:20:51
15292,32,86,1,4,1,8,20241004,738,2025-11-16 08:20:51
15293,32,86,6,4,2,9,20241004,359,2025-11-16 08:20:51
15294,31,83,8,4,2,10,20241004,177,2025-11-16 08:20:51
15295,35,57,15,4,2,11,20241004,214,2025-11-16 08:20:51
15296,38,48,6,4,2,12,20241004,288,2025-11-16 08:20:51
15297,38,53,10,4,2,13,20241004,294,2025-11-16 08:20:51
15298,35,54,3,4,1,14,20241004,267,2025-11-16 08:20:51
15299,38,48,4,4,1,15,20241004,325,2025-11-16 08:20:51
15300,35,48,4,4,1,16,20241004,497,2025-11-16 08:20:51
15301,35,34,7,4,1,17,20241004,901,2025-11-16 08:20:51
15302,31,15,15,4,1,18,20241004,887,2025-11-16 08:20:51
15303,31,15,15,4,1,19,20241004,534,2025-11-16 08:20:51
15304,32,56,15,4,1,20,20241004,441,2025-11-16 08:20:51
15305,33,28,1,4,1,21,20241004,321,2025-11-16 08:20:51
15306,32,20,8,4,1,22,20241004,232,2025-11-16 08:20:51
15307,27,35,2,4,1,23,20241004,155,2025-11-16 08:20:51
15308,25,63,1,4,1,0,20241005,102,2025-11-16 08:20:51
15309,29,32,15,4,1,1,20241005,46,2025-11-16 08:20:51
15310,29,63,2,4,1,2,20241005,11,2025-11-16 08:20:51
15311,29,63,1,4,1,3,20241005,16,2025-11-16 08:20:51
15312,29,6,1,4,1,4,20241005,11,2025-11-16 08:20:51
15313,24,6,1,4,1,5,20241005,41,2025-11-16 08:20:51
15314,24,83,1,4,1,6,20241005,137,2025-11-16 08:20:51
15315,24,83,15,4,1,7,20241005,428,2025-11-16 08:20:51
15316,26,27,1,4,1,8,20241005,785,2025-11-16 08:20:51
15317,27,55,2,4,1,9,20241005,384,2025-11-16 08:20:51
15318,31,48,1,4,1,10,20241005,260,2025-11-16 08:20:51
15319,35,38,6,4,1,11,20241005,304,2025-11-16 08:20:51
15320,38,17,9,4,1,12,20241005,468,2025-11-16 08:20:51
15321,35,38,1,4,1,13,20241005,424,2025-11-16 08:20:51
15322,36,39,7,4,1,14,20241005,400,2025-11-16 08:20:51
15323,38,18,3,4,1,15,20241005,470,2025-11-16 08:20:51
15324,38,39,1,4,1,16,20241005,634,2025-11-16 08:20:51
15325,35,17,9,4,1,17,20241005,900,2025-11-16 08:20:51
15326,32,15,8,4,1,18,20241005,761,2025-11-16 08:20:51
15327,33,63,9,4,1,19,20241005,500,2025-11-16 08:20:51
15328,27,84,8,4,1,20,20241005,372,2025-11-16 08:20:51
15329,27,28,7,4,1,21,20241005,267,2025-11-16 08:20:51
15330,27,63,4,4,1,22,20241005,264,2025-11-16 08:20:51
15331,26,84,7,4,1,23,20241005,171,2025-11-16 08:20:51
15332,25,83,9,4,1,0,20241006,191,2025-11-16 08:20:51
15333,25,83,3,4,1,1,20241006,141,2025-11-16 08:20:51
15334,25,84,6,4,1,2,20241006,75,2025-11-16 08:20:51
15335,29,6,7,4,1,3,20241006,56,2025-11-16 08:20:51
15336,29,83,3,4,1,4,20241006,11,2025-11-16 08:20:51
15337,29,83,6,4,1,5,20241006,10,2025-11-16 08:20:51
15338,29,9,3,4,1,6,20241006,30,2025-11-16 08:20:51
15339,29,83,5,4,1,7,20241006,84,2025-11-16 08:20:51
15340,25,83,6,4,1,8,20241006,206,2025-11-16 08:20:51
15341,27,63,6,4,1,9,20241006,395,2025-11-16 08:20:51
15342,33,28,4,4,1,10,20241006,539,2025-11-16 08:20:51
15343,32,56,3,4,1,11,20241006,647,2025-11-16 08:20:51
15344,35,48,15,4,1,12,20241006,743,2025-11-16 08:20:51
15345,32,15,19,4,2,13,20241006,710,2025-11-16 08:20:51
15346,27,35,13,4,2,14,20241006,576,2025-11-16 08:20:51
15347,27,16,13,4,1,15,20241006,620,2025-11-16 08:20:51
15348,27,22,19,4,1,16,20241006,659,2025-11-16 08:20:51
15349,29,37,14,4,1,17,20241006,610,2025-11-16 08:20:51
15350,24,38,13,4,1,18,20241006,495,2025-11-16 08:20:51
15351,28,29,7,4,1,19,20241006,341,2025-11-16 08:20:51
15352,28,29,3,4,1,20,20241006,247,2025-11-16 08:20:51
15353,8,30,8,4,1,21,20241006,215,2025-11-16 08:20:51
15354,9,52,8,4,1,22,20241006,185,2025-11-16 08:20:51
15355,9,52,8,4,1,23,20241006,179,2025-11-16 08:20:51
15356,9,52,9,4,1,0,20241007,127,2025-11-16 08:20:51
15357,9,48,7,4,1,1,20241007,109,2025-11-16 08:20:51
15358,7,52,8,4,1,2,20241007,74,2025-11-16 08:20:51
15359,9,52,8,4,2,3,20241007,22,2025-11-16 08:20:51
15360,9,48,3,4,2,4,20241007,11,2025-11-16 08:20:51
15361,9,48,8,4,2,5,20241007,10,2025-11-16 08:20:51
15362,9,48,6,4,2,6,20241007,23,2025-11-16 08:20:51
15363,7,53,9,4,3,7,20241007,35,2025-11-16 08:20:51
15364,7,69,8,4,3,8,20241007,62,2025-11-16 08:20:51
15365,10,13,8,4,3,9,20241007,86,2025-11-16 08:20:51
15366,7,69,6,4,2,10,20241007,185,2025-11-16 08:20:51
15367,7,13,15,4,2,11,20241007,336,2025-11-16 08:20:51
15368,7,13,1,4,2,12,20241007,392,2025-11-16 08:20:51
15369,9,7,2,4,2,13,20241007,320,2025-11-16 08:20:51
15370,9,69,1,4,2,14,20241007,314,2025-11-16 08:20:51
15371,7,6,8,4,3,15,20241007,306,2025-11-16 08:20:51
15372,10,8,9,4,3,16,20241007,333,2025-11-16 08:20:51
15373,10,8,7,4,3,17,20241007,157,2025-11-16 08:20:51
15374,10,8,6,4,3,18,20241007,106,2025-11-16 08:20:51
15375,10,8,15,4,2,19,20241007,114,2025-11-16 08:20:51
15376,10,8,8,4,1,20,20241007,116,2025-11-16 08:20:51
15377,5,10,15,4,1,21,20241007,113,2025-11-16 08:20:51
15378,5,10,8,4,1,22,20241007,79,2025-11-16 08:20:51
15379,6,44,8,4,1,23,20241007,80,2025-11-16 08:20:51
15380,5,5,4,4,1,0,20241008,51,2025-11-16 08:20:51
15381,11,10,9,4,1,1,20241008,37,2025-11-16 08:20:51
15382,11,1,6,4,1,2,20241008,15,2025-11-16 08:20:51
15383,11,1,15,4,1,3,20241008,10,2025-11-16 08:20:51
15384,4,10,8,4,1,4,20241008,7,2025-11-16 08:20:51
15385,11,5,7,4,1,5,20241008,19,2025-11-16 08:20:51
15386,11,5,15,4,1,6,20241008,59,2025-11-16 08:20:51
15387,11,5,9,4,2,7,20241008,154,2025-11-16 08:20:51
15388,6,13,7,4,2,8,20241008,397,2025-11-16 08:20:51
15389,5,14,9,4,2,9,20241008,332,2025-11-16 08:20:51
15390,5,32,8,4,2,10,20241008,298,2025-11-16 08:20:51
15391,10,52,2,4,2,11,20241008,308,2025-11-16 08:20:51
15392,7,31,9,4,2,12,20241008,341,2025-11-16 08:20:51
15393,7,52,6,4,2,13,20241008,405,2025-11-16 08:20:51
15394,7,53,15,4,2,14,20241008,420,2025-11-16 08:20:51
15395,7,53,6,4,3,15,20241008,370,2025-11-16 08:20:51
15396,7,53,6,4,3,16,20241008,377,2025-11-16 08:20:51
15397,7,14,3,4,2,17,20241008,497,2025-11-16 08:20:51
15398,7,14,4,4,2,18,20241008,456,2025-11-16 08:20:51
15399,10,13,3,4,2,19,20241008,371,2025-11-16 08:20:51
15400,10,13,7,4,3,20,20241008,227,2025-11-16 08:20:51
15401,10,5,7,4,2,21,20241008,151,2025-11-16 08:20:51
15402,10,5,3,4,3,22,20241008,107,2025-11-16 08:20:51
15403,10,13,7,4,2,23,20241008,69,2025-11-16 08:20:51
15404,5,8,7,4,2,0,20241009,31,2025-11-16 08:20:51
15405,6,10,7,4,3,1,20241009,13,2025-11-16 08:20:51
15406,6,10,3,4,3,2,20241009,7,2025-11-16 08:20:51
15407,6,10,4,4,3,3,20241009,3,2025-11-16 08:20:51
15408,6,10,9,4,3,4,20241009,7,2025-11-16 08:20:51
15409,5,8,6,4,2,5,20241009,19,2025-11-16 08:20:51
15410,5,8,3,4,2,6,20241009,143,2025-11-16 08:20:51
15411,5,83,3,4,1,7,20241009,362,2025-11-16 08:20:51
15412,7,2,6,4,2,8,20241009,713,2025-11-16 08:20:51
15413,7,6,7,4,2,9,20241009,382,2025-11-16 08:20:51
15414,9,3,7,4,2,10,20241009,164,2025-11-16 08:20:51
15415,28,28,6,4,2,11,20241009,193,2025-11-16 08:20:51
15416,28,28,6,4,2,12,20241009,260,2025-11-16 08:20:51
15417,30,69,8,4,2,13,20241009,238,2025-11-16 08:20:51
15418,29,27,6,4,2,14,20241009,244,2025-11-16 08:20:51
15419,24,31,9,4,2,15,20241009,254,2025-11-16 08:20:51
15420,30,7,9,4,2,16,20241009,424,2025-11-16 08:20:51
15421,24,32,9,4,2,17,20241009,806,2025-11-16 08:20:51
15422,30,7,7,4,2,18,20241009,784,2025-11-16 08:20:51
15423,30,7,9,4,2,19,20241009,514,2025-11-16 08:20:51
15424,30,7,9,4,2,20,20241009,360,2025-11-16 08:20:51
15425,28,6,8,4,2,21,20241009,225,2025-11-16 08:20:51
15426,28,6,2,4,2,22,20241009,162,2025-11-16 08:20:51
15427,28,6,2,4,2,23,20241009,84,2025-11-16 08:20:51
15428,8,9,2,4,2,0,20241010,33,2025-11-16 08:20:51
15429,8,9,1,4,2,1,20241010,8,2025-11-16 08:20:51
15430,8,9,1,4,2,2,20241010,8,2025-11-16 08:20:51
15431,8,9,1,4,2,3,20241010,6,2025-11-16 08:20:51
15432,8,9,15,4,2,4,20241010,6,2025-11-16 08:20:51
15433,8,9,2,4,2,5,20241010,40,2025-11-16 08:20:51
15434,8,9,2,4,2,6,20241010,175,2025-11-16 08:20:51
15435,8,8,15,4,1,7,20241010,507,2025-11-16 08:20:51
15436,30,6,9,4,1,8,20241010,839,2025-11-16 08:20:51
15437,29,55,4,4,1,9,20241010,366,2025-11-16 08:20:51
15438,25,36,5,4,1,10,20241010,217,2025-11-16 08:20:51
15439,29,36,6,4,1,11,20241010,291,2025-11-16 08:20:51
15440,29,35,7,4,1,12,20241010,390,2025-11-16 08:20:51
15441,25,37,1,4,1,13,20241010,297,2025-11-16 08:20:51
15442,27,23,9,4,1,14,20241010,271,2025-11-16 08:20:51
15443,27,23,9,4,1,15,20241010,319,2025-11-16 08:20:51
15444,27,23,7,4,1,16,20241010,566,2025-11-16 08:20:51
15445,26,22,7,4,1,17,20241010,948,2025-11-16 08:20:51
15446,25,37,9,4,2,18,20241010,844,2025-11-16 08:20:51
15447,25,16,20,4,2,19,20241010,566,2025-11-16 08:20:51
15448,24,38,16,4,1,20,20241010,392,2025-11-16 08:20:51
15449,30,34,12,4,1,21,20241010,269,2025-11-16 08:20:51
15450,8,29,5,4,1,22,20241010,197,2025-11-16 08:20:51
15451,9,53,6,4,1,23,20241010,136,2025-11-16 08:20:51
15452,9,34,8,4,1,0,20241011,42,2025-11-16 08:20:51
15453,9,20,6,4,1,1,20241011,11,2025-11-16 08:20:51
15454,7,21,8,4,1,2,20241011,11,2025-11-16 08:20:51
15455,7,20,5,4,1,3,20241011,3,2025-11-16 08:20:51
15456,10,21,3,4,1,4,20241011,10,2025-11-16 08:20:51
15457,6,21,9,4,1,5,20241011,42,2025-11-16 08:20:51
15458,6,21,9,4,1,6,20241011,159,2025-11-16 08:20:51
15459,6,21,3,4,1,7,20241011,478,2025-11-16 08:20:51
15460,5,16,14,4,1,8,20241011,798,2025-11-16 08:20:51
15461,10,22,14,4,1,9,20241011,355,2025-11-16 08:20:51
15462,9,49,12,4,1,10,20241011,204,2025-11-16 08:20:51
15463,8,43,1,4,1,11,20241011,251,2025-11-16 08:20:51
15464,8,43,1,4,1,12,20241011,326,2025-11-16 08:20:51
15465,30,62,15,4,1,13,20241011,291,2025-11-16 08:20:51
15466,24,26,2,4,1,14,20241011,348,2025-11-16 08:20:51
15467,24,47,9,4,1,15,20241011,460,2025-11-16 08:20:51
15468,30,43,8,4,1,16,20241011,481,2025-11-16 08:20:51
15469,30,18,4,4,1,17,20241011,827,2025-11-16 08:20:51
15470,8,19,9,4,1,18,20241011,692,2025-11-16 08:20:51
15471,9,34,8,4,1,19,20241011,743,2025-11-16 08:20:51
15472,7,52,9,4,1,20,20241011,415,2025-11-16 08:20:51
15473,7,52,8,4,1,21,20241011,260,2025-11-16 08:20:51
15474,10,14,9,4,1,22,20241011,177,2025-11-16 08:20:51
15475,7,53,2,4,1,23,20241011,186,2025-11-16 08:20:51
15476,10,14,15,4,1,0,20241012,68,2025-11-16 08:20:51
15477,10,14,2,4,1,1,20241012,37,2025-11-16 08:20:51
15478,10,14,2,4,1,2,20241012,16,2025-11-16 08:20:51
15479,6,5,2,4,1,3,20241012,6,2025-11-16 08:20:51
15480,6,5,15,4,1,4,20241012,8,2025-11-16 08:20:51
15481,6,1,2,4,1,5,20241012,35,2025-11-16 08:20:51
15482,11,1,2,4,1,6,20241012,143,2025-11-16 08:20:51
15483,6,1,2,4,1,7,20241012,392,2025-11-16 08:20:51
15484,7,13,2,4,1,8,20241012,745,2025-11-16 08:20:51
15485,30,18,5,4,1,9,20241012,400,2025-11-16 08:20:51
15486,24,43,5,4,1,10,20241012,275,2025-11-16 08:20:51
15487,29,39,12,4,1,11,20241012,313,2025-11-16 08:20:51
15488,29,18,18,4,1,12,20241012,387,2025-11-16 08:20:51
15489,25,39,14,4,1,13,20241012,381,2025-11-16 08:20:51
15490,25,39,18,4,1,14,20241012,371,2025-11-16 08:20:51
15491,24,17,11,4,1,15,20241012,455,2025-11-16 08:20:51
15492,8,49,12,4,1,16,20241012,520,2025-11-16 08:20:51
15493,8,42,14,4,1,17,20241012,837,2025-11-16 08:20:51
15494,9,42,5,4,1,18,20241012,642,2025-11-16 08:20:51
15495,7,49,7,4,1,19,20241012,493,2025-11-16 08:20:51
15496,7,20,8,4,1,20,20241012,308,2025-11-16 08:20:51
15497,10,48,6,4,1,21,20241012,190,2025-11-16 08:20:51
15498,10,20,5,4,1,22,20241012,160,2025-11-16 08:20:51
15499,6,15,6,4,1,23,20241012,100,2025-11-16 08:20:51
15500,6,15,2,4,1,0,20241013,249,2025-11-16 08:20:51
15501,11,46,8,4,1,1,20241013,146,2025-11-16 08:20:51
15502,11,46,6,4,1,2,20241013,67,2025-11-16 08:20:51
15503,4,14,7,4,1,3,20241013,15,2025-11-16 08:20:51
15504,12,56,9,4,1,4,20241013,11,2025-11-16 08:20:51
15505,12,54,6,4,1,5,20241013,11,2025-11-16 08:20:51
15506,12,54,6,4,1,6,20241013,28,2025-11-16 08:20:51
15507,12,54,9,4,1,7,20241013,70,2025-11-16 08:20:51
15508,11,46,15,4,1,8,20241013,174,2025-11-16 08:20:51
15509,6,21,2,4,1,9,20241013,266,2025-11-16 08:20:51
15510,10,22,1,4,1,10,20241013,347,2025-11-16 08:20:51
15511,7,24,8,4,1,11,20241013,527,2025-11-16 08:20:51
15512,9,24,1,4,1,12,20241013,573,2025-11-16 08:20:51
15513,8,43,6,4,1,13,20241013,670,2025-11-16 08:20:51
15514,28,40,6,4,1,14,20241013,597,2025-11-16 08:20:51
15515,30,43,6,4,1,15,20241013,615,2025-11-16 08:20:51
15516,30,62,6,4,1,16,20241013,637,2025-11-16 08:20:51
15517,8,42,9,4,1,17,20241013,528,2025-11-16 08:20:51
15518,8,19,8,4,1,18,20241013,473,2025-11-16 08:20:51
15519,9,19,9,4,1,19,20241013,332,2025-11-16 08:20:51
15520,10,48,2,4,1,20,20241013,255,2025-11-16 08:20:51
15521,10,53,6,4,1,21,20241013,204,2025-11-16 08:20:51
15522,10,52,1,4,1,22,20241013,189,2025-11-16 08:20:51
15523,7,53,5,4,1,23,20241013,125,2025-11-16 08:20:51
15524,10,13,3,4,1,0,20241014,111,2025-11-16 08:20:51
15525,7,6,4,4,1,1,20241014,112,2025-11-16 08:20:51
15526,10,5,2,4,1,2,20241014,66,2025-11-16 08:20:51
15527,7,6,5,4,1,3,20241014,28,2025-11-16 08:20:51
15528,7,6,4,4,1,4,20241014,12,2025-11-16 08:20:51
15529,10,8,6,4,1,5,20241014,11,2025-11-16 08:20:51
15530,10,8,9,4,1,6,20241014,24,2025-11-16 08:20:51
15531,7,8,7,4,1,7,20241014,51,2025-11-16 08:20:51
15532,9,6,6,4,1,8,20241014,132,2025-11-16 08:20:51
15533,28,69,4,4,2,9,20241014,223,2025-11-16 08:20:51
15534,29,35,6,4,1,10,20241014,428,2025-11-16 08:20:51
15535,25,36,5,4,1,11,20241014,494,2025-11-16 08:20:51
15536,33,16,10,4,1,12,20241014,562,2025-11-16 08:20:51
15537,32,49,11,4,1,13,20241014,619,2025-11-16 08:20:51
15538,31,18,13,4,1,14,20241014,617,2025-11-16 08:20:51
15539,31,18,13,4,1,15,20241014,568,2025-11-16 08:20:51
15540,32,49,5,4,1,16,20241014,581,2025-11-16 08:20:51
15541,32,19,6,4,1,17,20241014,539,2025-11-16 08:20:51
15542,26,55,3,4,1,18,20241014,453,2025-11-16 08:20:51
15543,25,27,7,4,1,19,20241014,336,2025-11-16 08:20:51
15544,29,63,7,4,1,20,20241014,246,2025-11-16 08:20:51
15545,25,63,11,4,1,21,20241014,196,2025-11-16 08:20:51
15546,25,63,14,4,1,22,20241014,125,2025-11-16 08:20:51
15547,25,32,4,4,2,23,20241014,105,2025-11-16 08:20:51
15548,25,63,3,4,2,0,20241015,48,2025-11-16 08:20:51
15549,26,27,14,4,2,1,20241015,29,2025-11-16 08:20:51
15550,26,27,12,4,2,2,20241015,6,2025-11-16 08:20:51
15551,25,63,3,4,2,3,20241015,4,2025-11-16 08:20:51
15552,25,32,7,4,2,4,20241015,10,2025-11-16 08:20:51
15553,25,63,4,4,2,5,20241015,40,2025-11-16 08:20:51
15554,25,63,5,4,2,6,20241015,147,2025-11-16 08:20:51
15555,26,32,10,4,2,7,20241015,476,2025-11-16 08:20:51
15556,27,27,14,4,2,8,20241015,737,2025-11-16 08:20:51
15557,27,28,14,4,3,9,20241015,359,2025-11-16 08:20:51
15558,27,63,14,4,2,10,20241015,168,2025-11-16 08:20:51
15559,27,63,14,4,2,11,20241015,263,2025-11-16 08:20:51
15560,27,84,10,4,3,12,20241015,284,2025-11-16 08:20:51
15561,25,9,7,4,2,13,20241015,146,2025-11-16 08:20:51
15562,27,84,4,4,2,14,20241015,185,2025-11-16 08:20:51
15563,27,84,10,4,1,15,20241015,260,2025-11-16 08:20:51
15564,25,27,5,4,1,16,20241015,447,2025-11-16 08:20:51
15565,25,27,3,4,1,17,20241015,766,2025-11-16 08:20:51
15566,29,6,8,4,3,18,20241015,592,2025-11-16 08:20:51
15567,24,83,2,4,3,19,20241015,239,2025-11-16 08:20:51
15568,24,7,14,4,2,20,20241015,256,2025-11-16 08:20:51
15569,24,30,10,4,1,21,20241015,206,2025-11-16 08:20:51
15570,30,30,4,4,1,22,20241015,126,2025-11-16 08:20:51
15571,8,31,7,4,1,23,20241015,81,2025-11-16 08:20:51
15572,8,31,14,4,1,0,20241016,48,2025-11-16 08:20:51
15573,9,69,6,4,1,1,20241016,13,2025-11-16 08:20:51
15574,9,69,8,4,1,2,20241016,3,2025-11-16 08:20:51
15575,7,69,15,4,1,3,20241016,2,2025-11-16 08:20:51
15576,7,69,9,4,1,4,20241016,7,2025-11-16 08:20:51
15577,7,69,3,4,1,5,20241016,52,2025-11-16 08:20:51
15578,7,69,9,4,1,6,20241016,172,2025-11-16 08:20:51
15579,7,69,2,4,1,7,20241016,525,2025-11-16 08:20:51
15580,9,52,1,4,1,8,20241016,835,2025-11-16 08:20:51
15581,28,29,3,4,1,9,20241016,355,2025-11-16 08:20:51
15582,30,38,4,4,1,10,20241016,222,2025-11-16 08:20:51
15583,30,50,13,4,1,11,20241016,228,2025-11-16 08:20:51
15584,24,50,10,4,2,12,20241016,325,2025-11-16 08:20:51
15585,24,50,4,4,1,13,20241016,328,2025-11-16 08:20:51
15586,29,18,3,4,1,14,20241016,308,2025-11-16 08:20:51
15587,29,49,10,4,1,15,20241016,346,2025-11-16 08:20:51
15588,29,18,4,4,1,16,20241016,446,2025-11-16 08:20:51
15589,24,18,6,4,1,17,20241016,943,2025-11-16 08:20:51
15590,30,17,9,4,1,18,20241016,838,2025-11-16 08:20:51
15591,28,38,1,4,1,19,20241016,531,2025-11-16 08:20:51
15592,8,29,1,4,1,20,20241016,432,2025-11-16 08:20:51
15593,8,31,1,4,1,21,20241016,195,2025-11-16 08:20:51
15594,10,13,2,4,1,22,20241016,181,2025-11-16 08:20:51
15595,10,13,1,4,1,23,20241016,199,2025-11-16 08:20:51
15596,5,5,1,4,1,0,20241017,49,2025-11-16 08:20:51
15597,5,5,1,4,1,1,20241017,17,2025-11-16 08:20:51
15598,5,5,1,4,1,2,20241017,16,2025-11-16 08:20:51
15599,6,10,1,4,1,3,20241017,7,2025-11-16 08:20:51
15600,6,1,2,4,1,4,20241017,4,2025-11-16 08:20:51
15601,6,1,1,4,2,5,20241017,41,2025-11-16 08:20:51
15602,5,8,1,4,1,6,20241017,178,2025-11-16 08:20:51
15603,6,1,15,4,1,7,20241017,464,2025-11-16 08:20:51
15604,10,5,1,4,2,8,20241017,817,2025-11-16 08:20:51
15605,7,6,1,4,2,9,20241017,382,2025-11-16 08:20:51
15606,8,69,1,4,2,10,20241017,228,2025-11-16 08:20:51
15607,30,34,2,4,2,11,20241017,234,2025-11-16 08:20:51
15608,24,38,9,4,2,12,20241017,332,2025-11-16 08:20:51
15609,29,37,8,4,2,13,20241017,310,2025-11-16 08:20:51
15610,25,22,9,4,2,14,20241017,270,2025-11-16 08:20:51
15611,26,22,7,4,2,15,20241017,301,2025-11-16 08:20:51
15612,25,36,6,4,1,16,20241017,466,2025-11-16 08:20:51
15613,29,35,15,4,1,17,20241017,888,2025-11-16 08:20:51
15614,24,30,9,4,1,18,20241017,884,2025-11-16 08:20:51
15615,30,7,6,4,1,19,20241017,516,2025-11-16 08:20:51
15616,30,7,8,4,1,20,20241017,414,2025-11-16 08:20:51
15617,8,8,6,4,1,21,20241017,329,2025-11-16 08:20:51
15618,8,9,3,4,1,22,20241017,215,2025-11-16 08:20:51
15619,8,9,7,4,1,23,20241017,99,2025-11-16 08:20:51
15620,8,9,6,4,1,0,20241018,57,2025-11-16 08:20:51
15621,8,8,7,4,1,1,20241018,14,2025-11-16 08:20:51
15622,8,8,6,4,1,2,20241018,14,2025-11-16 08:20:51
15623,9,9,7,4,1,3,20241018,5,2025-11-16 08:20:51
15624,9,9,7,4,1,4,20241018,5,2025-11-16 08:20:51
15625,9,8,7,4,1,5,20241018,42,2025-11-16 08:20:51
15626,9,9,5,4,1,6,20241018,153,2025-11-16 08:20:51
15627,9,9,3,4,1,7,20241018,508,2025-11-16 08:20:51
15628,8,8,3,4,1,8,20241018,834,2025-11-16 08:20:51
15629,30,6,9,4,2,9,20241018,387,2025-11-16 08:20:51
15630,24,32,7,4,2,10,20241018,218,2025-11-16 08:20:51
15631,25,35,7,4,2,11,20241018,268,2025-11-16 08:20:51
15632,27,46,3,4,2,12,20241018,377,2025-11-16 08:20:51
15633,33,46,12,4,1,13,20241018,332,2025-11-16 08:20:51
15634,33,21,5,4,2,14,20241018,285,2025-11-16 08:20:51
15635,27,55,6,4,2,15,20241018,353,2025-11-16 08:20:51
15636,27,35,4,4,1,16,20241018,450,2025-11-16 08:20:51
15637,26,27,10,4,2,17,20241018,890,2025-11-16 08:20:51
15638,25,27,10,4,2,18,20241018,788,2025-11-16 08:20:51
15639,25,32,5,4,2,19,20241018,513,2025-11-16 08:20:51
15640,25,32,3,4,2,20,20241018,387,2025-11-16 08:20:51
15641,29,6,6,4,2,21,20241018,283,2025-11-16 08:20:51
15642,29,83,6,4,2,22,20241018,229,2025-11-16 08:20:51
15643,29,83,1,4,2,23,20241018,117,2025-11-16 08:20:51
15644,25,83,15,4,2,0,20241019,56,2025-11-16 08:20:51
15645,29,9,1,4,3,1,20241019,16,2025-11-16 08:20:51
15646,29,9,1,4,2,2,20241019,10,2025-11-16 08:20:51
15647,25,83,1,4,2,3,20241019,5,2025-11-16 08:20:51
15648,25,83,1,4,2,4,20241019,6,2025-11-16 08:20:51
15649,29,9,1,4,2,5,20241019,36,2025-11-16 08:20:51
15650,29,11,9,4,3,6,20241019,131,2025-11-16 08:20:51
15651,29,11,1,4,3,7,20241019,154,2025-11-16 08:20:51
15652,29,11,15,4,2,8,20241019,467,2025-11-16 08:20:51
15653,29,11,15,4,2,9,20241019,389,2025-11-16 08:20:51
15654,26,9,6,4,2,10,20241019,224,2025-11-16 08:20:51
15655,27,83,6,4,1,11,20241019,252,2025-11-16 08:20:51
15656,32,28,7,4,1,12,20241019,332,2025-11-16 08:20:51
15657,33,63,7,4,1,13,20241019,375,2025-11-16 08:20:51
15658,31,54,3,4,1,14,20241019,365,2025-11-16 08:20:51
15659,32,56,5,4,1,15,20241019,395,2025-11-16 08:20:51
15660,33,28,12,4,3,16,20241019,565,2025-11-16 08:20:51
15661,33,28,12,4,3,17,20241019,425,2025-11-16 08:20:51
15662,25,83,15,4,1,18,20241019,233,2025-11-16 08:20:51
15663,29,9,9,4,1,19,20241019,232,2025-11-16 08:20:51
15664,24,6,6,4,1,20,20241019,229,2025-11-16 08:20:51
15665,30,6,1,4,1,21,20241019,206,2025-11-16 08:20:51
15666,30,6,2,4,1,22,20241019,190,2025-11-16 08:20:51
15667,8,9,15,4,1,23,20241019,131,2025-11-16 08:20:51
15668,8,8,8,4,1,0,20241020,123,2025-11-16 08:20:51
15669,8,7,8,4,1,1,20241020,95,2025-11-16 08:20:51
15670,9,6,15,4,1,2,20241020,78,2025-11-16 08:20:51
15671,7,6,8,4,1,3,20241020,29,2025-11-16 08:20:51
15672,9,7,1,4,1,4,20241020,18,2025-11-16 08:20:51
15673,10,8,1,4,1,5,20241020,13,2025-11-16 08:20:51
15674,7,13,1,4,1,6,20241020,31,2025-11-16 08:20:51
15675,10,8,1,4,1,7,20241020,65,2025-11-16 08:20:51
15676,8,69,8,4,1,8,20241020,193,2025-11-16 08:20:51
15677,30,30,8,4,1,9,20241020,363,2025-11-16 08:20:51
15678,24,36,8,4,1,10,20241020,423,2025-11-16 08:20:51
15679,29,36,7,4,1,11,20241020,612,2025-11-16 08:20:51
15680,25,16,15,4,1,12,20241020,703,2025-11-16 08:20:51
15681,25,22,9,4,1,13,20241020,714,2025-11-16 08:20:51
15682,25,23,1,4,1,14,20241020,711,2025-11-16 08:20:51
15683,25,22,1,4,1,15,20241020,711,2025-11-16 08:20:51
15684,29,17,4,4,1,16,20241020,691,2025-11-16 08:20:51
15685,29,39,7,4,1,17,20241020,731,2025-11-16 08:20:51
15686,24,18,7,4,1,18,20241020,521,2025-11-16 08:20:51
15687,30,50,8,4,1,19,20241020,345,2025-11-16 08:20:51
15688,30,18,7,4,1,20,20241020,259,2025-11-16 08:20:51
15689,8,20,7,4,1,21,20241020,296,2025-11-16 08:20:51
15690,9,34,15,4,1,22,20241020,202,2025-11-16 08:20:51
15691,7,53,1,4,1,23,20241020,163,2025-11-16 08:20:51
15692,9,48,9,4,1,0,20241021,154,2025-11-16 08:20:51
15693,7,53,7,4,1,1,20241021,117,2025-11-16 08:20:51
15694,10,52,9,4,1,2,20241021,132,2025-11-16 08:20:51
15695,5,14,2,4,1,3,20241021,41,2025-11-16 08:20:51
15696,6,13,9,4,1,4,20241021,21,2025-11-16 08:20:51
15697,5,14,2,4,1,5,20241021,10,2025-11-16 08:20:51
15698,10,52,1,4,1,6,20241021,26,2025-11-16 08:20:51
15699,10,52,1,4,1,7,20241021,56,2025-11-16 08:20:51
15700,7,69,1,4,1,8,20241021,143,2025-11-16 08:20:51
15701,8,29,9,4,1,9,20241021,269,2025-11-16 08:20:51
15702,30,38,5,4,1,10,20241021,443,2025-11-16 08:20:51
15703,24,19,10,4,1,11,20241021,547,2025-11-16 08:20:51
15704,29,18,10,4,1,12,20241021,675,2025-11-16 08:20:51
15705,25,39,3,4,1,13,20241021,626,2025-11-16 08:20:51
15706,25,24,6,4,1,14,20241021,640,2025-11-16 08:20:51
15707,25,24,10,4,1,15,20241021,623,2025-11-16 08:20:51
15708,29,39,7,4,1,16,20241021,591,2025-11-16 08:20:51
15709,24,18,3,4,1,17,20241021,491,2025-11-16 08:20:51
15710,24,18,6,4,1,18,20241021,413,2025-11-16 08:20:51
15711,30,17,9,4,1,19,20241021,266,2025-11-16 08:20:51
15712,28,19,6,4,1,20,20241021,195,2025-11-16 08:20:51
15713,7,48,9,4,1,21,20241021,166,2025-11-16 08:20:51
15714,7,48,1,4,1,22,20241021,113,2025-11-16 08:20:51
15715,9,48,1,4,1,23,20241021,66,2025-11-16 08:20:51
15716,10,52,1,4,1,0,20241022,31,2025-11-16 08:20:51
15717,10,13,1,4,1,1,20241022,11,2025-11-16 08:20:51
15718,5,13,1,4,1,2,20241022,5,2025-11-16 08:20:51
15719,10,52,1,4,1,3,20241022,6,2025-11-16 08:20:51
15720,5,14,1,4,1,4,20241022,7,2025-11-16 08:20:51
15721,5,5,2,4,1,5,20241022,46,2025-11-16 08:20:51
15722,6,5,2,4,1,6,20241022,144,2025-11-16 08:20:51
15723,5,14,2,4,1,7,20241022,452,2025-11-16 08:20:51
15724,9,69,1,4,1,8,20241022,728,2025-11-16 08:20:51
15725,8,31,2,4,1,9,20241022,360,2025-11-16 08:20:51
15726,30,29,1,4,1,10,20241022,212,2025-11-16 08:20:51
15727,25,39,9,4,1,11,20241022,211,2025-11-16 08:20:51
15728,26,24,1,4,1,12,20241022,283,2025-11-16 08:20:51
15729,33,45,9,4,1,13,20241022,315,2025-11-16 08:20:51
15730,33,58,6,4,1,14,20241022,282,2025-11-16 08:20:51
15731,32,45,9,4,1,15,20241022,296,2025-11-16 08:20:51
15732,33,40,9,4,1,16,20241022,524,2025-11-16 08:20:51
15733,33,40,15,4,1,17,20241022,922,2025-11-16 08:20:51
15734,29,27,15,4,1,18,20241022,786,2025-11-16 08:20:51
15735,24,36,15,4,1,19,20241022,514,2025-11-16 08:20:51
15736,30,30,15,4,1,20,20241022,403,2025-11-16 08:20:51
15737,28,69,2,4,1,21,20241022,174,2025-11-16 08:20:51
15738,8,8,8,4,1,22,20241022,183,2025-11-16 08:20:51
15739,8,8,15,4,1,23,20241022,163,2025-11-16 08:20:51
15740,8,9,9,4,1,0,20241023,37,2025-11-16 08:20:51
15741,8,6,9,4,1,1,20241023,17,2025-11-16 08:20:51
15742,9,9,8,4,1,2,20241023,7,2025-11-16 08:20:51
15743,9,6,8,4,1,3,20241023,1,2025-11-16 08:20:51
15744,7,6,15,4,1,4,20241023,7,2025-11-16 08:20:51
15745,9,6,2,4,1,5,20241023,50,2025-11-16 08:20:51
15746,10,8,2,4,1,6,20241023,158,2025-11-16 08:20:51
15747,9,6,15,4,2,7,20241023,531,2025-11-16 08:20:51
15748,8,7,2,4,2,8,20241023,761,2025-11-16 08:20:51
15749,30,7,15,4,2,9,20241023,334,2025-11-16 08:20:51
15750,29,55,1,4,1,10,20241023,221,2025-11-16 08:20:51
15751,27,46,1,4,1,11,20241023,253,2025-11-16 08:20:51
15752,33,16,2,4,2,12,20241023,378,2025-11-16 08:20:51
15753,32,19,1,4,2,13,20241023,303,2025-11-16 08:20:51
15754,34,49,9,4,1,14,20241023,296,2025-11-16 08:20:51
15755,34,49,7,4,1,15,20241023,346,2025-11-16 08:20:51
15756,34,19,2,4,1,16,20241023,541,2025-11-16 08:20:51
15757,34,49,1,4,1,17,20241023,938,2025-11-16 08:20:51
15758,33,46,2,4,1,18,20241023,826,2025-11-16 08:20:51
15759,33,15,2,4,1,19,20241023,482,2025-11-16 08:20:51
15760,26,27,8,4,1,20,20241023,379,2025-11-16 08:20:51
15761,25,32,1,4,1,21,20241023,295,2025-11-16 08:20:51
15762,25,32,15,4,1,22,20241023,194,2025-11-16 08:20:51
15763,29,63,15,4,1,23,20241023,111,2025-11-16 08:20:51
15764,29,63,2,4,1,0,20241024,46,2025-11-16 08:20:51
15765,29,32,1,4,1,1,20241024,27,2025-11-16 08:20:51
15766,29,32,1,4,1,2,20241024,6,2025-11-16 08:20:51
15767,30,6,2,4,1,3,20241024,4,2025-11-16 08:20:51
15768,30,6,2,4,1,4,20241024,6,2025-11-16 08:20:51
15769,30,8,1,4,1,5,20241024,53,2025-11-16 08:20:51
15770,28,8,15,4,1,6,20241024,173,2025-11-16 08:20:51
15771,30,9,2,4,1,7,20241024,526,2025-11-16 08:20:51
15772,24,83,15,4,2,8,20241024,801,2025-11-16 08:20:51
15773,24,6,2,4,2,9,20241024,373,2025-11-16 08:20:51
15774,29,63,1,4,2,10,20241024,171,2025-11-16 08:20:51
15775,26,27,1,4,1,11,20241024,236,2025-11-16 08:20:51
15776,33,54,2,4,1,12,20241024,316,2025-11-16 08:20:51
15777,31,48,1,4,1,13,20241024,306,2025-11-16 08:20:51
15778,36,25,3,4,1,14,20241024,301,2025-11-16 08:20:51
15779,35,18,15,4,1,15,20241024,308,2025-11-16 08:20:51
15780,36,40,8,4,1,16,20241024,532,2025-11-16 08:20:51
15781,31,20,1,4,1,17,20241024,963,2025-11-16 08:20:51
15782,31,19,1,4,1,18,20241024,858,2025-11-16 08:20:51
15783,32,46,2,4,2,19,20241024,572,2025-11-16 08:20:51
15784,33,54,2,4,2,20,20241024,441,2025-11-16 08:20:51
15785,33,54,15,4,2,21,20241024,313,2025-11-16 08:20:51
15786,27,27,8,4,2,22,20241024,238,2025-11-16 08:20:51
15787,26,32,2,4,2,23,20241024,123,2025-11-16 08:20:51
15788,27,27,15,4,2,0,20241025,76,2025-11-16 08:20:51
15789,26,32,1,4,1,1,20241025,28,2025-11-16 08:20:51
15790,29,6,1,4,1,2,20241025,18,2025-11-16 08:20:51
15791,24,9,8,4,2,3,20241025,8,2025-11-16 08:20:51
15792,24,9,15,4,2,4,20241025,5,2025-11-16 08:20:51
15793,24,9,9,4,2,5,20241025,55,2025-11-16 08:20:51
15794,24,9,6,4,2,6,20241025,171,2025-11-16 08:20:51
15795,24,9,6,4,2,7,20241025,495,2025-11-16 08:20:51
15796,24,83,9,4,2,8,20241025,779,2025-11-16 08:20:51
15797,24,83,6,4,2,9,20241025,343,2025-11-16 08:20:51
15798,29,83,8,4,2,10,20241025,225,2025-11-16 08:20:51
15799,29,83,15,4,2,11,20241025,238,2025-11-16 08:20:51
15800,25,84,15,4,2,12,20241025,319,2025-11-16 08:20:51
15801,25,84,1,4,2,13,20241025,313,2025-11-16 08:20:51
15802,27,63,8,4,1,14,20241025,285,2025-11-16 08:20:51
15803,33,56,8,4,1,15,20241025,305,2025-11-16 08:20:51
15804,27,28,9,4,1,16,20241025,499,2025-11-16 08:20:51
15805,27,28,9,4,1,17,20241025,886,2025-11-16 08:20:51
15806,25,83,15,4,1,18,20241025,809,2025-11-16 08:20:51
15807,29,83,6,4,1,19,20241025,542,2025-11-16 08:20:51
15808,24,9,8,4,2,20,20241025,347,2025-11-16 08:20:51
15809,24,9,8,4,2,21,20241025,271,2025-11-16 08:20:51
15810,29,83,2,4,2,22,20241025,207,2025-11-16 08:20:51
15811,29,83,8,4,2,23,20241025,135,2025-11-16 08:20:51
15812,29,6,1,4,2,0,20241026,71,2025-11-16 08:20:51
15813,24,9,2,4,2,1,20241026,36,2025-11-16 08:20:51
15814,24,9,15,4,2,2,20241026,19,2025-11-16 08:20:51
15815,24,9,9,4,2,3,20241026,13,2025-11-16 08:20:51
15816,24,9,9,4,2,4,20241026,5,2025-11-16 08:20:51
15817,24,9,15,4,2,5,20241026,50,2025-11-16 08:20:51
15818,24,9,2,4,2,6,20241026,144,2025-11-16 08:20:51
15819,24,9,15,4,2,7,20241026,421,2025-11-16 08:20:51
15820,29,9,8,4,2,8,20241026,734,2025-11-16 08:20:51
15821,29,9,8,4,2,9,20241026,403,2025-11-16 08:20:51
15822,29,9,15,4,2,10,20241026,197,2025-11-16 08:20:51
15823,25,84,9,4,2,11,20241026,290,2025-11-16 08:20:51
15824,26,63,6,4,2,12,20241026,392,2025-11-16 08:20:51
15825,26,32,8,4,2,13,20241026,337,2025-11-16 08:20:51
15826,27,27,8,4,2,14,20241026,351,2025-11-16 08:20:51
15827,33,54,15,4,2,15,20241026,448,2025-11-16 08:20:51
15828,26,63,9,4,2,16,20241026,582,2025-11-16 08:20:51
15829,25,5,6,4,2,17,20241026,817,2025-11-16 08:20:51
15830,25,84,8,4,2,18,20241026,665,2025-11-16 08:20:51
15831,29,83,9,4,2,19,20241026,471,2025-11-16 08:20:51
15832,29,83,9,4,2,20,20241026,311,2025-11-16 08:20:51
15833,29,6,8,4,2,21,20241026,292,2025-11-16 08:20:51
15834,24,83,8,4,2,22,20241026,217,2025-11-16 08:20:51
15835,24,83,9,4,1,23,20241026,178,2025-11-16 08:20:51
15836,30,9,8,4,1,0,20241027,142,2025-11-16 08:20:51
15837,30,9,8,4,2,1,20241027,146,2025-11-16 08:20:51
15838,30,9,6,4,2,2,20241027,90,2025-11-16 08:20:51
15839,30,9,9,4,1,3,20241027,26,2025-11-16 08:20:51
15840,30,9,9,4,2,4,20241027,13,2025-11-16 08:20:51
15841,30,8,6,4,2,5,20241027,9,2025-11-16 08:20:51
15842,30,8,6,4,2,6,20241027,31,2025-11-16 08:20:51
15843,28,83,6,4,1,7,20241027,86,2025-11-16 08:20:51
15844,30,6,3,4,1,8,20241027,213,2025-11-16 08:20:51
15845,30,6,3,4,1,9,20241027,328,2025-11-16 08:20:51
15846,29,63,4,4,1,10,20241027,479,2025-11-16 08:20:51
15847,25,27,4,4,1,11,20241027,585,2025-11-16 08:20:51
15848,27,46,3,4,1,12,20241027,668,2025-11-16 08:20:51
15849,27,22,3,4,1,13,20241027,760,2025-11-16 08:20:51
15850,27,16,3,4,1,14,20241027,750,2025-11-16 08:20:51
15851,25,55,4,4,2,15,20241027,711,2025-11-16 08:20:51
15852,25,27,4,4,2,16,20241027,612,2025-11-16 08:20:51
15853,25,27,4,4,2,17,20241027,618,2025-11-16 08:20:51
15854,25,27,4,4,2,18,20241027,456,2025-11-16 08:20:51
15855,24,7,7,4,2,19,20241027,300,2025-11-16 08:20:51
15856,24,7,7,4,2,20,20241027,296,2025-11-16 08:20:51
15857,24,7,7,4,2,21,20241027,209,2025-11-16 08:20:51
15858,24,7,3,4,2,22,20241027,157,2025-11-16 08:20:51
15859,24,32,14,4,2,23,20241027,167,2025-11-16 08:20:51
15860,24,32,5,4,3,0,20241028,117,2025-11-16 08:20:51
15861,30,7,4,4,2,1,20241028,133,2025-11-16 08:20:51
15862,30,32,5,4,2,2,20241028,116,2025-11-16 08:20:51
15863,30,31,10,4,2,3,20241028,79,2025-11-16 08:20:51
15864,30,31,12,4,2,4,20241028,20,2025-11-16 08:20:51
15865,30,31,5,4,2,5,20241028,28,2025-11-16 08:20:51
15866,30,30,10,4,2,6,20241028,39,2025-11-16 08:20:51
15867,30,30,5,4,2,7,20241028,65,2025-11-16 08:20:51
15868,30,30,17,4,2,8,20241028,173,2025-11-16 08:20:51
15869,30,29,13,4,2,9,20241028,330,2025-11-16 08:20:51
15870,28,34,13,4,2,10,20241028,434,2025-11-16 08:20:51
15871,30,34,14,4,2,11,20241028,462,2025-11-16 08:20:51
15872,28,30,16,4,2,12,20241028,491,2025-11-16 08:20:51
15873,28,30,13,4,2,13,20241028,391,2025-11-16 08:20:51
15874,30,30,11,4,2,14,20241028,402,2025-11-16 08:20:51
15875,30,31,16,4,2,15,20241028,301,2025-11-16 08:20:51
15876,28,69,18,4,3,16,20241028,293,2025-11-16 08:20:51
15877,8,6,19,4,3,17,20241028,225,2025-11-16 08:20:51
15878,7,11,16,4,3,18,20241028,154,2025-11-16 08:20:51
15879,7,11,12,4,3,19,20241028,54,2025-11-16 08:20:51
15880,7,11,18,4,3,20,20241028,55,2025-11-16 08:20:51
15881,9,9,13,4,3,21,20241028,46,2025-11-16 08:20:51
15882,9,9,12,4,3,22,20241028,37,2025-11-16 08:20:51
15883,7,11,12,4,3,23,20241028,14,2025-11-16 08:20:51
15884,9,9,12,4,3,0,20241029,22,2025-11-16 08:20:51
15885,12,1,12,4,3,13,20241030,116,2025-11-16 08:20:51
15886,12,1,12,4,3,14,20241030,126,2025-11-16 08:20:51
15887,12,10,3,4,3,15,20241030,124,2025-11-16 08:20:51
15888,12,10,3,4,3,16,20241030,98,2025-11-16 08:20:51
15889,12,10,7,4,3,17,20241030,124,2025-11-16 08:20:51
15890,12,10,8,4,3,18,20241030,143,2025-11-16 08:20:51
15891,30,32,6,4,2,19,20241030,115,2025-11-16 08:20:51
15892,12,1,6,4,2,20,20241030,81,2025-11-16 08:20:51
15893,12,10,15,4,2,21,20241030,64,2025-11-16 08:20:51
15894,12,1,8,4,1,22,20241030,66,2025-11-16 08:20:51
15895,12,1,8,4,1,23,20241030,39,2025-11-16 08:20:51
15896,12,1,15,4,2,0,20241031,16,2025-11-16 08:20:51
15897,12,1,2,4,2,1,20241031,8,2025-11-16 08:20:51
15898,12,1,8,4,2,2,20241031,7,2025-11-16 08:20:51
15899,12,1,15,4,2,3,20241031,3,2025-11-16 08:20:51
15900,12,10,6,4,2,4,20241031,5,2025-11-16 08:20:51
15901,12,1,8,4,2,5,20241031,24,2025-11-16 08:20:51
15902,12,1,9,4,1,6,20241031,116,2025-11-16 08:20:51
15903,12,10,8,4,2,7,20241031,337,2025-11-16 08:20:51
15904,4,1,8,4,1,8,20241031,621,2025-11-16 08:20:51
15905,11,5,8,4,1,9,20241031,297,2025-11-16 08:20:51
15906,6,13,4,4,1,10,20241031,168,2025-11-16 08:20:51
15907,6,14,7,4,2,11,20241031,189,2025-11-16 08:20:51
15908,10,53,6,4,1,12,20241031,241,2025-11-16 08:20:51
15909,7,21,7,4,1,13,20241031,213,2025-11-16 08:20:51
15910,7,21,7,4,2,14,20241031,224,2025-11-16 08:20:51
15911,7,48,9,4,1,15,20241031,230,2025-11-16 08:20:51
15912,7,48,7,4,2,16,20241031,424,2025-11-16 08:20:51
15913,10,53,9,4,2,17,20241031,723,2025-11-16 08:20:51
15914,10,53,9,4,2,18,20241031,584,2025-11-16 08:20:51
15915,10,21,6,4,2,19,20241031,410,2025-11-16 08:20:51
15916,10,21,6,4,2,20,20241031,268,2025-11-16 08:20:51
15917,10,21,6,4,2,21,20241031,192,2025-11-16 08:20:51
15918,6,15,8,4,1,22,20241031,165,2025-11-16 08:20:51
15919,6,15,2,4,1,23,20241031,101,2025-11-16 08:20:51
15920,6,15,2,4,1,0,20241101,60,2025-11-16 08:20:51
15921,12,3,15,4,1,1,20241101,30,2025-11-16 08:20:51
15922,4,14,8,4,1,2,20241101,20,2025-11-16 08:20:51
15923,11,54,8,4,1,3,20241101,15,2025-11-16 08:20:51
15924,11,14,15,4,2,4,20241101,10,2025-11-16 08:20:51
15925,11,14,8,4,1,5,20241101,40,2025-11-16 08:20:51
15926,11,54,9,4,1,6,20241101,148,2025-11-16 08:20:51
15927,6,15,9,4,2,7,20241101,420,2025-11-16 08:20:51
15928,6,35,15,4,2,8,20241101,680,2025-11-16 08:20:51
15929,6,15,15,4,3,9,20241101,331,2025-11-16 08:20:51
15930,6,52,6,4,3,10,20241101,146,2025-11-16 08:20:51
15931,6,52,6,4,3,11,20241101,170,2025-11-16 08:20:51
15932,5,52,9,4,3,12,20241101,221,2025-11-16 08:20:51
15933,10,53,9,4,2,13,20241101,248,2025-11-16 08:20:51
15934,10,21,7,4,2,14,20241101,185,2025-11-16 08:20:51
15935,10,48,9,4,2,15,20241101,214,2025-11-16 08:20:51
15936,10,48,9,4,2,16,20241101,344,2025-11-16 08:20:51
15937,10,21,7,4,3,17,20241101,689,2025-11-16 08:20:51
15938,10,21,9,4,2,18,20241101,678,2025-11-16 08:20:51
15939,10,21,9,4,2,19,20241101,452,2025-11-16 08:20:51
15940,5,48,3,4,2,20,20241101,296,2025-11-16 08:20:51
15941,5,48,8,4,2,21,20241101,267,2025-11-16 08:20:51
15942,6,15,9,4,1,22,20241101,202,2025-11-16 08:20:51
15943,11,15,9,4,1,23,20241101,120,2025-11-16 08:20:51
15944,11,15,9,4,1,0,20241102,50,2025-11-16 08:20:51
15945,4,14,9,4,1,1,20241102,24,2025-11-16 08:20:51
15946,4,14,9,4,1,2,20241102,10,2025-11-16 08:20:51
15947,12,57,9,4,1,3,20241102,3,2025-11-16 08:20:51
15948,12,57,15,4,1,4,20241102,7,2025-11-16 08:20:51
15949,4,14,9,4,2,5,20241102,26,2025-11-16 08:20:51
15950,12,57,9,4,1,6,20241102,122,2025-11-16 08:20:51
15951,12,57,8,4,2,7,20241102,357,2025-11-16 08:20:51
15952,4,15,15,4,1,8,20241102,687,2025-11-16 08:20:51
15953,11,46,15,4,1,9,20241102,382,2025-11-16 08:20:51
15954,5,16,5,4,1,10,20241102,204,2025-11-16 08:20:51
15955,7,49,13,4,1,11,20241102,221,2025-11-16 08:20:51
15956,7,49,12,4,1,12,20241102,292,2025-11-16 08:20:51
15957,10,22,12,4,1,13,20241102,294,2025-11-16 08:20:51
15958,10,23,16,4,2,14,20241102,262,2025-11-16 08:20:51
15959,10,23,13,4,2,15,20241102,306,2025-11-16 08:20:51
15960,5,23,10,4,1,16,20241102,421,2025-11-16 08:20:51
15961,5,23,10,4,1,17,20241102,638,2025-11-16 08:20:51
15962,5,22,10,4,2,18,20241102,522,2025-11-16 08:20:51
15963,5,22,5,4,2,19,20241102,374,2025-11-16 08:20:51
15964,6,16,13,4,2,20,20241102,221,2025-11-16 08:20:51
15965,6,16,12,4,2,21,20241102,156,2025-11-16 08:20:51
15966,6,16,3,4,1,22,20241102,149,2025-11-16 08:20:51
15967,11,46,5,4,1,23,20241102,119,2025-11-16 08:20:51
15968,11,46,9,4,1,0,20241103,108,2025-11-16 08:20:51
15969,11,37,10,4,2,1,20241103,89,2025-11-16 08:20:51
15970,11,37,3,4,2,2,20241103,46,2025-11-16 08:20:51
15971,11,37,3,4,2,3,20241103,28,2025-11-16 08:20:51
15972,4,37,5,4,2,4,20241103,16,2025-11-16 08:20:51
15973,4,37,3,4,2,5,20241103,9,2025-11-16 08:20:51
15974,4,37,6,4,2,6,20241103,21,2025-11-16 08:20:51
15975,4,37,3,4,2,7,20241103,59,2025-11-16 08:20:51
15976,11,16,5,4,2,8,20241103,142,2025-11-16 08:20:51
15977,11,37,5,4,2,9,20241103,219,2025-11-16 08:20:51
15978,6,16,14,4,1,10,20241103,328,2025-11-16 08:20:51
15979,6,16,14,4,2,11,20241103,340,2025-11-16 08:20:51
15980,6,16,18,4,2,12,20241103,394,2025-11-16 08:20:51
15981,6,16,12,4,2,13,20241103,449,2025-11-16 08:20:51
15982,6,21,10,4,2,14,20241103,455,2025-11-16 08:20:51
15983,6,16,11,4,2,15,20241103,448,2025-11-16 08:20:51
15984,6,16,10,4,2,16,20241103,400,2025-11-16 08:20:51
15985,6,16,5,4,2,17,20241103,410,2025-11-16 08:20:51
15986,6,16,4,4,2,18,20241103,297,2025-11-16 08:20:51
15987,6,21,9,4,1,19,20241103,239,2025-11-16 08:20:51
15988,11,46,8,4,1,20,20241103,181,2025-11-16 08:20:51
15989,11,46,15,4,1,21,20241103,166,2025-11-16 08:20:51
15990,4,15,15,4,1,22,20241103,146,2025-11-16 08:20:51
15991,4,15,15,4,1,23,20241103,148,2025-11-16 08:20:51
15992,12,54,15,4,1,0,20241104,102,2025-11-16 08:20:51
15993,13,1,2,4,1,1,20241104,165,2025-11-16 08:20:51
15994,12,56,1,4,1,2,20241104,37,2025-11-16 08:20:51
15995,18,54,15,4,1,3,20241104,11,2025-11-16 08:20:51
15996,13,56,8,4,1,4,20241104,9,2025-11-16 08:20:51
15997,13,56,15,4,1,5,20241104,5,2025-11-16 08:20:51
15998,18,54,8,4,1,6,20241104,16,2025-11-16 08:20:51
15999,13,56,15,4,1,7,20241104,50,2025-11-16 08:20:51
16000,12,35,8,4,1,8,20241104,149,2025-11-16 08:20:51
16001,4,46,1,4,1,9,20241104,217,2025-11-16 08:20:51
16002,11,37,6,4,1,10,20241104,360,2025-11-16 08:20:51
16003,5,16,7,4,1,11,20241104,445,2025-11-16 08:20:51
16004,5,16,7,4,1,12,20241104,504,2025-11-16 08:20:51
16005,10,22,7,4,1,13,20241104,493,2025-11-16 08:20:51
16006,10,23,6,4,1,14,20241104,509,2025-11-16 08:20:51
16007,10,23,7,4,1,15,20241104,449,2025-11-16 08:20:51
16008,10,23,10,4,1,16,20241104,435,2025-11-16 08:20:51
16009,6,22,6,4,1,17,20241104,327,2025-11-16 08:20:51
16010,6,22,7,4,1,18,20241104,237,2025-11-16 08:20:51
16011,6,22,3,4,1,19,20241104,227,2025-11-16 08:20:51
16012,4,46,12,4,1,20,20241104,141,2025-11-16 08:20:51
16013,12,36,5,4,1,21,20241104,87,2025-11-16 08:20:51
16014,12,36,4,4,1,22,20241104,79,2025-11-16 08:20:51
16015,12,35,9,4,2,23,20241104,53,2025-11-16 08:20:51
16016,12,35,6,4,2,0,20241105,23,2025-11-16 08:20:51
16017,12,35,9,4,2,1,20241105,8,2025-11-16 08:20:51
16018,12,35,9,4,2,2,20241105,6,2025-11-16 08:20:51
16019,12,35,7,4,2,3,20241105,4,2025-11-16 08:20:51
16020,12,36,3,4,2,4,20241105,16,2025-11-16 08:20:51
16021,12,36,10,4,2,5,20241105,39,2025-11-16 08:20:51
16022,12,37,4,4,2,6,20241105,139,2025-11-16 08:20:51
16023,12,37,3,4,2,7,20241105,461,2025-11-16 08:20:51
16024,12,37,7,4,2,8,20241105,648,2025-11-16 08:20:51
16025,12,36,4,4,2,9,20241105,257,2025-11-16 08:20:51
16026,4,37,4,4,1,10,20241105,142,2025-11-16 08:20:51
16027,11,16,7,4,1,11,20241105,150,2025-11-16 08:20:51
16028,6,22,10,4,1,12,20241105,244,2025-11-16 08:20:51
16029,6,23,3,4,1,13,20241105,222,2025-11-16 08:20:51
16030,5,23,9,4,1,14,20241105,196,2025-11-16 08:20:51
16031,5,23,4,4,1,15,20241105,231,2025-11-16 08:20:51
16032,6,22,4,4,1,16,20241105,360,2025-11-16 08:20:51
16033,11,16,7,4,1,17,20241105,638,2025-11-16 08:20:51
16034,11,16,7,4,1,18,20241105,542,2025-11-16 08:20:51
16035,4,37,9,4,1,19,20241105,372,2025-11-16 08:20:51
16036,4,37,3,4,1,20,20241105,241,2025-11-16 08:20:51
16037,12,36,4,4,1,21,20241105,152,2025-11-16 08:20:51
16038,18,35,6,4,1,22,20241105,115,2025-11-16 08:20:51
16039,13,55,8,4,1,23,20241105,53,2025-11-16 08:20:51
16040,1,55,15,4,1,0,20241106,19,2025-11-16 08:20:51
16041,1,55,9,4,1,1,20241106,8,2025-11-16 08:20:51
16042,1,56,2,4,1,2,20241106,2,2025-11-16 08:20:51
16043,2,27,15,4,1,3,20241106,4,2025-11-16 08:20:51
16044,2,28,2,4,1,4,20241106,7,2025-11-16 08:20:51
16045,2,27,6,4,2,5,20241106,41,2025-11-16 08:20:51
16046,2,28,8,4,1,6,20241106,149,2025-11-16 08:20:51
16047,3,28,9,4,1,7,20241106,387,2025-11-16 08:20:51
16048,2,28,9,4,1,8,20241106,588,2025-11-16 08:20:51
16049,13,55,9,4,1,9,20241106,363,2025-11-16 08:20:51
16050,12,37,6,4,1,10,20241106,230,2025-11-16 08:20:51
16051,4,50,8,4,1,11,20241106,216,2025-11-16 08:20:51
16052,4,50,8,4,1,12,20241106,248,2025-11-16 08:20:51
16053,11,16,8,4,1,13,20241106,278,2025-11-16 08:20:51
16054,6,23,15,4,1,14,20241106,240,2025-11-16 08:20:51
16055,11,16,3,4,1,15,20241106,272,2025-11-16 08:20:51
16056,11,16,9,4,1,16,20241106,402,2025-11-16 08:20:51
16057,4,46,7,4,1,17,20241106,627,2025-11-16 08:20:51
16058,4,15,5,4,1,18,20241106,497,2025-11-16 08:20:51
16059,12,35,7,4,1,19,20241106,371,2025-11-16 08:20:51
16060,12,54,7,4,1,20,20241106,228,2025-11-16 08:20:51
16061,12,35,3,4,2,21,20241106,151,2025-11-16 08:20:51
16062,12,35,7,4,2,22,20241106,153,2025-11-16 08:20:51
16063,12,35,7,4,1,23,20241106,205,2025-11-16 08:20:51
16064,12,35,4,4,2,0,20241107,283,2025-11-16 08:20:51
16065,18,54,3,4,2,1,20241107,92,2025-11-16 08:20:51
16066,18,35,5,4,2,2,20241107,74,2025-11-16 08:20:51
16067,18,36,10,4,2,3,20241107,11,2025-11-16 08:20:51
16068,18,36,5,4,2,4,20241107,9,2025-11-16 08:20:51
16069,18,36,10,4,2,5,20241107,27,2025-11-16 08:20:51
16070,13,35,4,4,2,6,20241107,118,2025-11-16 08:20:51
16071,13,35,5,4,2,7,20241107,319,2025-11-16 08:20:51
16072,13,55,4,4,2,8,20241107,601,2025-11-16 08:20:51
16073,13,55,4,4,2,9,20241107,368,2025-11-16 08:20:51
16074,18,35,5,4,2,10,20241107,178,2025-11-16 08:20:51
16075,4,34,12,4,2,11,20241107,147,2025-11-16 08:20:51
16076,4,46,4,4,2,12,20241107,212,2025-11-16 08:20:51
16077,4,46,3,4,2,13,20241107,181,2025-11-16 08:20:51
16078,4,46,12,4,2,14,20241107,161,2025-11-16 08:20:51
16079,4,46,5,4,2,15,20241107,198,2025-11-16 08:20:51
16080,4,46,12,4,2,16,20241107,273,2025-11-16 08:20:51
16081,4,46,14,4,2,17,20241107,517,2025-11-16 08:20:51
16082,4,46,12,4,2,18,20241107,465,2025-11-16 08:20:51
16083,12,35,5,4,2,19,20241107,319,2025-11-16 08:20:51
16084,4,37,10,4,2,20,20241107,256,2025-11-16 08:20:51
16085,4,37,5,4,2,21,20241107,126,2025-11-16 08:20:51
16086,12,35,3,4,3,22,20241107,60,2025-11-16 08:20:51
16087,18,56,7,4,3,23,20241107,40,2025-11-16 08:20:51
16088,18,54,7,4,3,0,20241108,15,2025-11-16 08:20:51
16089,12,36,12,4,3,1,20241108,12,2025-11-16 08:20:51
16090,12,37,7,4,2,2,20241108,6,2025-11-16 08:20:51
16091,12,50,4,4,2,4,20241108,10,2025-11-16 08:20:51
16092,12,17,7,4,2,5,20241108,35,2025-11-16 08:20:51
16093,12,18,7,4,1,6,20241108,124,2025-11-16 08:20:51
16094,18,43,14,4,1,7,20241108,423,2025-11-16 08:20:51
16095,12,40,4,4,1,8,20241108,668,2025-11-16 08:20:51
16096,4,62,12,4,1,9,20241108,275,2025-11-16 08:20:51
16097,4,62,10,4,1,10,20241108,161,2025-11-16 08:20:51
16098,6,45,14,4,1,11,20241108,171,2025-11-16 08:20:51
16099,10,64,16,4,1,12,20241108,235,2025-11-16 08:20:51
16100,9,77,13,4,1,13,20241108,228,2025-11-16 08:20:51
16101,9,77,13,4,1,14,20241108,182,2025-11-16 08:20:51
16102,9,77,13,4,1,15,20241108,233,2025-11-16 08:20:51
16103,7,76,14,4,1,16,20241108,339,2025-11-16 08:20:51
16104,10,79,5,4,1,17,20241108,592,2025-11-16 08:20:51
16105,10,64,13,4,1,18,20241108,507,2025-11-16 08:20:51
16106,5,58,12,4,1,19,20241108,373,2025-11-16 08:20:51
16107,5,45,18,4,1,20,20241108,245,2025-11-16 08:20:51
16108,6,39,14,4,1,21,20241108,233,2025-11-16 08:20:51
16109,11,17,5,4,1,22,20241108,161,2025-11-16 08:20:51
16110,11,16,12,4,1,23,20241108,87,2025-11-16 08:20:51
16111,11,37,10,4,1,0,20241109,55,2025-11-16 08:20:51
16112,4,46,4,4,1,1,20241109,20,2025-11-16 08:20:51
16113,4,46,3,4,1,2,20241109,12,2025-11-16 08:20:51
16114,4,46,13,4,1,3,20241109,9,2025-11-16 08:20:51
16115,4,46,12,4,1,4,20241109,14,2025-11-16 08:20:51
16116,12,35,6,4,1,5,20241109,27,2025-11-16 08:20:51
16117,13,56,15,4,1,6,20241109,131,2025-11-16 08:20:51
16118,13,56,8,4,1,7,20241109,341,2025-11-16 08:20:51
16119,4,15,9,4,1,8,20241109,693,2025-11-16 08:20:51
16120,11,46,13,4,1,9,20241109,327,2025-11-16 08:20:51
16121,6,21,10,4,1,10,20241109,197,2025-11-16 08:20:51
16122,10,20,5,4,1,11,20241109,251,2025-11-16 08:20:51
16123,9,49,10,4,1,12,20241109,262,2025-11-16 08:20:51
16124,8,42,5,4,1,13,20241109,299,2025-11-16 08:20:51
16125,8,42,6,4,1,14,20241109,274,2025-11-16 08:20:51
16126,8,43,7,4,1,15,20241109,356,2025-11-16 08:20:51
16127,8,42,9,4,1,16,20241109,434,2025-11-16 08:20:51
16128,7,19,8,4,1,17,20241109,654,2025-11-16 08:20:51
16129,7,19,15,4,1,18,20241109,496,2025-11-16 08:20:51
16130,11,13,2,4,1,19,20241109,361,2025-11-16 08:20:51
16131,6,14,8,4,1,20,20241109,255,2025-11-16 08:20:51
16132,11,5,1,4,1,21,20241109,199,2025-11-16 08:20:51
16133,11,13,15,4,1,22,20241109,163,2025-11-16 08:20:51
16134,4,1,2,4,1,23,20241109,162,2025-11-16 08:20:51
16135,4,5,2,4,1,0,20241110,122,2025-11-16 08:20:51
16136,12,1,2,4,1,1,20241110,76,2025-11-16 08:20:51
16137,4,1,1,4,1,2,20241110,44,2025-11-16 08:20:51
16138,12,1,1,4,1,3,20241110,20,2025-11-16 08:20:51
16139,13,10,15,4,1,4,20241110,6,2025-11-16 08:20:51
16140,18,10,1,4,1,5,20241110,10,2025-11-16 08:20:51
16141,1,44,2,4,1,6,20241110,16,2025-11-16 08:20:51
16142,13,10,15,4,1,7,20241110,71,2025-11-16 08:20:51
16143,4,5,1,4,1,8,20241110,146,2025-11-16 08:20:51
16144,6,14,6,4,1,9,20241110,259,2025-11-16 08:20:51
16145,10,53,1,4,1,10,20241110,350,2025-11-16 08:20:51
16146,10,53,15,4,1,11,20241110,466,2025-11-16 08:20:51
16147,28,38,1,4,1,12,20241110,606,2025-11-16 08:20:51
16148,24,18,1,4,1,13,20241110,651,2025-11-16 08:20:51
16149,29,39,1,4,1,14,20241110,627,2025-11-16 08:20:51
16150,24,50,1,4,1,15,20241110,567,2025-11-16 08:20:51
16151,29,39,1,4,1,16,20241110,605,2025-11-16 08:20:51
16152,30,50,6,4,1,17,20241110,501,2025-11-16 08:20:51
16153,9,48,8,4,1,18,20241110,359,2025-11-16 08:20:51
16154,8,34,2,4,1,19,20241110,283,2025-11-16 08:20:51
16155,9,48,1,4,1,20,20241110,192,2025-11-16 08:20:51
16156,10,14,1,4,1,21,20241110,220,2025-11-16 08:20:51
16157,5,13,2,4,1,22,20241110,193,2025-11-16 08:20:51
16158,6,13,15,4,1,23,20241110,146,2025-11-16 08:20:51
16159,11,1,2,4,1,0,20241111,124,2025-11-16 08:20:51
16160,11,5,2,4,1,1,20241111,108,2025-11-16 08:20:51
16161,4,10,15,4,1,2,20241111,70,2025-11-16 08:20:51
16162,11,1,1,4,1,3,20241111,48,2025-11-16 08:20:51
16163,4,1,15,4,1,4,20241111,11,2025-11-16 08:20:51
16164,12,10,8,4,1,5,20241111,12,2025-11-16 08:20:51
16165,12,10,2,4,1,6,20241111,19,2025-11-16 08:20:51
16166,12,86,2,4,1,7,20241111,68,2025-11-16 08:20:51
16167,4,10,15,4,1,8,20241111,119,2025-11-16 08:20:51
16168,6,6,1,4,1,9,20241111,273,2025-11-16 08:20:51
16169,10,28,15,4,1,10,20241111,405,2025-11-16 08:20:51
16170,8,30,8,4,1,11,20241111,504,2025-11-16 08:20:51
16171,30,38,2,4,1,12,20241111,585,2025-11-16 08:20:51
16172,29,50,15,4,1,13,20241111,686,2025-11-16 08:20:51
16173,27,40,9,4,1,14,20241111,654,2025-11-16 08:20:51
16174,25,39,7,4,1,15,20241111,724,2025-11-16 08:20:51
16175,29,17,7,4,1,16,20241111,653,2025-11-16 08:20:51
16176,29,50,9,4,1,17,20241111,493,2025-11-16 08:20:51
16177,24,50,8,4,1,18,20241111,405,2025-11-16 08:20:51
16178,28,29,8,4,1,19,20241111,277,2025-11-16 08:20:51
16179,9,52,9,4,1,20,20241111,200,2025-11-16 08:20:51
16180,9,69,7,4,1,21,20241111,171,2025-11-16 08:20:51
16181,7,13,6,4,1,22,20241111,134,2025-11-16 08:20:51
16182,7,13,6,4,1,23,20241111,109,2025-11-16 08:20:51
16183,7,13,15,4,1,0,20241112,49,2025-11-16 08:20:51
16184,10,5,9,4,1,1,20241112,30,2025-11-16 08:20:51
16185,10,5,8,4,1,2,20241112,20,2025-11-16 08:20:51
16186,10,5,8,4,1,3,20241112,4,2025-11-16 08:20:51
16187,10,5,2,4,1,4,20241112,4,2025-11-16 08:20:51
16188,5,10,1,4,1,5,20241112,24,2025-11-16 08:20:51
16189,5,10,15,4,1,6,20241112,71,2025-11-16 08:20:51
16190,10,10,1,4,1,7,20241112,264,2025-11-16 08:20:51
16191,7,8,9,4,1,8,20241112,540,2025-11-16 08:20:51
16192,9,9,15,4,1,9,20241112,397,2025-11-16 08:20:51
16193,28,6,9,4,1,10,20241112,266,2025-11-16 08:20:51
16194,24,7,9,4,1,11,20241112,367,2025-11-16 08:20:51
16195,25,27,7,4,1,12,20241112,419,2025-11-16 08:20:51
16196,27,55,7,4,1,13,20241112,420,2025-11-16 08:20:51
16197,26,55,4,4,1,14,20241112,444,2025-11-16 08:20:51
16198,25,27,3,4,1,15,20241112,382,2025-11-16 08:20:51
16199,25,27,9,4,1,16,20241112,434,2025-11-16 08:20:51
16200,25,27,4,4,1,17,20241112,596,2025-11-16 08:20:51
16201,24,7,8,4,1,18,20241112,551,2025-11-16 08:20:51
16202,29,63,4,4,1,19,20241112,353,2025-11-16 08:20:51
16203,24,6,4,4,2,20,20241112,304,2025-11-16 08:20:51
16204,29,63,7,4,3,21,20241112,155,2025-11-16 08:20:51
16205,24,6,3,4,1,22,20241112,112,2025-11-16 08:20:51
16206,29,6,7,4,2,23,20241112,63,2025-11-16 08:20:51
16207,24,83,4,4,2,0,20241113,23,2025-11-16 08:20:51
16208,9,9,26,4,3,1,20241113,5,2025-11-16 08:20:51
16209,6,10,11,4,3,2,20241113,11,2025-11-16 08:20:51
16210,6,10,12,4,3,3,20241113,5,2025-11-16 08:20:51
16211,6,1,14,4,2,4,20241113,9,2025-11-16 08:20:51
16212,11,10,4,4,2,5,20241113,18,2025-11-16 08:20:51
16213,4,1,18,4,3,6,20241113,50,2025-11-16 08:20:51
16214,4,10,3,4,3,7,20241113,107,2025-11-16 08:20:51
16215,4,10,3,4,3,8,20241113,211,2025-11-16 08:20:51
16216,4,1,10,4,3,9,20241113,110,2025-11-16 08:20:51
16217,12,3,14,4,3,10,20241113,94,2025-11-16 08:20:51
16218,4,57,3,4,1,11,20241113,155,2025-11-16 08:20:51
16219,11,54,4,4,1,12,20241113,196,2025-11-16 08:20:51
16220,11,46,3,4,1,13,20241113,218,2025-11-16 08:20:51
16221,5,16,14,4,1,14,20241113,203,2025-11-16 08:20:51
16222,10,23,5,4,1,15,20241113,217,2025-11-16 08:20:51
16223,5,23,5,4,1,16,20241113,310,2025-11-16 08:20:51
16224,11,37,12,4,1,17,20241113,608,2025-11-16 08:20:51
16225,11,37,4,4,1,18,20241113,559,2025-11-16 08:20:51
16226,4,37,12,4,1,19,20241113,356,2025-11-16 08:20:51
16227,12,37,12,4,1,20,20241113,223,2025-11-16 08:20:51
16228,12,37,12,4,1,21,20241113,187,2025-11-16 08:20:51
16229,13,35,10,4,1,22,20241113,135,2025-11-16 08:20:51
16230,13,35,5,4,1,23,20241113,84,2025-11-16 08:20:51
16231,13,35,4,4,1,0,20241114,24,2025-11-16 08:20:51
16232,1,55,5,4,1,1,20241114,12,2025-11-16 08:20:51
16233,1,55,5,4,1,2,20241114,1,2025-11-16 08:20:51
16234,1,56,7,4,1,3,20241114,5,2025-11-16 08:20:51
16235,2,28,6,4,1,4,20241114,6,2025-11-16 08:20:51
16236,2,28,6,4,1,5,20241114,39,2025-11-16 08:20:51
16237,1,56,6,4,1,6,20241114,146,2025-11-16 08:20:51
16238,1,56,4,4,1,7,20241114,415,2025-11-16 08:20:51
16239,18,35,5,4,1,8,20241114,691,2025-11-16 08:20:51
16240,12,36,14,4,1,9,20241114,332,2025-11-16 08:20:51
16241,4,50,12,4,1,10,20241114,171,2025-11-16 08:20:51
16242,4,37,3,4,1,11,20241114,151,2025-11-16 08:20:51
16243,11,16,1,4,1,12,20241114,240,2025-11-16 08:20:51
16244,6,22,3,4,1,13,20241114,214,2025-11-16 08:20:51
16245,6,22,8,4,1,14,20241114,181,2025-11-16 08:20:51
16246,6,22,4,4,1,15,20241114,260,2025-11-16 08:20:51
16247,11,16,15,4,1,16,20241114,321,2025-11-16 08:20:51
16248,4,37,6,4,1,17,20241114,583,2025-11-16 08:20:51
16249,4,46,9,4,1,18,20241114,567,2025-11-16 08:20:51
16250,12,36,9,4,1,19,20241114,396,2025-11-16 08:20:51
16251,12,36,2,4,1,20,20241114,267,2025-11-16 08:20:51
16252,12,35,1,4,1,21,20241114,213,2025-11-16 08:20:51
16253,18,54,1,4,1,22,20241114,173,2025-11-16 08:20:51
16254,1,57,8,4,1,23,20241114,87,2025-11-16 08:20:51
16255,13,56,1,4,2,0,20241115,34,2025-11-16 08:20:51
16256,13,56,15,4,2,1,20241115,16,2025-11-16 08:20:51
16257,13,57,9,4,2,2,20241115,7,2025-11-16 08:20:51
16258,13,57,2,4,2,3,20241115,2,2025-11-16 08:20:51
16259,18,56,8,4,2,4,20241115,5,2025-11-16 08:20:51
16260,12,54,7,4,2,5,20241115,37,2025-11-16 08:20:51
16261,12,56,3,4,2,6,20241115,147,2025-11-16 08:20:51
16262,12,56,6,4,2,7,20241115,410,2025-11-16 08:20:51
16263,12,54,7,4,2,8,20241115,646,2025-11-16 08:20:51
16264,4,54,6,4,2,9,20241115,323,2025-11-16 08:20:51
16265,4,14,8,4,2,10,20241115,153,2025-11-16 08:20:51
16266,11,54,8,4,2,11,20241115,166,2025-11-16 08:20:51
16267,6,52,15,4,2,12,20241115,213,2025-11-16 08:20:51
16268,5,48,15,4,2,13,20241115,217,2025-11-16 08:20:51
16269,5,48,9,4,2,14,20241115,201,2025-11-16 08:20:51
16270,5,53,9,4,2,15,20241115,217,2025-11-16 08:20:51
16271,6,15,6,4,2,16,20241115,342,2025-11-16 08:20:51
16272,6,15,7,4,2,17,20241115,563,2025-11-16 08:20:51
16273,6,15,6,4,2,18,20241115,573,2025-11-16 08:20:51
16274,11,54,8,4,2,19,20241115,386,2025-11-16 08:20:51
16275,11,54,15,4,1,20,20241115,285,2025-11-16 08:20:51
16276,4,14,15,4,2,21,20241115,224,2025-11-16 08:20:51
16277,4,14,9,4,2,22,20241115,153,2025-11-16 08:20:51
16278,4,54,9,4,2,23,20241115,125,2025-11-16 08:20:51
16279,4,14,15,4,2,0,20241116,65,2025-11-16 08:20:51
16280,12,56,2,4,2,1,20241116,21,2025-11-16 08:20:51
16281,12,57,9,4,2,2,20241116,9,2025-11-16 08:20:51
16282,12,56,8,4,2,3,20241116,6,2025-11-16 08:20:51
16283,12,56,15,4,2,4,20241116,5,2025-11-16 08:20:51
16284,12,56,2,4,2,5,20241116,36,2025-11-16 08:20:51
16285,12,54,2,4,2,6,20241116,130,2025-11-16 08:20:51
16286,12,54,9,4,2,7,20241116,367,2025-11-16 08:20:51
16287,4,15,8,4,2,8,20241116,711,2025-11-16 08:20:51
16288,11,46,15,4,1,9,20241116,351,2025-11-16 08:20:51
16289,11,46,6,4,1,10,20241116,198,2025-11-16 08:20:51
16290,5,22,7,4,1,11,20241116,218,2025-11-16 08:20:51
16291,10,22,4,4,1,12,20241116,290,2025-11-16 08:20:51
16292,7,42,6,4,1,13,20241116,278,2025-11-16 08:20:51
16293,7,24,15,4,1,14,20241116,251,2025-11-16 08:20:51
16294,7,42,8,4,1,15,20241116,267,2025-11-16 08:20:51
16295,7,24,4,4,1,16,20241116,383,2025-11-16 08:20:51
16296,6,16,6,4,1,17,20241116,580,2025-11-16 08:20:51
16297,11,46,9,4,1,18,20241116,505,2025-11-16 08:20:51
16298,6,16,7,4,1,19,20241116,332,2025-11-16 08:20:51
16299,6,16,3,4,1,20,20241116,227,2025-11-16 08:20:51
16300,11,37,6,4,1,21,20241116,178,2025-11-16 08:20:51
16301,4,46,3,4,1,22,20241116,162,2025-11-16 08:20:51
16302,4,46,7,4,1,23,20241116,128,2025-11-16 08:20:51
16303,12,36,9,4,1,0,20241117,106,2025-11-16 08:20:51
16304,13,55,6,4,1,1,20241117,87,2025-11-16 08:20:51
16305,13,56,6,4,1,2,20241117,49,2025-11-16 08:20:51
16306,13,56,6,4,1,3,20241117,21,2025-11-16 08:20:51
16307,1,57,6,4,1,4,20241117,7,2025-11-16 08:20:51
16308,1,57,9,4,1,5,20241117,11,2025-11-16 08:20:51
16309,1,57,7,4,1,6,20241117,21,2025-11-16 08:20:51
16310,1,57,6,4,1,7,20241117,78,2025-11-16 08:20:51
16311,13,56,7,4,1,8,20241117,168,2025-11-16 08:20:51
16312,11,37,7,4,1,9,20241117,248,2025-11-16 08:20:51
16313,6,16,3,4,1,10,20241117,320,2025-11-16 08:20:51
16314,5,22,6,4,1,11,20241117,423,2025-11-16 08:20:51
16315,10,23,9,4,1,12,20241117,476,2025-11-16 08:20:51
16316,7,42,3,4,1,13,20241117,525,2025-11-16 08:20:51
16317,7,42,6,4,1,14,20241117,555,2025-11-16 08:20:51
16318,7,24,5,4,1,15,20241117,549,2025-11-16 08:20:51
16319,10,23,7,4,1,16,20241117,469,2025-11-16 08:20:51
16320,5,23,9,4,1,17,20241117,403,2025-11-16 08:20:51
16321,6,21,15,4,1,18,20241117,271,2025-11-16 08:20:51
16322,11,46,2,4,1,19,20241117,253,2025-11-16 08:20:51
16323,11,14,2,4,2,20,20241117,172,2025-11-16 08:20:51
16324,4,15,15,4,2,21,20241117,139,2025-11-16 08:20:51
16325,4,15,15,4,2,22,20241117,145,2025-11-16 08:20:51
16326,12,57,15,4,2,23,20241117,133,2025-11-16 08:20:51
16327,12,57,9,4,2,0,20241118,129,2025-11-16 08:20:51
16328,12,57,6,4,1,1,20241118,95,2025-11-16 08:20:51
16329,18,1,15,4,1,2,20241118,73,2025-11-16 08:20:51
16330,12,1,9,4,2,3,20241118,46,2025-11-16 08:20:51
16331,12,1,6,4,2,4,20241118,12,2025-11-16 08:20:51
16332,18,1,8,4,1,5,20241118,12,2025-11-16 08:20:51
16333,18,1,9,4,1,6,20241118,15,2025-11-16 08:20:51
16334,18,1,6,4,1,7,20241118,42,2025-11-16 08:20:51
16335,12,3,3,4,1,8,20241118,119,2025-11-16 08:20:51
16336,4,57,3,4,1,9,20241118,204,2025-11-16 08:20:51
16337,11,14,5,4,1,10,20241118,329,2025-11-16 08:20:51
16338,5,52,4,4,1,11,20241118,359,2025-11-16 08:20:51
16339,10,52,4,4,1,12,20241118,442,2025-11-16 08:20:51
16340,10,52,10,4,1,13,20241118,447,2025-11-16 08:20:51
16341,10,52,5,4,1,14,20241118,428,2025-11-16 08:20:51
16342,7,48,4,4,1,15,20241118,407,2025-11-16 08:20:51
16343,10,52,10,4,2,16,20241118,372,2025-11-16 08:20:51
16344,5,14,3,4,2,17,20241118,280,2025-11-16 08:20:51
16345,6,14,7,4,1,18,20241118,276,2025-11-16 08:20:51
16346,6,14,9,4,1,19,20241118,210,2025-11-16 08:20:51
16347,6,14,9,4,1,20,20241118,129,2025-11-16 08:20:51
16348,6,14,3,4,1,21,20241118,110,2025-11-16 08:20:51
16349,6,14,3,4,2,22,20241118,74,2025-11-16 08:20:51
16350,6,14,7,4,1,23,20241118,59,2025-11-16 08:20:51
16351,6,14,7,4,1,0,20241119,27,2025-11-16 08:20:51
16352,6,14,7,4,2,1,20241119,19,2025-11-16 08:20:51
16353,6,14,3,4,2,2,20241119,5,2025-11-16 08:20:51
16354,6,14,7,4,2,3,20241119,2,2025-11-16 08:20:51
16355,6,14,7,4,2,4,20241119,12,2025-11-16 08:20:51
16356,6,14,7,4,2,5,20241119,39,2025-11-16 08:20:51
16357,6,14,3,4,2,6,20241119,131,2025-11-16 08:20:51
16358,6,14,5,4,2,7,20241119,386,2025-11-16 08:20:51
16359,6,14,5,4,2,8,20241119,663,2025-11-16 08:20:51
16360,6,14,3,4,2,9,20241119,278,2025-11-16 08:20:51
16361,6,14,3,4,2,10,20241119,139,2025-11-16 08:20:51
16362,5,14,3,4,2,11,20241119,197,2025-11-16 08:20:51
16363,10,52,4,4,2,12,20241119,242,2025-11-16 08:20:51
16364,9,48,3,4,1,13,20241119,251,2025-11-16 08:20:51
16365,9,48,3,4,1,14,20241119,217,2025-11-16 08:20:51
16366,9,48,6,4,1,15,20241119,257,2025-11-16 08:20:51
16367,7,53,3,4,1,16,20241119,380,2025-11-16 08:20:51
16368,7,53,6,4,2,17,20241119,619,2025-11-16 08:20:51
16369,10,53,3,4,2,18,20241119,580,2025-11-16 08:20:51
16370,10,53,4,4,2,19,20241119,406,2025-11-16 08:20:51
16371,5,52,3,4,2,20,20241119,259,2025-11-16 08:20:51
16372,5,48,7,4,2,21,20241119,203,2025-11-16 08:20:51
16373,11,14,15,4,1,22,20241119,113,2025-11-16 08:20:51
16374,11,14,15,4,1,23,20241119,74,2025-11-16 08:20:51
16375,4,57,8,4,1,0,20241120,29,2025-11-16 08:20:51
16376,11,14,15,4,1,1,20241120,13,2025-11-16 08:20:51
16377,4,5,2,4,2,2,20241120,5,2025-11-16 08:20:51
16378,11,13,15,4,2,3,20241120,2,2025-11-16 08:20:51
16379,11,14,6,4,2,4,20241120,6,2025-11-16 08:20:51
16380,11,14,8,4,2,5,20241120,34,2025-11-16 08:20:51
16381,11,13,9,4,2,6,20241120,148,2025-11-16 08:20:51
16382,4,5,2,4,1,7,20241120,418,2025-11-16 08:20:51
16383,11,13,8,4,1,8,20241120,665,2025-11-16 08:20:51
16384,6,13,1,4,2,9,20241120,326,2025-11-16 08:20:51
16385,10,14,2,4,2,10,20241120,176,2025-11-16 08:20:51
16386,7,69,2,4,2,11,20241120,205,2025-11-16 08:20:51
16387,7,69,1,4,2,12,20241120,313,2025-11-16 08:20:51
16388,9,53,1,4,2,13,20241120,267,2025-11-16 08:20:51
16389,9,53,15,4,2,14,20241120,224,2025-11-16 08:20:51
16390,8,29,15,4,2,15,20241120,287,2025-11-16 08:20:51
16391,7,52,2,4,2,16,20241120,395,2025-11-16 08:20:51
16392,10,13,9,4,2,17,20241120,590,2025-11-16 08:20:51
16393,10,14,2,4,2,18,20241120,550,2025-11-16 08:20:51
16394,10,13,1,4,2,19,20241120,384,2025-11-16 08:20:51
16395,5,5,1,4,2,20,20241120,235,2025-11-16 08:20:51
16396,6,13,1,4,1,21,20241120,157,2025-11-16 08:20:51
16397,6,13,1,4,1,22,20241120,122,2025-11-16 08:20:51
16398,4,1,15,4,1,23,20241120,83,2025-11-16 08:20:51
16399,11,1,1,4,1,0,20241121,26,2025-11-16 08:20:51
16400,4,1,15,4,1,1,20241121,14,2025-11-16 08:20:51
16401,18,10,15,4,1,2,20241121,8,2025-11-16 08:20:51
16402,18,10,15,4,1,3,20241121,2,2025-11-16 08:20:51
16403,18,10,15,4,1,4,20241121,10,2025-11-16 08:20:51
16404,18,10,15,4,1,5,20241121,29,2025-11-16 08:20:51
16405,18,10,2,4,1,6,20241121,101,2025-11-16 08:20:51
16406,13,10,2,4,1,7,20241121,273,2025-11-16 08:20:51
16407,18,1,2,4,2,8,20241121,551,2025-11-16 08:20:51
16408,4,5,2,4,1,9,20241121,365,2025-11-16 08:20:51
16409,6,52,1,4,1,10,20241121,172,2025-11-16 08:20:51
16410,10,21,6,4,1,11,20241121,241,2025-11-16 08:20:51
16411,9,49,6,4,1,12,20241121,344,2025-11-16 08:20:51
16412,9,24,7,4,1,13,20241121,365,2025-11-16 08:20:51
16413,8,40,6,4,1,14,20241121,413,2025-11-16 08:20:51
16414,8,43,2,4,1,15,20241121,449,2025-11-16 08:20:51
16415,9,40,8,4,1,16,20241121,469,2025-11-16 08:20:51
16416,10,23,9,4,1,17,20241121,374,2025-11-16 08:20:51
16417,7,42,15,4,1,18,20241121,311,2025-11-16 08:20:51
16418,5,22,6,4,1,19,20241121,243,2025-11-16 08:20:51
16419,11,54,15,4,1,20,20241121,136,2025-11-16 08:20:51
16420,6,21,1,4,1,21,20241121,105,2025-11-16 08:20:51
16421,11,37,1,4,1,22,20241121,88,2025-11-16 08:20:51
16422,4,54,1,4,1,23,20241121,57,2025-11-16 08:20:51
16423,4,14,2,4,1,0,20241122,46,2025-11-16 08:20:51
16424,18,56,2,4,1,1,20241122,42,2025-11-16 08:20:51
16425,1,3,2,4,1,2,20241122,18,2025-11-16 08:20:51
16426,1,3,15,4,1,3,20241122,6,2025-11-16 08:20:51
16427,2,2,8,4,1,4,20241122,3,2025-11-16 08:20:51
16428,1,3,15,4,1,5,20241122,8,2025-11-16 08:20:51
16429,13,57,15,4,1,6,20241122,17,2025-11-16 08:20:51
16430,2,3,8,4,1,7,20241122,56,2025-11-16 08:20:51
16431,1,3,8,4,1,8,20241122,97,2025-11-16 08:20:51
16432,12,56,1,4,1,9,20241122,119,2025-11-16 08:20:51
16433,6,15,15,4,1,10,20241122,219,2025-11-16 08:20:51
16434,7,49,2,4,1,11,20241122,232,2025-11-16 08:20:51
16435,9,24,1,4,1,12,20241122,262,2025-11-16 08:20:51
16436,8,62,1,4,1,13,20241122,269,2025-11-16 08:20:51
16437,28,45,1,4,1,14,20241122,220,2025-11-16 08:20:51
16438,28,45,1,4,1,15,20241122,228,2025-11-16 08:20:51
16439,8,40,1,4,1,16,20241122,182,2025-11-16 08:20:51
16440,9,24,1,4,1,17,20241122,109,2025-11-16 08:20:51
16441,10,22,1,4,1,18,20241122,70,2025-11-16 08:20:51
16442,6,5,1,4,1,19,20241122,44,2025-11-16 08:20:51
16443,11,13,1,4,1,20,20241122,52,2025-11-16 08:20:51
16444,11,54,2,4,1,21,20241122,46,2025-11-16 08:20:51
16445,4,54,1,4,1,22,20241122,44,2025-11-16 08:20:51
16446,12,57,1,4,1,23,20241122,36,2025-11-16 08:20:51
16447,18,56,1,4,1,0,20241123,32,2025-11-16 08:20:51
16448,18,1,2,4,1,1,20241123,13,2025-11-16 08:20:51
16449,13,3,2,4,1,2,20241123,5,2025-11-16 08:20:51
16450,13,57,1,4,1,3,20241123,1,2025-11-16 08:20:51
16451,1,3,15,4,1,4,20241123,4,2025-11-16 08:20:51
16452,1,1,1,4,1,5,20241123,10,2025-11-16 08:20:51
16453,1,1,1,4,1,6,20241123,20,2025-11-16 08:20:51
16454,1,1,1,4,1,7,20241123,77,2025-11-16 08:20:51
16455,1,10,2,4,1,8,20241123,94,2025-11-16 08:20:51
16456,18,3,15,4,1,9,20241123,112,2025-11-16 08:20:51
16457,11,54,9,4,1,10,20241123,201,2025-11-16 08:20:51
16458,10,21,6,4,1,11,20241123,251,2025-11-16 08:20:51
16459,9,42,3,4,1,12,20241123,379,2025-11-16 08:20:51
16460,8,42,4,4,1,13,20241123,424,2025-11-16 08:20:51
16461,30,43,3,4,1,14,20241123,435,2025-11-16 08:20:51
16462,28,49,3,4,1,15,20241123,447,2025-11-16 08:20:51
16463,28,49,15,4,2,16,20241123,357,2025-11-16 08:20:51
16464,28,18,2,4,2,17,20241123,300,2025-11-16 08:20:51
16465,8,19,1,4,2,18,20241123,208,2025-11-16 08:20:51
16466,8,20,9,4,2,19,20241123,154,2025-11-16 08:20:51
16467,8,49,2,4,1,20,20241123,142,2025-11-16 08:20:51
16468,8,20,3,4,1,21,20241123,98,2025-11-16 08:20:51
16469,9,40,19,4,1,22,20241123,79,2025-11-16 08:20:51
16470,7,42,11,4,1,23,20241123,67,2025-11-16 08:20:51
16471,10,39,13,4,1,0,20241124,42,2025-11-16 08:20:51
16472,11,17,16,4,1,1,20241124,20,2025-11-16 08:20:51
16473,4,18,22,4,1,2,20241124,32,2025-11-16 08:20:51
16474,18,49,12,4,1,3,20241124,11,2025-11-16 08:20:51
16475,13,49,11,4,1,4,20241124,3,2025-11-16 08:20:51
16476,13,49,10,4,1,5,20241124,3,2025-11-16 08:20:51
16477,1,19,4,4,1,6,20241124,10,2025-11-16 08:20:51
16478,13,49,10,4,2,7,20241124,25,2025-11-16 08:20:51
16479,13,19,18,4,2,8,20241124,62,2025-11-16 08:20:51
16480,13,49,11,4,2,9,20241124,122,2025-11-16 08:20:51
16481,13,19,5,4,2,10,20241124,142,2025-11-16 08:20:51
16482,18,49,5,4,2,11,20241124,186,2025-11-16 08:20:51
16483,12,43,22,4,2,12,20241124,199,2025-11-16 08:20:51
16484,4,43,10,4,1,13,20241124,225,2025-11-16 08:20:51
16485,4,40,18,4,1,14,20241124,207,2025-11-16 08:20:51
16486,12,43,18,4,1,15,20241124,198,2025-11-16 08:20:51
16487,18,42,11,4,1,16,20241124,170,2025-11-16 08:20:51
16488,13,49,14,4,1,17,20241124,126,2025-11-16 08:20:51
16489,13,42,14,4,1,18,20241124,145,2025-11-16 08:20:51
16490,13,49,3,4,1,19,20241124,83,2025-11-16 08:20:51
16491,1,19,4,4,1,20,20241124,58,2025-11-16 08:20:51
16492,1,19,6,4,1,21,20241124,75,2025-11-16 08:20:51
16493,1,19,3,4,1,22,20241124,76,2025-11-16 08:20:51
16494,1,19,6,4,1,23,20241124,57,2025-11-16 08:20:51
16495,2,20,3,4,1,0,20241125,34,2025-11-16 08:20:51
16496,2,19,6,4,1,1,20241125,36,2025-11-16 08:20:51
16497,2,19,12,4,1,2,20241125,28,2025-11-16 08:20:51
16498,2,19,1,4,1,3,20241125,8,2025-11-16 08:20:51
16499,2,19,1,4,1,4,20241125,2,2025-11-16 08:20:51
16500,2,20,9,4,2,5,20241125,3,2025-11-16 08:20:51
16501,2,20,15,4,2,6,20241125,11,2025-11-16 08:20:51
16502,2,34,15,4,2,7,20241125,21,2025-11-16 08:20:51
16503,2,34,6,4,2,8,20241125,34,2025-11-16 08:20:51
16504,1,38,7,4,2,9,20241125,96,2025-11-16 08:20:51
16505,1,38,3,4,1,10,20241125,139,2025-11-16 08:20:51
16506,13,49,7,4,2,11,20241125,204,2025-11-16 08:20:51
16507,13,49,7,4,2,12,20241125,202,2025-11-16 08:20:51
16508,13,49,9,4,2,13,20241125,195,2025-11-16 08:20:51
16509,12,17,3,4,2,14,20241125,203,2025-11-16 08:20:51
16510,12,17,3,4,1,15,20241125,245,2025-11-16 08:20:51
16511,12,18,7,4,1,16,20241125,228,2025-11-16 08:20:51
16512,18,49,9,4,1,17,20241125,181,2025-11-16 08:20:51
16513,13,19,9,4,1,18,20241125,141,2025-11-16 08:20:51
16514,13,49,1,4,1,19,20241125,127,2025-11-16 08:20:51
16515,1,55,1,4,1,20,20241125,119,2025-11-16 08:20:51
16516,13,38,1,4,1,21,20241125,64,2025-11-16 08:20:51
16517,1,55,1,4,1,22,20241125,62,2025-11-16 08:20:51
16518,2,28,2,4,1,23,20241125,41,2025-11-16 08:20:51
16519,2,28,1,4,1,0,20241126,23,2025-11-16 08:20:51
16520,3,28,1,4,1,1,20241126,10,2025-11-16 08:20:51
16521,3,28,1,4,1,2,20241126,5,2025-11-16 08:20:51
16522,3,28,1,4,1,3,20241126,5,2025-11-16 08:20:51
16523,2,28,1,4,1,4,20241126,10,2025-11-16 08:20:51
16524,2,28,9,4,1,5,20241126,41,2025-11-16 08:20:51
16525,2,28,1,4,1,6,20241126,124,2025-11-16 08:20:51
16526,1,56,1,4,1,7,20241126,365,2025-11-16 08:20:51
16527,1,56,1,4,1,8,20241126,638,2025-11-16 08:20:51
16528,18,35,2,4,1,9,20241126,286,2025-11-16 08:20:51
16529,4,37,1,4,1,10,20241126,147,2025-11-16 08:20:51
16530,10,39,5,4,1,11,20241126,130,2025-11-16 08:20:51
16531,7,24,15,4,1,12,20241126,210,2025-11-16 08:20:51
16532,7,24,15,4,1,13,20241126,217,2025-11-16 08:20:51
16533,7,24,1,4,1,14,20241126,228,2025-11-16 08:20:51
16534,7,24,2,4,1,15,20241126,230,2025-11-16 08:20:51
16535,9,25,1,4,1,16,20241126,346,2025-11-16 08:20:51
16536,7,26,1,4,1,17,20241126,553,2025-11-16 08:20:51
16537,6,21,9,4,1,18,20241126,521,2025-11-16 08:20:51
16538,11,46,1,4,1,19,20241126,371,2025-11-16 08:20:51
16539,11,37,1,4,1,20,20241126,277,2025-11-16 08:20:51
16540,11,37,1,4,1,21,20241126,181,2025-11-16 08:20:51
16541,4,54,1,4,1,22,20241126,104,2025-11-16 08:20:51
16542,4,14,15,4,2,23,20241126,65,2025-11-16 08:20:51
16543,4,14,2,4,2,0,20241127,26,2025-11-16 08:20:51
16544,4,57,8,4,2,1,20241127,6,2025-11-16 08:20:51
16545,4,57,9,4,2,2,20241127,5,2025-11-16 08:20:51
16546,4,57,8,4,3,3,20241127,4,2025-11-16 08:20:51
16547,12,1,6,4,3,4,20241127,5,2025-11-16 08:20:51
16548,12,1,7,4,2,5,20241127,31,2025-11-16 08:20:51
16549,12,1,9,4,2,6,20241127,100,2025-11-16 08:20:51
16550,12,1,8,4,3,7,20241127,293,2025-11-16 08:20:51
16551,4,1,9,4,3,8,20241127,500,2025-11-16 08:20:51
16552,4,1,8,4,2,9,20241127,268,2025-11-16 08:20:51
16553,4,1,6,4,3,10,20241127,57,2025-11-16 08:20:51
16554,12,10,5,4,3,11,20241127,65,2025-11-16 08:20:51
16555,18,10,14,4,3,12,20241127,76,2025-11-16 08:20:51
16556,18,10,3,4,3,13,20241127,77,2025-11-16 08:20:51
16557,18,10,12,4,3,14,20241127,94,2025-11-16 08:20:51
16558,12,3,5,4,2,15,20241127,155,2025-11-16 08:20:51
16559,12,3,5,4,2,16,20241127,257,2025-11-16 08:20:51
16560,12,3,14,4,2,17,20241127,527,2025-11-16 08:20:51
16561,13,1,12,4,1,18,20241127,482,2025-11-16 08:20:51
16562,13,63,5,4,1,19,20241127,350,2025-11-16 08:20:51
16563,13,3,10,4,1,20,20241127,232,2025-11-16 08:20:51
16564,1,1,4,4,1,21,20241127,185,2025-11-16 08:20:51
16565,1,1,9,4,1,22,20241127,97,2025-11-16 08:20:51
16566,13,1,3,4,2,23,20241127,67,2025-11-16 08:20:51
16567,13,3,3,4,2,0,20241128,23,2025-11-16 08:20:51
16568,13,3,7,4,2,1,20241128,12,2025-11-16 08:20:51
16569,13,3,7,4,2,2,20241128,1,2025-11-16 08:20:51
16570,13,57,7,4,2,3,20241128,3,2025-11-16 08:20:51
16571,13,57,6,4,2,4,20241128,4,2025-11-16 08:20:51
16572,13,57,8,4,2,5,20241128,39,2025-11-16 08:20:51
16573,13,56,7,4,2,6,20241128,136,2025-11-16 08:20:51
16574,13,35,6,4,2,7,20241128,409,2025-11-16 08:20:51
16575,1,55,4,4,1,8,20241128,692,2025-11-16 08:20:51
16576,18,36,6,4,1,9,20241128,322,2025-11-16 08:20:51
16577,12,37,15,4,1,10,20241128,161,2025-11-16 08:20:51
16578,4,50,9,4,1,11,20241128,146,2025-11-16 08:20:51
16579,11,17,14,4,1,12,20241128,208,2025-11-16 08:20:51
16580,11,17,6,4,1,13,20241128,214,2025-11-16 08:20:51
16581,6,23,5,4,1,14,20241128,176,2025-11-16 08:20:51
16582,6,26,10,4,1,15,20241128,179,2025-11-16 08:20:51
16583,6,45,3,4,1,16,20241128,325,2025-11-16 08:20:51
16584,11,62,8,4,1,17,20241128,563,2025-11-16 08:20:51
16585,4,40,4,4,1,18,20241128,542,2025-11-16 08:20:51
16586,4,43,9,4,1,19,20241128,387,2025-11-16 08:20:51
16587,4,43,8,4,1,20,20241128,263,2025-11-16 08:20:51
16588,12,18,9,4,1,21,20241128,223,2025-11-16 08:20:51
16589,18,50,9,4,1,22,20241128,154,2025-11-16 08:20:51
16590,13,38,8,4,1,23,20241128,78,2025-11-16 08:20:51
16591,1,35,2,4,1,0,20241129,29,2025-11-16 08:20:51
16592,2,27,2,4,1,1,20241129,16,2025-11-16 08:20:51
16593,2,27,1,4,1,2,20241129,7,2025-11-16 08:20:51
16594,3,3,2,4,1,4,20241129,7,2025-11-16 08:20:51
16595,3,28,1,4,1,5,20241129,42,2025-11-16 08:20:51
16596,2,28,1,4,1,6,20241129,121,2025-11-16 08:20:51
16597,3,27,1,4,1,7,20241129,362,2025-11-16 08:20:51
16598,3,28,15,4,1,8,20241129,679,2025-11-16 08:20:51
16599,1,55,1,4,1,9,20241129,299,2025-11-16 08:20:51
16600,18,56,2,4,1,10,20241129,178,2025-11-16 08:20:51
16601,6,39,7,4,1,11,20241129,163,2025-11-16 08:20:51
16602,6,23,9,4,1,12,20241129,236,2025-11-16 08:20:51
16603,5,26,8,4,1,13,20241129,224,2025-11-16 08:20:51
16604,6,22,7,4,1,14,20241129,187,2025-11-16 08:20:51
16605,6,22,4,4,1,15,20241129,220,2025-11-16 08:20:51
16606,6,23,7,4,1,16,20241129,370,2025-11-16 08:20:51
16607,11,18,6,4,1,17,20241129,561,2025-11-16 08:20:51
16608,4,37,9,4,1,18,20241129,537,2025-11-16 08:20:51
16609,12,36,6,4,1,19,20241129,344,2025-11-16 08:20:51
16610,12,36,9,4,1,20,20241129,252,2025-11-16 08:20:51
16611,13,56,8,4,1,21,20241129,208,2025-11-16 08:20:51
16612,13,57,2,4,1,22,20241129,151,2025-11-16 08:20:51
16613,18,54,1,4,1,23,20241129,130,2025-11-16 08:20:51
16614,13,57,9,4,1,0,20241130,52,2025-11-16 08:20:51
16615,1,57,2,4,1,1,20241130,19,2025-11-16 08:20:51
16616,1,3,1,4,1,2,20241130,12,2025-11-16 08:20:51
16617,1,3,1,4,1,3,20241130,4,2025-11-16 08:20:51
16618,2,3,1,4,1,4,20241130,3,2025-11-16 08:20:51
16619,3,2,1,4,1,5,20241130,40,2025-11-16 08:20:51
16620,3,4,1,4,1,6,20241130,106,2025-11-16 08:20:51
16621,2,2,1,4,1,7,20241130,352,2025-11-16 08:20:51
16622,2,2,2,4,2,8,20241130,729,2025-11-16 08:20:51
16623,1,3,2,4,1,9,20241130,330,2025-11-16 08:20:51
16624,12,56,1,4,2,10,20241130,169,2025-11-16 08:20:51
16625,11,46,2,4,2,11,20241130,201,2025-11-16 08:20:51
16626,5,16,1,4,2,12,20241130,268,2025-11-16 08:20:51
16627,10,23,9,4,2,13,20241130,262,2025-11-16 08:20:51
16628,10,23,15,4,2,14,20241130,251,2025-11-16 08:20:51
16629,7,42,15,4,2,15,20241130,296,2025-11-16 08:20:51
16630,10,22,8,4,1,16,20241130,405,2025-11-16 08:20:51
16631,6,21,6,4,1,17,20241130,582,2025-11-16 08:20:51
16632,11,54,1,4,2,18,20241130,509,2025-11-16 08:20:51
16633,4,14,1,4,1,19,20241130,377,2025-11-16 08:20:51
16634,4,14,1,4,1,20,20241130,245,2025-11-16 08:20:51
16635,12,3,2,4,1,21,20241130,183,2025-11-16 08:20:51
16636,12,3,1,4,1,22,20241130,163,2025-11-16 08:20:51
16637,12,3,2,4,2,23,20241130,110,2025-11-16 08:20:51
16638,13,1,1,4,1,0,20241201,108,2025-11-16 08:20:51
16639,13,1,1,4,1,1,20241201,69,2025-11-16 08:20:51
16640,13,1,1,4,2,2,20241201,50,2025-11-16 08:20:51
16641,13,1,8,4,2,3,20241201,15,2025-11-16 08:20:51
16642,13,1,2,4,1,4,20241201,5,2025-11-16 08:20:51
16643,1,10,2,4,1,5,20241201,13,2025-11-16 08:20:51
16644,1,10,8,4,1,6,20241201,27,2025-11-16 08:20:51
16645,1,10,8,4,2,7,20241201,63,2025-11-16 08:20:51
16646,1,10,8,4,2,8,20241201,144,2025-11-16 08:20:51
16647,13,44,3,4,2,9,20241201,193,2025-11-16 08:20:51
16648,18,86,9,4,2,10,20241201,256,2025-11-16 08:20:51
16649,4,5,15,4,2,11,20241201,392,2025-11-16 08:20:51
16650,4,1,2,4,2,12,20241201,446,2025-11-16 08:20:51
16651,11,5,1,4,2,13,20241201,509,2025-11-16 08:20:51
16652,6,13,1,4,2,14,20241201,479,2025-11-16 08:20:51
16653,10,52,1,4,2,15,20241201,484,2025-11-16 08:20:51
16654,5,14,1,4,2,16,20241201,443,2025-11-16 08:20:51
16655,11,5,15,4,2,17,20241201,320,2025-11-16 08:20:51
16656,11,5,1,4,2,18,20241201,297,2025-11-16 08:20:51
16657,4,1,1,4,2,19,20241201,249,2025-11-16 08:20:51
16658,4,1,1,4,1,20,20241201,198,2025-11-16 08:20:51
16659,12,10,1,4,2,21,20241201,158,2025-11-16 08:20:51
16660,12,10,1,4,2,22,20241201,147,2025-11-16 08:20:51
16661,4,1,1,4,2,23,20241201,126,2025-11-16 08:20:51
16662,12,10,2,4,2,0,20241202,117,2025-11-16 08:20:51
16663,12,10,2,4,2,1,20241202,94,2025-11-16 08:20:51
16664,12,10,1,4,2,2,20241202,74,2025-11-16 08:20:51
16665,13,44,1,4,2,3,20241202,25,2025-11-16 08:20:51
16666,13,44,1,4,2,4,20241202,7,2025-11-16 08:20:51
16667,13,44,1,4,2,5,20241202,8,2025-11-16 08:20:51
16668,1,44,8,4,2,6,20241202,16,2025-11-16 08:20:51
16669,1,44,8,4,2,7,20241202,31,2025-11-16 08:20:51
16670,13,44,2,4,2,8,20241202,93,2025-11-16 08:20:51
16671,18,44,9,4,2,9,20241202,172,2025-11-16 08:20:51
16672,12,10,1,4,2,10,20241202,293,2025-11-16 08:20:51
16673,4,1,9,4,2,11,20241202,355,2025-11-16 08:20:51
16674,11,1,9,4,2,12,20241202,520,2025-11-16 08:20:51
16675,10,13,7,4,1,13,20241202,431,2025-11-16 08:20:51
16676,9,52,3,4,1,14,20241202,473,2025-11-16 08:20:51
16677,9,69,8,4,1,15,20241202,417,2025-11-16 08:20:51
16678,9,69,15,4,2,16,20241202,443,2025-11-16 08:20:51
16679,10,5,6,4,3,17,20241202,303,2025-11-16 08:20:51
16680,9,7,15,4,2,18,20241202,203,2025-11-16 08:20:51
16681,10,8,6,4,2,19,20241202,174,2025-11-16 08:20:51
16682,7,8,6,4,2,20,20241202,154,2025-11-16 08:20:51
16683,9,6,7,4,2,21,20241202,99,2025-11-16 08:20:51
16684,9,6,6,4,2,22,20241202,96,2025-11-16 08:20:51
16685,7,8,8,4,2,23,20241202,51,2025-11-16 08:20:51
16686,7,8,9,4,2,0,20241203,21,2025-11-16 08:20:51
16687,10,8,8,4,1,1,20241203,13,2025-11-16 08:20:51
16688,7,6,9,4,1,2,20241203,10,2025-11-16 08:20:51
16689,5,10,1,4,1,3,20241203,8,2025-11-16 08:20:51
16690,6,44,1,4,1,4,20241203,5,2025-11-16 08:20:51
16691,11,44,2,4,1,5,20241203,38,2025-11-16 08:20:51
16692,6,44,1,4,1,6,20241203,138,2025-11-16 08:20:51
16693,11,44,1,4,2,7,20241203,396,2025-11-16 08:20:51
16694,6,44,1,4,1,8,20241203,731,2025-11-16 08:20:51
16695,10,10,2,4,1,9,20241203,308,2025-11-16 08:20:51
16696,9,6,8,4,1,10,20241203,136,2025-11-16 08:20:51
16697,28,6,8,4,1,11,20241203,233,2025-11-16 08:20:51
16698,24,32,9,4,1,12,20241203,268,2025-11-16 08:20:51
16699,26,35,2,4,1,13,20241203,321,2025-11-16 08:20:51
16700,27,46,1,4,1,14,20241203,260,2025-11-16 08:20:51
16701,27,35,1,4,1,15,20241203,268,2025-11-16 08:20:51
16702,27,46,8,4,1,16,20241203,442,2025-11-16 08:20:51
16703,24,31,15,4,1,17,20241203,708,2025-11-16 08:20:51
16704,30,32,2,4,1,18,20241203,692,2025-11-16 08:20:51
16705,30,32,2,4,1,19,20241203,471,2025-11-16 08:20:51
16706,8,6,1,4,2,20,20241203,300,2025-11-16 08:20:51
16707,9,8,6,4,1,21,20241203,221,2025-11-16 08:20:51
16708,7,8,15,4,1,22,20241203,144,2025-11-16 08:20:51
16709,7,8,15,4,1,23,20241203,102,2025-11-16 08:20:51
16710,7,9,15,4,1,0,20241204,55,2025-11-16 08:20:51
16711,7,8,15,4,1,1,20241204,25,2025-11-16 08:20:51
16712,7,9,2,4,1,2,20241204,8,2025-11-16 08:20:51
16713,10,10,8,4,2,3,20241204,4,2025-11-16 08:20:51
16714,10,10,8,4,2,4,20241204,7,2025-11-16 08:20:51
16715,9,9,1,4,2,5,20241204,46,2025-11-16 08:20:51
16716,6,44,1,4,2,6,20241204,153,2025-11-16 08:20:51
16717,7,9,8,4,1,7,20241204,502,2025-11-16 08:20:51
16718,9,9,9,4,2,8,20241204,721,2025-11-16 08:20:51
16719,8,8,15,4,1,9,20241204,336,2025-11-16 08:20:51
16720,8,8,6,4,1,10,20241204,156,2025-11-16 08:20:51
16721,28,6,6,4,1,11,20241204,207,2025-11-16 08:20:51
16722,24,32,6,4,1,12,20241204,312,2025-11-16 08:20:51
16723,29,27,9,4,2,13,20241204,272,2025-11-16 08:20:51
16724,26,35,7,4,2,14,20241204,270,2025-11-16 08:20:51
16725,27,37,3,4,2,15,20241204,300,2025-11-16 08:20:51
16726,26,37,4,4,1,16,20241204,435,2025-11-16 08:20:51
16727,24,30,7,4,1,17,20241204,743,2025-11-16 08:20:51
16728,30,31,7,4,1,18,20241204,731,2025-11-16 08:20:51
16729,28,69,7,4,1,19,20241204,460,2025-11-16 08:20:51
16730,30,31,7,4,2,20,20241204,306,2025-11-16 08:20:51
16731,30,31,3,4,2,21,20241204,280,2025-11-16 08:20:51
16732,30,31,5,4,2,22,20241204,181,2025-11-16 08:20:51
16733,28,69,3,4,1,23,20241204,96,2025-11-16 08:20:51
16734,30,30,4,4,1,0,20241205,37,2025-11-16 08:20:51
16735,24,29,10,4,1,1,20241205,11,2025-11-16 08:20:51
16736,8,69,9,4,1,2,20241205,9,2025-11-16 08:20:51
16737,28,69,8,4,1,3,20241205,7,2025-11-16 08:20:51
16738,30,31,11,4,1,4,20241205,10,2025-11-16 08:20:51
16739,30,30,4,4,1,5,20241205,49,2025-11-16 08:20:51
16740,28,29,14,4,3,6,20241205,124,2025-11-16 08:20:51
16741,8,30,5,4,3,7,20241205,398,2025-11-16 08:20:51
16742,9,53,4,4,2,8,20241205,759,2025-11-16 08:20:51
16743,9,34,7,4,2,9,20241205,388,2025-11-16 08:20:51
16744,9,20,12,4,2,10,20241205,141,2025-11-16 08:20:51
16745,9,19,4,4,1,11,20241205,172,2025-11-16 08:20:51
16746,9,49,4,4,1,12,20241205,232,2025-11-16 08:20:51
16747,8,49,4,4,1,13,20241205,214,2025-11-16 08:20:51
16748,28,40,16,4,1,14,20241205,218,2025-11-16 08:20:51
16749,28,40,4,4,1,15,20241205,285,2025-11-16 08:20:51
16750,8,40,4,4,1,16,20241205,377,2025-11-16 08:20:51
16751,9,24,4,4,1,17,20241205,605,2025-11-16 08:20:51
16752,7,24,11,4,1,18,20241205,609,2025-11-16 08:20:51
16753,5,22,12,4,1,19,20241205,414,2025-11-16 08:20:51
16754,11,16,14,4,1,20,20241205,293,2025-11-16 08:20:51
16755,11,16,13,4,1,21,20241205,198,2025-11-16 08:20:51
16756,4,50,14,4,1,22,20241205,105,2025-11-16 08:20:51
16757,12,37,14,4,1,23,20241205,74,2025-11-16 08:20:51
16758,13,38,4,4,1,0,20241206,44,2025-11-16 08:20:51
16759,13,38,4,4,1,1,20241206,16,2025-11-16 08:20:51
16760,1,36,4,4,1,2,20241206,9,2025-11-16 08:20:51
16761,2,29,6,4,1,3,20241206,2,2025-11-16 08:20:51
16762,2,29,5,4,1,4,20241206,9,2025-11-16 08:20:51
16763,2,29,4,4,1,5,20241206,32,2025-11-16 08:20:51
16764,2,29,5,4,1,6,20241206,124,2025-11-16 08:20:51
16765,2,34,5,4,1,7,20241206,389,2025-11-16 08:20:51
16766,2,34,5,4,1,8,20241206,659,2025-11-16 08:20:51
16767,1,38,6,4,1,9,20241206,276,2025-11-16 08:20:51
16768,1,36,6,4,1,10,20241206,145,2025-11-16 08:20:51
16769,13,38,9,4,1,11,20241206,178,2025-11-16 08:20:51
16770,18,49,1,4,1,12,20241206,235,2025-11-16 08:20:51
16771,12,18,1,4,1,13,20241206,245,2025-11-16 08:20:51
16772,12,17,2,4,1,14,20241206,212,2025-11-16 08:20:51
16773,4,18,1,4,1,15,20241206,270,2025-11-16 08:20:51
16774,4,17,1,4,1,16,20241206,331,2025-11-16 08:20:51
16775,12,50,15,4,1,17,20241206,617,2025-11-16 08:20:51
16776,18,50,9,4,1,18,20241206,565,2025-11-16 08:20:51
16777,13,55,6,4,1,19,20241206,373,2025-11-16 08:20:51
16778,1,55,15,4,2,20,20241206,227,2025-11-16 08:20:51
16779,1,55,8,4,2,21,20241206,191,2025-11-16 08:20:51
16780,1,56,9,4,1,22,20241206,133,2025-11-16 08:20:51
16781,1,56,9,4,1,23,20241206,93,2025-11-16 08:20:51
16782,1,57,15,4,1,0,20241207,48,2025-11-16 08:20:51
16783,1,57,6,4,2,1,20241207,28,2025-11-16 08:20:51
16784,13,57,8,4,2,2,20241207,11,2025-11-16 08:20:51
16785,13,1,6,4,2,3,20241207,5,2025-11-16 08:20:51
16786,13,3,15,4,1,4,20241207,10,2025-11-16 08:20:51
16787,13,1,15,4,2,5,20241207,26,2025-11-16 08:20:51
16788,18,3,9,4,2,6,20241207,84,2025-11-16 08:20:51
16789,18,1,9,4,3,7,20241207,215,2025-11-16 08:20:51
16790,12,3,6,4,2,8,20241207,441,2025-11-16 08:20:51
16791,12,1,8,4,2,9,20241207,301,2025-11-16 08:20:51
16792,4,5,9,4,2,10,20241207,166,2025-11-16 08:20:51
16793,4,5,6,4,2,11,20241207,203,2025-11-16 08:20:51
16794,11,13,6,4,2,12,20241207,240,2025-11-16 08:20:51
16795,6,14,8,4,2,13,20241207,220,2025-11-16 08:20:51
16796,6,13,9,4,2,14,20241207,215,2025-11-16 08:20:51
16797,6,13,9,4,2,15,20241207,303,2025-11-16 08:20:51
16798,6,5,8,4,1,16,20241207,375,2025-11-16 08:20:51
16799,5,14,1,4,2,17,20241207,568,2025-11-16 08:20:51
16800,5,13,15,4,2,18,20241207,498,2025-11-16 08:20:51
16801,5,5,1,4,2,19,20241207,352,2025-11-16 08:20:51
16802,5,5,15,4,3,20,20241207,241,2025-11-16 08:20:51
16803,6,44,15,4,2,21,20241207,171,2025-11-16 08:20:51
16804,6,44,2,4,2,22,20241207,165,2025-11-16 08:20:51
16805,6,44,2,4,2,23,20241207,122,2025-11-16 08:20:51
16806,6,44,2,4,2,0,20241208,103,2025-11-16 08:20:51
16807,6,44,8,4,2,1,20241208,100,2025-11-16 08:20:51
16808,6,44,8,4,2,2,20241208,70,2025-11-16 08:20:51
16809,6,44,15,4,2,3,20241208,29,2025-11-16 08:20:51
16810,6,44,1,4,2,4,20241208,12,2025-11-16 08:20:51
16811,6,44,15,4,2,5,20241208,6,2025-11-16 08:20:51
16812,6,44,15,4,2,6,20241208,20,2025-11-16 08:20:51
16813,6,12,2,4,2,7,20241208,39,2025-11-16 08:20:51
16814,5,11,2,4,2,8,20241208,111,2025-11-16 08:20:51
16815,5,11,1,4,2,9,20241208,170,2025-11-16 08:20:51
16816,10,10,8,4,2,10,20241208,287,2025-11-16 08:20:51
16817,10,10,15,4,2,11,20241208,404,2025-11-16 08:20:51
16818,10,10,7,4,2,12,20241208,486,2025-11-16 08:20:51
16819,10,10,9,4,2,13,20241208,547,2025-11-16 08:20:51
16820,10,10,4,4,2,14,20241208,542,2025-11-16 08:20:51
16821,7,8,9,4,1,15,20241208,541,2025-11-16 08:20:51
16822,7,8,9,4,1,16,20241208,507,2025-11-16 08:20:51
16823,5,10,8,4,1,17,20241208,345,2025-11-16 08:20:51
16824,10,10,15,4,1,18,20241208,304,2025-11-16 08:20:51
16825,10,10,1,4,1,19,20241208,246,2025-11-16 08:20:51
16826,6,12,1,4,2,20,20241208,182,2025-11-16 08:20:51
16827,6,12,1,4,2,21,20241208,209,2025-11-16 08:20:51
16828,5,11,15,4,2,22,20241208,160,2025-11-16 08:20:51
16829,10,11,1,4,2,23,20241208,162,2025-11-16 08:20:51
16830,10,10,8,4,2,0,20241209,118,2025-11-16 08:20:51
16831,10,10,15,4,2,1,20241209,102,2025-11-16 08:20:51
16832,10,10,15,4,2,2,20241209,78,2025-11-16 08:20:51
16833,10,10,15,4,2,3,20241209,48,2025-11-16 08:20:51
16834,10,11,15,4,2,4,20241209,12,2025-11-16 08:20:51
16835,10,10,15,4,2,5,20241209,8,2025-11-16 08:20:51
16836,10,11,15,4,3,6,20241209,6,2025-11-16 08:20:51
16837,10,10,7,4,3,7,20241209,23,2025-11-16 08:20:51
16838,10,10,9,4,3,8,20241209,69,2025-11-16 08:20:51
16839,10,10,3,4,2,9,20241209,103,2025-11-16 08:20:51
16840,10,10,4,4,2,10,20241209,219,2025-11-16 08:20:51
16841,10,10,5,4,2,11,20241209,250,2025-11-16 08:20:51
16842,10,8,5,4,2,12,20241209,315,2025-11-16 08:20:51
16843,5,10,4,4,2,13,20241209,285,2025-11-16 08:20:51
16844,5,10,6,4,2,14,20241209,232,2025-11-16 08:20:51
16845,6,44,9,4,3,15,20241209,225,2025-11-16 08:20:51
16846,6,44,9,4,3,16,20241209,253,2025-11-16 08:20:51
16847,6,44,8,4,3,17,20241209,229,2025-11-16 08:20:51
16848,6,44,2,4,3,18,20241209,198,2025-11-16 08:20:51
16849,5,11,2,4,3,19,20241209,122,2025-11-16 08:20:51
16850,6,12,2,4,3,20,20241209,108,2025-11-16 08:20:51
16851,6,12,15,4,2,21,20241209,96,2025-11-16 08:20:51
16852,6,44,15,4,3,22,20241209,78,2025-11-16 08:20:51
16853,6,12,2,4,3,23,20241209,51,2025-11-16 08:20:51
16854,6,12,2,4,3,0,20241210,20,2025-11-16 08:20:51
16855,6,12,1,4,2,1,20241210,4,2025-11-16 08:20:51
16856,5,11,15,4,2,2,20241210,5,2025-11-16 08:20:51
16857,5,11,15,4,2,3,20241210,4,2025-11-16 08:20:51
16858,5,11,15,4,2,4,20241210,12,2025-11-16 08:20:51
16859,5,11,15,4,2,5,20241210,27,2025-11-16 08:20:51
16860,5,11,9,4,2,6,20241210,123,2025-11-16 08:20:51
16861,5,11,3,4,2,7,20241210,294,2025-11-16 08:20:51
16862,7,12,3,4,2,8,20241210,584,2025-11-16 08:20:51
16863,7,12,7,4,2,9,20241210,284,2025-11-16 08:20:51
16864,9,11,7,4,2,10,20241210,133,2025-11-16 08:20:51
16865,8,11,7,4,3,11,20241210,134,2025-11-16 08:20:51
16866,9,12,7,4,3,12,20241210,173,2025-11-16 08:20:51
16867,9,12,7,4,3,13,20241210,220,2025-11-16 08:20:51
16868,30,11,7,4,2,14,20241210,210,2025-11-16 08:20:51
16869,30,10,9,4,2,15,20241210,236,2025-11-16 08:20:51
16870,30,9,15,4,2,16,20241210,345,2025-11-16 08:20:51
16871,28,8,4,4,2,17,20241210,616,2025-11-16 08:20:51
16872,8,9,4,4,2,18,20241210,564,2025-11-16 08:20:51
16873,24,6,4,4,1,19,20241210,427,2025-11-16 08:20:51
16874,8,9,3,4,1,20,20241210,300,2025-11-16 08:20:51
16875,8,11,6,4,2,21,20241210,245,2025-11-16 08:20:51
16876,30,8,7,4,2,22,20241210,126,2025-11-16 08:20:51
16877,8,9,3,4,1,23,20241210,84,2025-11-16 08:20:51
16878,8,6,18,4,3,0,20241211,31,2025-11-16 08:20:51
16879,7,13,11,4,1,1,20241211,8,2025-11-16 08:20:51
16880,10,14,10,4,2,2,20241211,1,2025-11-16 08:20:51
16881,6,5,4,4,3,3,20241211,3,2025-11-16 08:20:51
16882,11,5,4,4,2,4,20241211,8,2025-11-16 08:20:51
16883,11,13,10,4,3,5,20241211,41,2025-11-16 08:20:51
16884,11,13,5,4,2,6,20241211,118,2025-11-16 08:20:51
16885,11,14,13,4,1,7,20241211,380,2025-11-16 08:20:51
16886,11,54,5,4,2,8,20241211,724,2025-11-16 08:20:51
16887,11,54,14,4,1,9,20241211,334,2025-11-16 08:20:51
16888,6,15,10,4,1,10,20241211,154,2025-11-16 08:20:51
16889,6,46,12,4,2,11,20241211,173,2025-11-16 08:20:51
16890,6,46,11,4,2,12,20241211,226,2025-11-16 08:20:51
16891,5,21,7,4,2,13,20241211,254,2025-11-16 08:20:51
16892,5,21,7,4,2,14,20241211,204,2025-11-16 08:20:51
16893,5,21,7,4,2,15,20241211,270,2025-11-16 08:20:51
16894,5,21,7,4,2,16,20241211,358,2025-11-16 08:20:51
16895,4,46,7,4,1,17,20241211,601,2025-11-16 08:20:51
16896,4,46,7,4,1,18,20241211,546,2025-11-16 08:20:51
16897,4,46,7,4,1,19,20241211,433,2025-11-16 08:20:51
16898,4,46,7,4,1,20,20241211,257,2025-11-16 08:20:51
16899,4,46,6,4,1,21,20241211,207,2025-11-16 08:20:51
16900,12,35,7,4,1,22,20241211,106,2025-11-16 08:20:51
16901,12,36,7,4,1,23,20241211,64,2025-11-16 08:20:51
16902,12,36,9,4,1,0,20241212,34,2025-11-16 08:20:51
16903,18,54,7,4,1,1,20241212,21,2025-11-16 08:20:51
16904,18,35,9,4,1,2,20241212,9,2025-11-16 08:20:51
16905,13,55,8,4,1,3,20241212,10,2025-11-16 08:20:51
16906,13,55,1,4,1,4,20241212,4,2025-11-16 08:20:51
16907,13,55,6,4,1,5,20241212,37,2025-11-16 08:20:51
16908,13,55,3,4,2,6,20241212,128,2025-11-16 08:20:51
16909,13,55,6,4,2,7,20241212,369,2025-11-16 08:20:51
16910,13,56,9,4,2,8,20241212,688,2025-11-16 08:20:51
16911,18,54,8,4,2,9,20241212,285,2025-11-16 08:20:51
16912,12,35,9,4,2,10,20241212,136,2025-11-16 08:20:51
16913,4,37,7,4,2,11,20241212,172,2025-11-16 08:20:51
16914,11,17,1,4,2,12,20241212,232,2025-11-16 08:20:51
16915,11,17,1,4,2,13,20241212,238,2025-11-16 08:20:51
16916,11,16,1,4,2,14,20241212,225,2025-11-16 08:20:51
16917,11,16,15,4,2,15,20241212,228,2025-11-16 08:20:51
16918,11,16,8,4,2,16,20241212,329,2025-11-16 08:20:51
16919,4,46,7,4,2,17,20241212,561,2025-11-16 08:20:51
16920,4,37,7,4,2,18,20241212,540,2025-11-16 08:20:51
16921,12,35,7,4,2,19,20241212,402,2025-11-16 08:20:51
16922,12,36,4,4,1,20,20241212,268,2025-11-16 08:20:51
16923,12,36,3,4,2,21,20241212,202,2025-11-16 08:20:51
16924,12,36,7,4,2,22,20241212,122,2025-11-16 08:20:51
16925,18,35,7,4,2,23,20241212,79,2025-11-16 08:20:51
16926,18,36,7,4,2,0,20241213,32,2025-11-16 08:20:51
16927,18,36,4,4,2,1,20241213,23,2025-11-16 08:20:51
16928,13,35,3,4,2,2,20241213,8,2025-11-16 08:20:51
16929,13,35,4,4,2,3,20241213,2,2025-11-16 08:20:51
16930,13,35,6,4,2,4,20241213,8,2025-11-16 08:20:51
16931,13,35,9,4,2,5,20241213,33,2025-11-16 08:20:51
16932,13,35,3,4,1,6,20241213,114,2025-11-16 08:20:51
16933,1,55,7,4,1,7,20241213,385,2025-11-16 08:20:51
16934,1,55,6,4,1,8,20241213,679,2025-11-16 08:20:51
16935,18,36,3,4,1,9,20241213,325,2025-11-16 08:20:51
16936,4,50,4,4,1,10,20241213,167,2025-11-16 08:20:51
16937,11,17,3,4,1,11,20241213,189,2025-11-16 08:20:51
16938,6,23,3,4,1,12,20241213,282,2025-11-16 08:20:51
16939,6,47,6,4,1,13,20241213,271,2025-11-16 08:20:51
16940,6,47,9,4,1,14,20241213,242,2025-11-16 08:20:51
16941,6,47,8,4,1,15,20241213,280,2025-11-16 08:20:51
16942,11,18,15,4,1,16,20241213,406,2025-11-16 08:20:51
16943,4,17,15,4,1,17,20241213,550,2025-11-16 08:20:51
16944,4,17,15,4,1,18,20241213,466,2025-11-16 08:20:51
16945,12,50,9,4,1,19,20241213,348,2025-11-16 08:20:51
16946,12,50,1,4,1,20,20241213,241,2025-11-16 08:20:51
16947,18,38,1,4,1,21,20241213,213,2025-11-16 08:20:51
16948,13,55,2,4,1,22,20241213,148,2025-11-16 08:20:51
16949,13,55,1,4,1,23,20241213,120,2025-11-16 08:20:51
16950,2,27,2,4,1,0,20241214,47,2025-11-16 08:20:51
16951,2,28,2,4,1,1,20241214,26,2025-11-16 08:20:51
16952,2,28,1,4,1,2,20241214,9,2025-11-16 08:20:51
16953,3,28,15,4,1,3,20241214,12,2025-11-16 08:20:51
16954,3,3,2,4,1,4,20241214,10,2025-11-16 08:20:51
16955,3,28,15,4,1,5,20241214,34,2025-11-16 08:20:51
16956,14,2,15,4,1,6,20241214,113,2025-11-16 08:20:51
16957,3,7,15,4,1,7,20241214,308,2025-11-16 08:20:51
16958,3,28,2,4,1,8,20241214,636,2025-11-16 08:20:51
16959,1,3,8,4,1,9,20241214,343,2025-11-16 08:20:51
16960,13,1,6,4,1,10,20241214,190,2025-11-16 08:20:51
16961,4,56,6,4,1,11,20241214,211,2025-11-16 08:20:51
16962,6,21,6,4,1,12,20241214,273,2025-11-16 08:20:51
16963,6,21,7,4,1,13,20241214,313,2025-11-16 08:20:51
16964,10,22,6,4,1,14,20241214,299,2025-11-16 08:20:51
16965,10,20,9,4,1,15,20241214,309,2025-11-16 08:20:51
16966,5,48,6,4,1,16,20241214,417,2025-11-16 08:20:51
16967,11,15,9,4,1,17,20241214,622,2025-11-16 08:20:51
16968,6,16,8,4,1,18,20241214,455,2025-11-16 08:20:51
16969,11,46,2,4,1,19,20241214,319,2025-11-16 08:20:51
16970,4,54,8,4,1,20,20241214,221,2025-11-16 08:20:51
16971,12,3,9,4,1,21,20241214,172,2025-11-16 08:20:51
16972,18,3,15,4,1,22,20241214,138,2025-11-16 08:20:51
16973,18,3,2,4,1,23,20241214,134,2025-11-16 08:20:51
16974,12,57,1,4,1,0,20241215,94,2025-11-16 08:20:51
16975,13,1,2,4,2,1,20241215,95,2025-11-16 08:20:51
16976,13,1,1,4,1,2,20241215,69,2025-11-16 08:20:51
16977,1,1,1,4,2,3,20241215,23,2025-11-16 08:20:51
16978,1,10,15,4,2,4,20241215,6,2025-11-16 08:20:51
16979,13,3,1,4,2,5,20241215,3,2025-11-16 08:20:51
16980,1,3,1,4,2,6,20241215,11,2025-11-16 08:20:51
16981,1,3,2,4,2,7,20241215,48,2025-11-16 08:20:51
16982,13,3,2,4,2,8,20241215,119,2025-11-16 08:20:51
16983,13,3,15,4,1,9,20241215,220,2025-11-16 08:20:51
16984,4,54,9,4,1,10,20241215,273,2025-11-16 08:20:51
16985,11,54,2,4,1,11,20241215,393,2025-11-16 08:20:51
16986,5,21,2,4,1,12,20241215,453,2025-11-16 08:20:51
16987,5,48,3,4,1,13,20241215,456,2025-11-16 08:20:51
16988,10,21,9,4,1,14,20241215,426,2025-11-16 08:20:51
16989,7,20,1,4,1,15,20241215,447,2025-11-16 08:20:51
16990,10,21,8,4,1,16,20241215,413,2025-11-16 08:20:51
16991,10,21,7,4,1,17,20241215,309,2025-11-16 08:20:51
16992,5,53,9,4,1,18,20241215,272,2025-11-16 08:20:51
16993,6,52,8,4,1,19,20241215,257,2025-11-16 08:20:51
16994,6,15,6,4,2,20,20241215,201,2025-11-16 08:20:51
16995,6,52,8,4,1,21,20241215,184,2025-11-16 08:20:51
16996,6,52,6,4,1,22,20241215,156,2025-11-16 08:20:51
16997,6,52,8,4,2,23,20241215,119,2025-11-16 08:20:51
16998,6,52,1,4,2,0,20241216,110,2025-11-16 08:20:51
16999,11,5,15,4,3,1,20241216,96,2025-11-16 08:20:51
17000,11,10,2,4,2,2,20241216,87,2025-11-16 08:20:51
17001,11,10,6,4,2,3,20241216,38,2025-11-16 08:20:51
17002,11,10,1,4,2,4,20241216,11,2025-11-16 08:20:51
17003,11,10,1,4,2,5,20241216,9,2025-11-16 08:20:51
17004,11,10,1,4,2,6,20241216,6,2025-11-16 08:20:51
17005,11,10,2,4,2,7,20241216,27,2025-11-16 08:20:51
17006,6,10,8,4,2,8,20241216,88,2025-11-16 08:20:51
17007,6,10,8,4,2,9,20241216,132,2025-11-16 08:20:51
17008,6,10,8,4,2,10,20241216,257,2025-11-16 08:20:51
17009,6,10,8,4,2,11,20241216,295,2025-11-16 08:20:51
17010,5,8,6,4,2,12,20241216,417,2025-11-16 08:20:51
17011,5,5,6,4,2,13,20241216,356,2025-11-16 08:20:51
17012,5,5,8,4,2,14,20241216,310,2025-11-16 08:20:51
17013,5,8,15,4,2,15,20241216,338,2025-11-16 08:20:51
17014,5,8,15,4,2,16,20241216,400,2025-11-16 08:20:51
17015,5,8,15,4,2,17,20241216,243,2025-11-16 08:20:51
17016,5,8,15,4,3,18,20241216,107,2025-11-16 08:20:51
17017,6,44,8,4,1,19,20241216,109,2025-11-16 08:20:51
17018,5,8,1,4,2,20,20241216,122,2025-11-16 08:20:51
17019,6,44,1,4,2,21,20241216,106,2025-11-16 08:20:51
17020,10,8,6,4,2,22,20241216,89,2025-11-16 08:20:51
17021,6,44,8,4,2,23,20241216,33,2025-11-16 08:20:51
17022,5,10,1,4,2,0,20241217,28,2025-11-16 08:20:51
17023,5,10,15,4,2,1,20241217,15,2025-11-16 08:20:51
17024,5,11,1,4,2,2,20241217,5,2025-11-16 08:20:51
17025,6,44,1,4,2,3,20241217,3,2025-11-16 08:20:51
17026,6,12,1,4,3,4,20241217,5,2025-11-16 08:20:51
17027,5,10,1,4,2,5,20241217,24,2025-11-16 08:20:51
17028,6,44,8,4,2,6,20241217,108,2025-11-16 08:20:51
17029,6,44,8,4,2,7,20241217,319,2025-11-16 08:20:51
17030,5,10,15,4,2,8,20241217,592,2025-11-16 08:20:51
17031,10,10,1,4,2,9,20241217,282,2025-11-16 08:20:51
17032,5,10,2,4,2,10,20241217,135,2025-11-16 08:20:51
17033,10,10,2,4,2,11,20241217,170,2025-11-16 08:20:51
17034,10,10,1,4,2,12,20241217,232,2025-11-16 08:20:51
17035,10,10,8,4,2,13,20241217,210,2025-11-16 08:20:51
17036,10,10,2,4,2,14,20241217,181,2025-11-16 08:20:51
17037,7,9,1,4,2,15,20241217,211,2025-11-16 08:20:51
17038,10,11,3,4,3,16,20241217,302,2025-11-16 08:20:51
17039,10,11,3,4,2,17,20241217,495,2025-11-16 08:20:51
17040,10,11,2,4,2,18,20241217,507,2025-11-16 08:20:51
17041,7,9,8,4,2,19,20241217,340,2025-11-16 08:20:51
17042,7,11,3,4,2,20,20241217,200,2025-11-16 08:20:51
17043,7,11,8,4,2,21,20241217,120,2025-11-16 08:20:51
17044,7,11,8,4,2,22,20241217,54,2025-11-16 08:20:51
17045,7,11,7,4,3,23,20241217,47,2025-11-16 08:20:51
17046,9,11,8,4,2,0,20241218,18,2025-11-16 08:20:51
17047,9,11,8,4,2,1,20241218,15,2025-11-16 08:20:51
17048,9,9,7,4,2,2,20241218,7,2025-11-16 08:20:51
17049,7,9,6,4,1,3,20241218,5,2025-11-16 08:20:51
17050,7,8,9,4,1,4,20241218,8,2025-11-16 08:20:51
17051,5,10,2,4,1,5,20241218,36,2025-11-16 08:20:51
17052,6,44,9,4,1,6,20241218,118,2025-11-16 08:20:51
17053,6,44,8,4,1,7,20241218,355,2025-11-16 08:20:51
17054,5,11,1,4,1,8,20241218,662,2025-11-16 08:20:51
17055,10,10,2,4,1,9,20241218,326,2025-11-16 08:20:51
17056,9,6,2,4,1,10,20241218,184,2025-11-16 08:20:51
17057,28,31,7,4,1,11,20241218,269,2025-11-16 08:20:51
17058,28,38,3,4,3,12,20241218,313,2025-11-16 08:20:51
17059,30,17,4,4,1,13,20241218,286,2025-11-16 08:20:51
17060,8,20,11,4,1,14,20241218,247,2025-11-16 08:20:51
17061,8,19,16,4,1,15,20241218,246,2025-11-16 08:20:51
17062,9,49,18,4,1,16,20241218,363,2025-11-16 08:20:51
17063,10,20,11,4,1,17,20241218,572,2025-11-16 08:20:51
17064,5,16,10,4,1,18,20241218,525,2025-11-16 08:20:51
17065,5,16,14,4,1,19,20241218,353,2025-11-16 08:20:51
17066,6,21,3,4,1,20,20241218,268,2025-11-16 08:20:51
17067,6,21,7,4,1,21,20241218,168,2025-11-16 08:20:51
17068,11,37,1,4,1,22,20241218,132,2025-11-16 08:20:51
17069,11,37,2,4,1,23,20241218,81,2025-11-16 08:20:51
17070,12,54,1,4,1,0,20241219,41,2025-11-16 08:20:51
17071,12,56,2,4,1,1,20241219,15,2025-11-16 08:20:51
17072,18,56,2,4,1,2,20241219,3,2025-11-16 08:20:51
17073,13,3,8,4,1,3,20241219,5,2025-11-16 08:20:51
17074,1,3,8,4,1,4,20241219,7,2025-11-16 08:20:51
17075,13,3,2,4,1,5,20241219,31,2025-11-16 08:20:51
17076,1,3,2,4,1,6,20241219,112,2025-11-16 08:20:51
17077,13,3,8,4,1,7,20241219,363,2025-11-16 08:20:51
17078,1,10,15,4,1,8,20241219,678,2025-11-16 08:20:51
17079,18,3,15,4,1,9,20241219,317,2025-11-16 08:20:51
17080,4,57,15,4,1,10,20241219,164,2025-11-16 08:20:51
17081,10,48,7,4,1,11,20241219,200,2025-11-16 08:20:51
17082,10,48,4,4,1,12,20241219,236,2025-11-16 08:20:51
17083,7,21,6,4,1,13,20241219,213,2025-11-16 08:20:51
17084,7,21,6,4,1,14,20241219,218,2025-11-16 08:20:51
17085,7,21,4,4,1,15,20241219,237,2025-11-16 08:20:51
17086,7,21,12,4,1,16,20241219,334,2025-11-16 08:20:51
17087,10,21,14,4,1,17,20241219,562,2025-11-16 08:20:51
17088,5,21,12,4,1,18,20241219,569,2025-11-16 08:20:51
17089,5,21,14,4,1,19,20241219,336,2025-11-16 08:20:51
17090,6,15,7,4,1,20,20241219,241,2025-11-16 08:20:51
17091,11,54,7,4,1,21,20241219,168,2025-11-16 08:20:51
17092,11,54,2,4,1,22,20241219,129,2025-11-16 08:20:51
17093,4,14,8,4,1,23,20241219,88,2025-11-16 08:20:51
17094,4,54,8,4,1,0,20241220,42,2025-11-16 08:20:51
17095,4,14,1,4,1,1,20241220,20,2025-11-16 08:20:51
17096,4,14,1,4,1,2,20241220,8,2025-11-16 08:20:51
17097,12,57,2,4,2,3,20241220,4,2025-11-16 08:20:51
17098,12,57,2,4,2,4,20241220,6,2025-11-16 08:20:51
17099,12,57,15,4,2,5,20241220,35,2025-11-16 08:20:51
17100,12,56,1,4,2,6,20241220,118,2025-11-16 08:20:51
17101,12,57,1,4,2,7,20241220,350,2025-11-16 08:20:51
17102,12,57,1,4,2,8,20241220,599,2025-11-16 08:20:51
17103,12,57,1,4,2,9,20241220,317,2025-11-16 08:20:51
17104,4,14,1,4,2,10,20241220,161,2025-11-16 08:20:51
17105,11,15,7,4,2,11,20241220,190,2025-11-16 08:20:51
17106,6,46,9,4,2,12,20241220,212,2025-11-16 08:20:51
17107,6,15,6,4,2,13,20241220,217,2025-11-16 08:20:51
17108,6,46,6,4,2,14,20241220,214,2025-11-16 08:20:51
17109,11,15,6,4,2,15,20241220,249,2025-11-16 08:20:51
17110,11,46,10,4,2,16,20241220,302,2025-11-16 08:20:51
17111,11,14,6,4,2,17,20241220,475,2025-11-16 08:20:51
17112,11,13,6,4,2,18,20241220,381,2025-11-16 08:20:51
17113,11,13,3,4,3,19,20241220,118,2025-11-16 08:20:51
17114,11,5,9,4,3,20,20241220,50,2025-11-16 08:20:51
17115,11,5,9,4,3,21,20241220,26,2025-11-16 08:20:51
17116,11,10,6,4,3,22,20241220,21,2025-11-16 08:20:51
17117,10,8,5,4,3,23,20241220,13,2025-11-16 08:20:51
17118,7,9,5,1,3,0,20241221,17,2025-11-16 08:20:51
17119,9,9,14,1,3,1,20241221,9,2025-11-16 08:20:51
17120,8,11,14,1,3,2,20241221,3,2025-11-16 08:20:51
17121,8,11,14,1,3,3,20241221,3,2025-11-16 08:20:51
17122,6,13,16,1,2,4,20241221,6,2025-11-16 08:20:51
17123,11,5,13,1,2,5,20241221,13,2025-11-16 08:20:51
17124,11,15,20,1,2,6,20241221,80,2025-11-16 08:20:51
17125,4,15,6,1,2,7,20241221,208,2025-11-16 08:20:51
17126,4,15,4,1,2,8,20241221,472,2025-11-16 08:20:51
17127,4,50,17,1,2,9,20241221,267,2025-11-16 08:20:51
17128,4,17,18,1,1,10,20241221,154,2025-11-16 08:20:51
17129,4,17,13,1,2,11,20241221,162,2025-11-16 08:20:51
17130,4,18,12,1,2,12,20241221,224,2025-11-16 08:20:51
17131,4,18,13,1,2,13,20241221,240,2025-11-16 08:20:51
17132,4,18,11,1,2,14,20241221,219,2025-11-16 08:20:51
17133,12,17,14,1,2,15,20241221,263,2025-11-16 08:20:51
17134,12,18,10,1,2,16,20241221,281,2025-11-16 08:20:51
17135,13,35,10,1,2,17,20241221,321,2025-11-16 08:20:51
17136,13,35,5,1,2,18,20241221,243,2025-11-16 08:20:51
17137,18,50,5,1,1,19,20241221,153,2025-11-16 08:20:51
17138,18,49,3,1,1,20,20241221,112,2025-11-16 08:20:51
17139,13,49,13,1,1,21,20241221,70,2025-11-16 08:20:51
17140,13,19,5,1,1,22,20241221,63,2025-11-16 08:20:51
17141,13,19,4,1,1,23,20241221,40,2025-11-16 08:20:51
17142,13,19,20,1,1,0,20241222,31,2025-11-16 08:20:51
17143,13,19,11,1,1,1,20241222,35,2025-11-16 08:20:51
17144,13,19,19,1,1,2,20241222,23,2025-11-16 08:20:51
17145,13,38,11,1,1,3,20241222,7,2025-11-16 08:20:51
17146,13,38,6,1,1,4,20241222,5,2025-11-16 08:20:51
17147,13,38,13,1,1,5,20241222,5,2025-11-16 08:20:51
17148,13,19,13,1,1,6,20241222,13,2025-11-16 08:20:51
17149,13,19,13,1,1,7,20241222,20,2025-11-16 08:20:51
17150,13,19,22,1,1,8,20241222,29,2025-11-16 08:20:51
17151,13,38,14,1,1,9,20241222,90,2025-11-16 08:20:51
17152,13,38,10,1,1,10,20241222,118,2025-11-16 08:20:51
17153,18,49,12,1,1,11,20241222,159,2025-11-16 08:20:51
17154,12,43,21,1,1,12,20241222,146,2025-11-16 08:20:51
17155,4,43,11,1,1,13,20241222,158,2025-11-16 08:20:51
17156,4,43,18,1,1,14,20241222,161,2025-11-16 08:20:51
17157,4,40,20,1,1,15,20241222,153,2025-11-16 08:20:51
17158,12,18,11,1,1,16,20241222,147,2025-11-16 08:20:51
17159,18,49,5,1,1,17,20241222,114,2025-11-16 08:20:51
17160,13,19,18,1,1,18,20241222,82,2025-11-16 08:20:51
17161,1,38,12,1,1,19,20241222,60,2025-11-16 08:20:51
17162,1,38,9,1,1,20,20241222,61,2025-11-16 08:20:51
17163,2,34,4,1,1,21,20241222,53,2025-11-16 08:20:51
17164,2,34,4,1,1,22,20241222,39,2025-11-16 08:20:51
17165,2,34,6,1,1,23,20241222,40,2025-11-16 08:20:51
17166,2,20,4,1,1,0,20241223,27,2025-11-16 08:20:51
17167,2,20,6,1,1,1,20241223,20,2025-11-16 08:20:51
17168,3,34,9,1,1,2,20241223,18,2025-11-16 08:20:51
17169,3,34,8,1,1,3,20241223,9,2025-11-16 08:20:51
17170,3,20,8,1,1,4,20241223,4,2025-11-16 08:20:51
17171,3,34,1,1,1,5,20241223,6,2025-11-16 08:20:51
17172,14,27,2,1,1,6,20241223,9,2025-11-16 08:20:51
17173,14,27,2,1,1,7,20241223,19,2025-11-16 08:20:51
17174,15,28,15,1,1,8,20241223,48,2025-11-16 08:20:51
17175,3,30,15,1,1,9,20241223,56,2025-11-16 08:20:51
17176,2,27,6,1,1,10,20241223,93,2025-11-16 08:20:51
17177,1,36,6,1,1,11,20241223,152,2025-11-16 08:20:51
17178,12,17,6,1,1,12,20241223,196,2025-11-16 08:20:51
17179,4,18,7,1,1,13,20241223,186,2025-11-16 08:20:51
17180,11,62,5,1,1,14,20241223,175,2025-11-16 08:20:51
17181,11,47,8,1,1,15,20241223,137,2025-11-16 08:20:51
17182,11,47,6,1,1,16,20241223,190,2025-11-16 08:20:51
17183,4,37,6,1,1,17,20241223,114,2025-11-16 08:20:51
17184,12,50,9,1,1,18,20241223,93,2025-11-16 08:20:51
17185,12,17,1,1,1,19,20241223,58,2025-11-16 08:20:51
17186,13,56,1,1,1,20,20241223,52,2025-11-16 08:20:51
17187,1,57,1,1,1,21,20241223,42,2025-11-16 08:20:51
17188,1,55,15,1,1,22,20241223,58,2025-11-16 08:20:51
17189,1,55,1,1,1,23,20241223,25,2025-11-16 08:20:51
17190,2,28,1,1,1,0,20241224,12,2025-11-16 08:20:51
17191,2,28,1,1,1,1,20241224,11,2025-11-16 08:20:51
17192,3,3,1,1,1,2,20241224,5,2025-11-16 08:20:51
17193,3,3,1,1,1,3,20241224,3,2025-11-16 08:20:51
17194,16,2,8,1,1,5,20241224,9,2025-11-16 08:20:51
17195,3,3,1,1,1,6,20241224,17,2025-11-16 08:20:51
17196,3,28,1,1,1,7,20241224,30,2025-11-16 08:20:51
17197,2,28,1,1,1,8,20241224,66,2025-11-16 08:20:51
17198,1,56,15,1,2,9,20241224,85,2025-11-16 08:20:51
17199,13,56,1,1,2,10,20241224,103,2025-11-16 08:20:51
17200,13,55,9,1,2,11,20241224,124,2025-11-16 08:20:51
17201,18,35,2,1,2,12,20241224,135,2025-11-16 08:20:51
17202,1,1,15,1,3,13,20241224,70,2025-11-16 08:20:51
17203,1,10,15,1,3,14,20241224,46,2025-11-16 08:20:51
17204,1,10,7,1,3,15,20241224,33,2025-11-16 08:20:51
17205,1,10,7,1,3,16,20241224,33,2025-11-16 08:20:51
17206,1,44,9,1,3,17,20241224,26,2025-11-16 08:20:51
17207,1,44,15,1,3,18,20241224,26,2025-11-16 08:20:51
17208,1,44,8,1,2,19,20241224,18,2025-11-16 08:20:51
17209,1,44,8,1,3,20,20241224,23,2025-11-16 08:20:51
17210,1,44,2,1,3,21,20241224,22,2025-11-16 08:20:51
17211,1,44,1,1,2,22,20241224,12,2025-11-16 08:20:51
17212,1,44,1,1,3,23,20241224,11,2025-11-16 08:20:51
17213,1,44,2,1,3,0,20241225,13,2025-11-16 08:20:51
17214,13,10,9,1,2,1,20241225,13,2025-11-16 08:20:51
17215,13,10,9,1,2,2,20241225,7,2025-11-16 08:20:51
17216,1,10,2,1,2,4,20241225,1,2025-11-16 08:20:51
17217,2,44,8,1,2,5,20241225,3,2025-11-16 08:20:51
17218,2,44,8,1,2,6,20241225,7,2025-11-16 08:20:51
17219,2,44,9,1,2,7,20241225,6,2025-11-16 08:20:51
17220,1,10,1,1,2,8,20241225,11,2025-11-16 08:20:51
17221,1,10,1,1,2,9,20241225,28,2025-11-16 08:20:51
17222,18,1,1,1,1,10,20241225,32,2025-11-16 08:20:51
17223,12,3,2,1,1,11,20241225,86,2025-11-16 08:20:51
17224,4,5,2,1,1,12,20241225,114,2025-11-16 08:20:51
17225,10,21,10,1,1,13,20241225,121,2025-11-16 08:20:51
17226,5,16,5,1,1,14,20241225,126,2025-11-16 08:20:51
17227,6,21,3,1,1,15,20241225,107,2025-11-16 08:20:51
17228,6,21,3,1,2,16,20241225,86,2025-11-16 08:20:51
17229,4,15,3,1,2,17,20241225,50,2025-11-16 08:20:51
17230,4,14,3,1,2,18,20241225,43,2025-11-16 08:20:51
17231,4,14,7,1,2,19,20241225,36,2025-11-16 08:20:51
17232,4,14,4,1,2,20,20241225,40,2025-11-16 08:20:51
17233,12,56,6,1,2,21,20241225,34,2025-11-16 08:20:51
17234,12,57,9,1,2,22,20241225,19,2025-11-16 08:20:51
17235,18,56,3,1,2,23,20241225,30,2025-11-16 08:20:51
17236,18,56,3,1,2,0,20241226,9,2025-11-16 08:20:51
17237,13,56,5,1,2,1,20241226,7,2025-11-16 08:20:51
17238,13,56,5,1,2,2,20241226,1,2025-11-16 08:20:51
17239,1,57,12,1,2,3,20241226,2,2025-11-16 08:20:51
17240,2,28,12,1,1,4,20241226,2,2025-11-16 08:20:51
17241,2,28,4,1,2,5,20241226,11,2025-11-16 08:20:51
17242,2,28,7,1,2,6,20241226,36,2025-11-16 08:20:51
17243,3,4,10,1,3,7,20241226,26,2025-11-16 08:20:51
17244,3,4,10,1,3,8,20241226,31,2025-11-16 08:20:51
17245,3,4,10,1,3,9,20241226,23,2025-11-16 08:20:51
17246,3,4,5,1,3,10,20241226,8,2025-11-16 08:20:51
17247,3,4,18,1,3,11,20241226,10,2025-11-16 08:20:51
17248,2,10,10,1,3,12,20241226,10,2025-11-16 08:20:51
17249,2,10,10,1,3,13,20241226,15,2025-11-16 08:20:51
17250,2,44,3,1,3,14,20241226,20,2025-11-16 08:20:51
17251,13,10,12,1,3,15,20241226,13,2025-11-16 08:20:51
17252,13,10,12,1,3,16,20241226,13,2025-11-16 08:20:51
17253,13,44,12,1,3,17,20241226,53,2025-11-16 08:20:51
17254,18,44,5,1,3,18,20241226,43,2025-11-16 08:20:51
17255,12,10,6,1,3,19,20241226,35,2025-11-16 08:20:51
17256,4,44,3,1,3,20,20241226,32,2025-11-16 08:20:51
17257,12,10,5,1,2,21,20241226,20,2025-11-16 08:20:51
17258,1,44,11,1,3,22,20241226,11,2025-11-16 08:20:51
17259,13,10,5,1,3,23,20241226,10,2025-11-16 08:20:51
17260,13,10,5,1,3,0,20241227,3,2025-11-16 08:20:51
17261,1,44,11,1,3,1,20241227,5,2025-11-16 08:20:51
17262,1,10,11,1,2,2,20241227,2,2025-11-16 08:20:51
17263,1,10,7,1,2,3,20241227,1,2025-11-16 08:20:51
17264,1,10,10,1,2,4,20241227,3,2025-11-16 08:20:51
17265,1,3,9,1,1,5,20241227,11,2025-11-16 08:20:51
17266,1,57,16,1,1,6,20241227,45,2025-11-16 08:20:51
17267,1,57,7,1,1,7,20241227,90,2025-11-16 08:20:51
17268,13,56,12,1,1,8,20241227,208,2025-11-16 08:20:51
17269,13,55,16,1,1,9,20241227,133,2025-11-16 08:20:51
17270,18,35,19,1,1,10,20241227,75,2025-11-16 08:20:51
17271,18,35,11,1,2,11,20241227,103,2025-11-16 08:20:51
17272,12,37,18,1,1,12,20241227,109,2025-11-16 08:20:51
17273,12,37,18,1,1,13,20241227,118,2025-11-16 08:20:51
17274,13,35,19,1,2,14,20241227,119,2025-11-16 08:20:51
17275,13,35,11,1,2,15,20241227,120,2025-11-16 08:20:51
17276,13,36,4,1,2,16,20241227,174,2025-11-16 08:20:51
17277,13,36,4,1,2,17,20241227,257,2025-11-16 08:20:51
17278,1,55,3,1,2,18,20241227,197,2025-11-16 08:20:51
17279,1,55,4,1,1,19,20241227,117,2025-11-16 08:20:51
17280,1,55,9,1,1,20,20241227,91,2025-11-16 08:20:51
17281,1,55,3,1,2,21,20241227,63,2025-11-16 08:20:51
17282,1,55,4,1,2,22,20241227,44,2025-11-16 08:20:51
17283,1,55,3,1,2,23,20241227,26,2025-11-16 08:20:51
17284,1,55,9,1,2,0,20241228,25,2025-11-16 08:20:51
17285,1,55,6,1,1,1,20241228,9,2025-11-16 08:20:51
17286,1,55,3,1,1,2,20241228,5,2025-11-16 08:20:51
17287,1,55,9,1,2,3,20241228,2,2025-11-16 08:20:51
17288,1,55,15,1,2,4,20241228,4,2025-11-16 08:20:51
17289,1,55,2,1,2,5,20241228,15,2025-11-16 08:20:51
17290,2,27,4,1,1,6,20241228,51,2025-11-16 08:20:51
17291,2,27,9,1,1,7,20241228,112,2025-11-16 08:20:51
17292,1,55,8,1,2,8,20241228,239,2025-11-16 08:20:51
17293,1,55,4,1,2,9,20241228,191,2025-11-16 08:20:51
17294,13,35,3,1,2,10,20241228,162,2025-11-16 08:20:51
17295,18,36,7,1,2,11,20241228,178,2025-11-16 08:20:51
17296,12,37,8,1,2,12,20241228,222,2025-11-16 08:20:51
17297,12,37,8,1,2,13,20241228,222,2025-11-16 08:20:51
17298,12,37,8,1,2,14,20241228,261,2025-11-16 08:20:51
17299,12,37,1,1,2,15,20241228,225,2025-11-16 08:20:51
17300,12,37,8,1,1,16,20241228,250,2025-11-16 08:20:51
17301,1,55,8,1,1,17,20241228,271,2025-11-16 08:20:51
17302,1,55,8,1,1,18,20241228,213,2025-11-16 08:20:51
17303,1,56,6,1,2,19,20241228,128,2025-11-16 08:20:51
17304,1,56,15,1,2,20,20241228,97,2025-11-16 08:20:51
17305,1,57,8,1,2,21,20241228,92,2025-11-16 08:20:51
17306,1,57,2,1,2,22,20241228,62,2025-11-16 08:20:51
17307,1,56,2,1,2,23,20241228,59,2025-11-16 08:20:51
17308,1,57,1,1,2,0,20241229,26,2025-11-16 08:20:51
17309,1,3,2,1,2,1,20241229,37,2025-11-16 08:20:51
17310,1,57,1,1,2,2,20241229,19,2025-11-16 08:20:51
17311,1,3,1,1,2,3,20241229,6,2025-11-16 08:20:51
17312,1,3,2,1,2,4,20241229,3,2025-11-16 08:20:51
17313,1,3,2,1,2,5,20241229,3,2025-11-16 08:20:51
17314,13,57,15,1,2,6,20241229,7,2025-11-16 08:20:51
17315,13,57,8,1,2,7,20241229,18,2025-11-16 08:20:51
17316,13,1,1,1,2,8,20241229,44,2025-11-16 08:20:51
17317,13,1,1,1,2,9,20241229,49,2025-11-16 08:20:51
17318,13,1,8,1,3,10,20241229,41,2025-11-16 08:20:51
17319,3,44,2,1,3,11,20241229,45,2025-11-16 08:20:51
17320,3,12,1,1,3,12,20241229,48,2025-11-16 08:20:51
17321,3,12,1,1,3,13,20241229,84,2025-11-16 08:20:51
17322,1,10,2,1,2,14,20241229,98,2025-11-16 08:20:51
17323,1,10,1,1,2,15,20241229,129,2025-11-16 08:20:51
17324,12,3,15,1,1,16,20241229,147,2025-11-16 08:20:51
17325,13,87,15,1,1,17,20241229,118,2025-11-16 08:20:51
17326,12,57,6,1,1,18,20241229,110,2025-11-16 08:20:51
17327,12,54,3,1,2,19,20241229,97,2025-11-16 08:20:51
17328,12,35,17,1,2,20,20241229,66,2025-11-16 08:20:51
17329,18,35,16,1,2,21,20241229,60,2025-11-16 08:20:51
17330,13,55,18,1,2,22,20241229,54,2025-11-16 08:20:51
17331,13,55,1,1,2,23,20241229,32,2025-11-16 08:20:51
17332,13,55,9,1,2,0,20241230,41,2025-11-16 08:20:51
17333,13,35,13,1,2,1,20241230,28,2025-11-16 08:20:51
17334,13,35,4,1,2,2,20241230,19,2025-11-16 08:20:51
17335,13,35,13,1,2,3,20241230,15,2025-11-16 08:20:51
17336,13,35,7,1,2,4,20241230,7,2025-11-16 08:20:51
17337,13,38,5,1,2,5,20241230,2,2025-11-16 08:20:51
17338,1,36,13,1,2,6,20241230,8,2025-11-16 08:20:51
17339,1,35,12,1,1,7,20241230,13,2025-11-16 08:20:51
17340,1,36,18,1,1,8,20241230,33,2025-11-16 08:20:51
17341,1,36,14,1,1,9,20241230,74,2025-11-16 08:20:51
17342,13,49,20,1,1,10,20241230,122,2025-11-16 08:20:51
17343,13,49,13,1,1,11,20241230,136,2025-11-16 08:20:51
17344,18,43,20,1,1,12,20241230,144,2025-11-16 08:20:51
17345,12,43,21,1,1,13,20241230,169,2025-11-16 08:20:51
17346,12,43,18,1,1,14,20241230,160,2025-11-16 08:20:51
17347,18,42,10,1,1,15,20241230,138,2025-11-16 08:20:51
17348,18,42,13,1,1,16,20241230,133,2025-11-16 08:20:51
17349,13,49,10,1,1,17,20241230,123,2025-11-16 08:20:51
17350,1,19,5,1,2,18,20241230,125,2025-11-16 08:20:51
17351,11,54,1,1,1,19,20241230,102,2025-11-16 08:20:51
17352,2,20,10,1,1,20,20241230,72,2025-11-16 08:20:51
17353,3,34,9,1,1,21,20241230,47,2025-11-16 08:20:51
17354,3,29,6,1,1,22,20241230,36,2025-11-16 08:20:51
17355,3,34,7,1,1,23,20241230,49,2025-11-16 08:20:51
17356,16,29,6,1,1,0,20241231,34,2025-11-16 08:20:51
17357,16,29,6,1,1,1,20241231,19,2025-11-16 08:20:51
17358,14,30,9,1,1,2,20241231,11,2025-11-16 08:20:51
17359,14,30,15,1,1,3,20241231,1,2025-11-16 08:20:51
17360,15,28,15,1,1,4,20241231,3,2025-11-16 08:20:51
17361,14,27,6,1,1,5,20241231,9,2025-11-16 08:20:51
17362,14,27,9,1,1,6,20241231,40,2025-11-16 08:20:51
17363,14,27,8,1,1,7,20241231,85,2025-11-16 08:20:51
17364,15,28,8,1,1,8,20241231,196,2025-11-16 08:20:51
17365,16,27,15,1,2,9,20241231,157,2025-11-16 08:20:51
17366,3,28,8,1,2,10,20241231,120,2025-11-16 08:20:51
17367,2,55,6,1,2,11,20241231,157,2025-11-16 08:20:51
17368,1,35,6,1,2,12,20241231,224,2025-11-16 08:20:51
17369,13,19,9,1,2,13,20241231,203,2025-11-16 08:20:51
17370,18,50,7,1,2,14,20241231,247,2025-11-16 08:20:51
17371,18,50,8,1,2,15,20241231,315,2025-11-16 08:20:51
17372,13,38,6,1,2,16,20241231,214,2025-11-16 08:20:51
17373,13,38,2,1,2,17,20241231,164,2025-11-16 08:20:51
17374,13,38,8,1,2,18,20241231,122,2025-11-16 08:20:51
17375,13,55,9,1,2,19,20241231,119,2025-11-16 08:20:51
17376,13,55,9,1,2,20,20241231,89,2025-11-16 08:20:51
17377,13,55,9,1,1,21,20241231,90,2025-11-16 08:20:51
17378,13,35,8,1,1,22,20241231,61,2025-11-16 08:20:51
17379,13,56,8,1,1,23,20241231,49,2025-11-16 08:20:51
